190
0 38 13 73 10 76 6 80 65 17 2 77 72 7 26 51 21 19 85 12 29 30 15 51 69 88 88 95 97 87 14 10 8 64 62 23 58 2 1 61 82 9 89 14 48 73 31 72 4 71 22 50 58 4 69 25 44 77 27 53 81 42 83 16 65 69 26 99 88 8 27 26 23 10 68 24 28 38 58 84 39 9 33 35 11 24 16 88 26 72 93 75 63 47 33 89 24 56 66 78 4 1 78 7 53 86 71 3 77 92 22 76 8 78 73 76 77 44 21 31 37 8 46 69 58 83 97 14 11 24 82 8 25 75 93 21 33 13 66 95 61 25 83 98 3 93 99 11 55 97 83 87 71 67 72 49 55 16 6 18 43 21 49 23 14 98 54 85 11 97 56 62 57 90 22 97 84 26 15 14 85 44 7 78 57 60 16 25 10 67 
38 0 72 54 70 37 22 41 78 92 50 48 78 41 79 46 88 17 29 46 68 67 79 47 1 30 64 76 36 54 94 34 3 85 84 49 55 33 29 56 83 32 29 95 75 9 33 9 85 78 51 80 42 65 84 25 21 45 16 31 92 15 20 27 87 8 54 48 61 35 33 20 68 25 84 95 39 48 6 80 64 88 33 43 75 67 89 99 31 18 69 65 61 79 18 40 36 82 29 23 39 42 75 78 71 26 49 51 63 45 55 1 87 17 20 10 93 52 11 69 24 15 64 22 47 4 57 89 81 47 55 80 72 15 78 16 26 54 85 59 86 30 45 38 23 92 55 77 13 60 27 77 72 88 40 44 77 39 92 70 99 34 44 27 57 70 74 53 90 28 44 2 83 95 97 27 85 31 65 23 99 53 4 71 13 40 84 49 62 71 
13 72 0 14 37 24 23 67 93 96 54 10 42 58 89 94 77 83 12 37 17 31 85 58 36 42 82 3 86 94 37 47 81 28 73 29 3 14 42 37 41 19 98 39 64 47 90 3 99 29 79 76 59 43 27 22 59 17 93 38 12 23 7 97 15 88 76 36 64 33 92 50 1 23 98 71 37 19 28 29 53 95 51 47 8 86 17 30 12 62 15 31 9 41 49 31 24 67 93 65 13 18 34 11 29 76 6 82 6 43 87 53 58 57 79 88 82 11 73 49 20 13 26 78 17 5 89 28 51 69 4 59 13 3 77 97 97 62 16 75 13 19 31 60 6 17 96 97 61 44 32 45 25 63 80 22 20 78 34 5 40 68 35 35 43 79 83 39 49 82 6 92 9 41 70 6 8 79 38 79 34 28 52 78 31 44 47 10 68 4 
73 54 14 0 68 55 98 64 81 29 38 65 38 94 19 79 71 93 53 11 33 47 64 94 19 37 30 40 29 55 30 56 91 28 61 13 18 72 92 8 84 57 52 33 77 63 52 97 31 23 6 92 96 23 77 23 19 94 30 19 53 32 50 99 84 94 46 52 87 16 72 49 29 84 28 44 20 80 71 89 87 12 66 94 16 52 99 87 46 64 43 23 83 41 45 17 18 89 1 98 83 72 15 37 27 33 2 49 89 23 35 95 22 69 68 49 19 98 12 12 53 77 69 46 65 90 41 8 8 34 59 8 35 5 6 62 51 77 46 97 22 93 72 93 26 98 2 14 39 86 28 39 85 34 2 32 39 29 76 32 52 67 68 33 75 33 98 6 1 38 73 44 25 17 97 97 42 25 22 28 47 36 63 69 63 33 46 89 43 58 
10 70 37 68 0 26 33 34 7 66 52 32 8 14 4 29 16 30 67 62 84 97 59 83 35 31 58 97 50 47 84 42 21 41 51 5 10 1 91 22 75 22 34 39 38 44 34 96 42 72 70 71 24 87 40 32 38 39 57 88 29 37 67 11 85 1 17 31 4 79 60 54 70 50 75 47 28 34 73 69 40 33 98 8 34 63 15 78 44 62 86 37 13 54 27 83 13 26 2 42 56 56 65 16 93 41 61 71 50 51 33 91 21 53 39 66 81 58 53 90 20 95 65 43 48 22 98 2 90 39 13 19 78 78 89 91 84 40 99 16 38 97 37 99 2 33 31 8 51 51 33 44 42 70 2 98 52 31 83 50 82 83 96 72 22 19 47 45 92 10 5 78 64 24 96 60 65 83 32 2 85 79 69 55 26 84 28 57 93 9 
76 37 24 55 26 0 56 77 47 50 12 9 62 75 24 89 90 83 83 6 43 47 22 52 74 43 14 19 24 46 96 53 34 55 15 58 62 41 73 66 23 3 87 2 73 52 72 88 78 63 49 1 43 40 4 58 44 54 44 75 99 98 76 60 67 75 92 6 27 68 32 12 4 55 2 14 60 57 82 9 39 5 71 77 74 6 80 85 60 32 91 8 67 33 47 76 83 45 65 38 48 74 91 85 16 66 53 70 67 90 29 20 18 6 80 11 30 18 82 47 8 18 87 62 65 8 30 56 29 44 99 56 6 51 93 64 53 35 99 84 78 38 90 55 5 44 12 30 77 90 33 51 52 43 24 90 44 89 96 29 65 87 59 89 52 23 11 32 10 7 31 68 19 13 74 75 92 66 86 54 43 7 10 37 88 60 9 54 88 19 
6 22 23 98 33 56 0 22 68 15 21 86 10 43 67 21 17 59 78 43 36 76 29 86 35 45 93 83 9 31 65 78 19 39 12 57 53 84 77 69 26 70 32 60 63 30 67 33 72 61 94 73 28 98 94 69 39 61 98 10 68 79 64 21 36 56 29 46 93 57 52 5 80 76 32 77 53 39 84 81 75 71 27 58 31 65 39 19 96 42 96 58 49 43 53 23 65 71 62 61 97 28 1 27 51 21 27 66 78 19 61 83 60 63 39 24 69 70 62 88 67 20 37 18 22 78 27 33 9 9 21 69 83 55 86 94 75 90 24 95 91 14 12 43 11 89 25 48 69 44 92 14 7 3 68 94 5 29 36 83 78 47 79 7 92 81 21 24 64 72 7 22 65 51 91 10 93 68 86 34 72 9 52 34 62 8 60 42 28 52 
80 41 67 64 34 77 22 0 41 72 46 95 10 89 47 59 22 55 1 20 20 86 28 98 22 95 19 68 36 96 30 23 57 11 43 73 32 13 83 8 88 9 62 24 35 95 4 56 69 16 25 95 63 27 99 48 88 36 17 88 91 79 88 58 25 56 50 53 25 16 68 74 47 21 67 95 13 26 1 98 99 78 12 91 25 55 48 78 41 60 96 80 90 32 57 34 39 93 21 15 10 68 82 80 4 48 71 43 6 21 58 60 55 78 25 59 80 37 81 59 52 64 74 84 89 83 56 79 71 28 24 54 70 69 24 47 40 67 78 27 25 18 88 2 46 59 22 18 57 34 44 76 99 3 97 91 84 27 27 53 56 8 63 32 80 93 77 47 88 71 70 56 93 99 88 86 75 16 15 57 88 2 85 76 77 91 19 63 46 66 
65 78 93 81 7 47 68 41 0 53 29 88 39 21 98 52 60 95 65 15 98 53 45 17 65 31 83 11 46 89 79 60 98 43 65 6 91 77 56 43 21 89 69 19 93 50 84 16 18 62 8 65 56 3 91 5 17 78 69 31 53 85 37 99 60 32 36 33 51 52 6 34 1 10 32 36 89 61 39 12 45 44 8 63 57 97 94 53 25 44 52 11 95 50 19 11 62 40 7 8 80 13 1 4 52 16 68 82 60 67 16 62 65 20 45 88 62 22 1 64 95 85 2 85 61 77 23 15 25 47 33 81 71 55 25 78 90 36 58 32 40 15 94 49 14 20 16 98 42 36 26 52 35 23 34 62 79 8 33 4 68 96 58 97 47 90 22 93 85 59 65 41 79 79 63 63 48 28 72 43 15 94 52 19 79 11 36 50 94 80 
17 92 96 29 66 50 15 72 53 0 90 5 6 87 30 54 81 73 30 39 79 55 43 65 69 45 85 74 51 81 51 36 73 16 40 3 36 98 80 16 16 95 67 35 84 94 19 75 19 26 18 50 38 21 41 53 24 19 80 52 33 38 31 41 51 74 69 81 16 64 65 92 21 55 24 7 25 1 49 81 29 89 2 74 22 1 77 33 41 82 84 31 88 54 34 83 23 4 35 50 89 71 38 34 13 38 80 66 7 80 93 4 33 86 45 30 47 68 67 29 58 85 44 95 94 21 53 32 26 64 53 60 18 23 55 14 31 24 51 22 72 4 24 13 78 8 53 31 27 9 97 85 82 74 40 57 61 26 66 96 28 19 87 2 35 3 18 86 12 94 54 60 83 12 84 4 84 1 94 86 52 92 33 87 85 82 6 12 70 10 
2 50 54 38 52 12 21 46 29 90 0 47 75 94 33 39 43 64 24 41 64 64 32 19 41 6 93 80 83 75 41 26 69 50 83 87 47 14 22 81 82 95 50 52 15 31 11 86 5 8 55 60 85 99 42 36 57 14 12 53 67 22 82 95 35 62 92 86 61 93 99 92 75 9 76 82 28 26 87 37 15 4 93 85 73 44 9 56 18 61 33 99 84 28 96 53 51 81 92 80 27 38 25 57 41 53 39 20 45 21 64 22 66 69 93 19 69 17 79 60 57 45 36 40 62 33 68 54 63 76 9 35 34 93 26 68 2 99 9 90 28 30 90 78 11 62 17 80 75 77 98 1 31 4 82 65 39 68 31 22 27 96 11 70 34 37 10 1 56 70 11 4 40 78 38 17 26 47 8 44 1 57 15 56 56 53 79 98 54 61 
77 48 10 65 32 9 86 95 88 5 47 0 1 15 61 67 96 40 72 8 17 67 62 70 51 59 80 15 78 13 12 80 96 35 7 70 86 45 71 73 13 47 83 8 30 61 83 74 47 87 85 98 48 89 74 77 88 46 37 88 40 38 7 44 59 2 84 30 49 56 46 9 35 30 1 80 20 5 72 2 9 27 41 90 33 71 97 8 39 82 30 4 75 51 92 17 50 43 71 9 32 26 35 55 98 97 71 6 64 95 25 47 21 23 1 70 23 28 26 65 46 39 58 53 53 33 70 80 6 34 65 54 54 54 13 81 97 34 52 56 81 55 13 86 11 82 79 72 85 30 13 64 8 71 83 64 65 45 70 76 89 35 15 60 89 34 25 4 42 31 23 54 97 92 92 83 98 37 7 39 99 32 63 48 63 35 72 43 21 91 
72 78 42 38 8 62 10 10 39 6 75 1 0 51 23 3 64 1 93 6 73 53 10 95 98 12 99 41 92 77 88 62 3 23 83 94 99 48 30 96 99 81 2 76 2 53 93 65 76 79 63 77 49 37 50 15 74 22 33 72 1 47 25 81 38 17 53 69 93 91 8 61 10 35 64 67 69 14 67 92 1 35 71 17 38 18 39 83 15 38 63 1 34 50 78 32 58 59 74 77 29 77 54 59 32 95 14 39 92 88 60 47 63 87 62 40 72 3 60 26 58 33 31 53 92 42 79 58 46 86 26 74 75 7 3 31 78 79 92 97 43 19 84 90 89 57 43 5 12 25 23 7 5 80 29 54 31 22 28 6 36 73 83 49 52 95 25 77 41 86 29 41 48 24 29 85 90 38 6 24 69 21 14 57 30 29 92 55 29 64 
7 41 58 94 14 75 43 89 21 87 94 15 51 0 82 61 70 84 73 80 49 53 93 93 97 58 95 40 91 79 62 58 6 77 26 80 94 38 45 61 16 93 42 64 8 3 47 76 53 67 26 38 4 26 85 65 1 53 82 47 85 18 55 36 79 61 51 47 24 66 1 33 13 91 76 26 56 70 6 15 88 3 92 65 99 88 59 25 46 15 78 87 33 92 73 39 84 21 25 72 28 38 96 83 17 55 97 53 74 6 67 81 95 51 3 90 33 8 90 86 37 67 74 12 36 43 40 53 94 85 21 74 8 53 70 58 63 90 84 17 29 46 83 82 69 68 62 84 70 39 75 64 73 13 35 25 84 35 23 90 41 88 76 78 39 76 22 16 56 69 83 69 12 37 58 28 80 2 13 2 9 90 64 91 16 86 81 85 28 94 
26 79 89 19 4 24 67 47 98 30 33 61 23 82 0 8 15 76 13 62 21 38 63 67 34 58 75 73 6 1 3 5 65 58 36 31 5 76 81 15 3 53 55 16 97 89 1 60 63 2 92 68 82 42 84 45 98 7 88 57 50 48 73 60 94 83 81 99 93 39 11 88 66 96 89 60 74 96 92 35 51 52 83 83 52 92 25 56 69 66 38 58 98 88 45 58 42 33 28 56 64 81 92 77 57 27 63 54 93 23 39 21 59 44 20 46 76 38 85 35 88 59 2 41 86 38 59 8 25 25 84 42 95 28 33 15 26 14 79 37 25 4 57 94 32 29 77 3 61 60 73 41 16 38 8 83 39 48 61 61 49 83 9 86 69 40 64 55 14 62 41 74 75 69 25 26 34 19 79 47 79 8 78 9 39 50 15 18 46 58 
51 46 94 79 29 89 21 59 52 54 39 67 3 61 8 0 78 88 27 32 59 24 38 43 94 90 82 97 27 47 19 25 40 76 40 7 69 40 47 22 68 74 25 72 33 13 87 66 8 3 97 21 4 86 95 36 18 18 56 44 53 96 26 90 30 52 68 48 21 72 80 9 24 61 57 10 47 61 66 63 22 14 23 28 26 18 33 94 15 86 53 26 61 84 69 90 25 58 64 13 19 27 78 26 1 23 15 75 40 76 20 10 72 54 67 28 89 3 72 86 20 15 14 98 83 23 62 82 12 29 45 3 4 11 32 92 97 30 56 30 34 42 66 50 26 86 49 54 49 1 39 8 22 6 16 78 81 64 98 31 33 73 45 41 68 25 79 68 51 49 36 53 32 2 65 32 19 67 16 44 40 21 2 1 46 83 30 27 8 53 
21 88 77 71 16 90 17 22 60 81 43 96 64 70 15 78 0 4 22 84 80 63 70 68 9 73 44 96 90 77 73 59 69 59 82 64 93 53 38 48 52 24 71 1 24 23 88 60 9 3 19 4 15 80 68 35 82 65 45 43 35 79 45 61 68 43 23 42 69 42 40 81 43 68 99 14 26 39 76 6 93 23 40 74 15 48 72 2 34 71 61 20 16 98 99 54 70 21 36 39 50 82 59 13 76 54 25 96 23 34 25 31 88 1 88 36 46 64 9 42 15 63 11 30 31 38 98 40 11 68 55 78 46 74 69 24 82 65 82 82 33 94 15 31 39 97 88 1 38 67 43 62 19 1 46 83 95 72 71 97 54 1 43 41 40 25 41 93 73 32 5 30 36 36 49 31 48 1 80 8 53 10 25 52 86 92 76 15 82 62 
19 17 83 93 30 83 59 55 95 73 64 40 1 84 76 88 4 0 41 13 28 45 1 55 65 17 91 18 60 91 96 38 73 84 82 40 44 71 91 24 31 74 64 91 49 45 95 17 60 91 45 86 49 18 52 49 7 77 67 87 36 45 79 99 1 39 19 82 37 49 4 52 49 4 89 58 17 88 64 87 22 34 95 32 69 39 72 70 54 13 97 47 41 18 94 79 62 36 59 32 31 49 31 97 97 21 7 75 36 37 74 39 72 57 72 68 50 62 83 99 84 86 88 48 1 66 22 22 40 77 61 3 41 78 44 84 60 67 79 86 51 23 38 14 16 85 47 39 90 55 28 30 49 16 74 30 52 50 89 65 14 53 95 60 35 4 65 81 93 58 1 10 91 39 18 14 43 53 10 39 26 58 82 52 70 54 90 70 30 91 
85 29 12 53 67 83 78 1 65 30 24 72 93 73 13 27 22 41 0 63 77 21 56 89 96 2 63 55 11 32 70 96 48 49 11 41 26 73 88 23 50 56 89 4 29 25 21 66 88 10 12 22 59 88 95 65 79 88 72 87 83 1 43 35 67 58 93 7 71 3 13 91 5 1 35 77 9 24 62 28 16 12 86 54 91 48 61 89 30 84 51 70 39 84 75 96 48 6 60 12 36 52 85 74 13 36 17 10 85 59 49 22 48 72 57 52 68 4 93 51 54 88 80 93 40 81 83 83 3 31 86 48 66 42 57 42 80 45 95 80 87 34 55 16 28 38 6 65 35 43 88 45 91 43 45 53 89 58 81 3 65 74 96 50 32 32 42 40 15 3 48 36 51 33 33 42 43 96 17 84 29 32 92 12 39 88 17 57 10 65 
12 46 37 11 62 6 43 20 15 39 41 8 6 80 62 32 84 13 63 0 84 27 3 39 86 31 87 54 32 31 37 16 22 93 48 74 45 5 67 44 19 60 91 30 78 10 24 91 9 92 15 88 48 73 38 42 90 31 40 6 34 75 20 94 38 90 16 13 98 65 1 70 51 48 19 69 68 67 75 70 56 66 82 51 49 5 51 57 79 39 11 95 25 40 59 56 1 39 94 86 96 71 74 56 16 97 50 56 7 33 30 94 79 20 29 79 42 93 25 90 11 70 16 47 30 45 20 84 75 80 45 99 13 87 78 50 32 54 88 93 79 3 70 97 23 43 3 21 57 40 38 27 22 4 63 29 10 55 2 29 7 45 68 33 30 70 13 91 16 75 93 17 24 16 12 5 72 95 25 81 38 64 61 82 50 79 12 1 48 24 
29 68 17 33 84 43 36 20 98 79 64 17 73 49 21 59 80 28 77 84 0 82 91 13 57 82 29 36 81 9 17 7 22 35 48 46 43 26 36 76 27 54 88 75 67 78 61 53 50 37 61 96 48 70 35 62 33 48 19 92 92 74 82 13 42 58 71 3 35 81 67 88 72 15 27 40 91 59 46 83 85 53 14 10 26 48 65 89 40 86 22 46 45 89 84 69 68 71 36 35 25 62 88 74 21 77 73 59 56 16 83 42 64 28 97 83 90 72 74 97 61 90 80 89 23 35 56 8 38 99 1 76 74 64 58 65 40 15 23 27 16 82 77 93 27 50 89 33 26 99 53 61 78 6 47 65 11 98 2 57 73 92 57 22 87 38 73 75 93 15 15 50 89 46 87 31 84 78 72 59 63 43 19 59 76 13 29 46 50 95 
30 67 31 47 97 47 76 86 53 55 64 67 53 53 38 24 63 45 21 27 82 0 23 77 57 90 39 87 12 20 89 51 75 92 91 41 60 3 9 76 72 30 96 11 73 64 14 36 62 28 6 49 37 83 68 7 39 19 72 54 16 53 47 98 75 54 4 25 44 26 27 2 7 19 35 32 97 81 99 44 52 37 83 9 3 20 63 95 76 26 36 80 63 77 77 75 71 48 79 32 34 44 10 57 87 47 38 37 11 51 78 20 46 35 36 8 72 2 4 47 62 7 4 9 37 85 49 82 15 16 49 44 44 58 86 68 47 51 3 1 82 59 19 46 66 28 97 84 59 21 97 44 85 12 99 91 47 38 89 41 7 45 31 59 34 66 22 90 58 1 78 68 16 71 4 48 43 2 82 48 17 69 22 62 30 45 97 67 35 89 
15 79 85 64 59 22 29 28 45 43 32 62 10 93 63 38 70 1 56 3 91 23 0 87 78 98 39 11 22 17 79 8 54 54 68 78 13 87 86 29 14 62 7 58 46 62 52 94 7 58 41 8 5 93 8 19 52 73 3 83 47 19 87 30 36 12 53 77 38 79 70 25 70 30 78 25 43 11 66 86 54 21 14 27 7 32 84 50 66 55 1 51 82 38 77 71 21 55 16 46 30 71 15 14 77 82 48 44 76 63 26 26 73 43 62 45 45 54 33 29 6 21 62 8 52 98 51 84 22 10 78 12 68 36 38 42 10 16 94 86 77 30 53 26 87 38 16 23 92 37 46 67 4 59 96 73 73 90 17 86 75 33 63 7 74 38 3 46 14 42 34 4 5 31 66 70 89 75 37 66 57 78 71 17 43 98 58 94 6 90 
51 47 58 94 83 52 86 98 17 65 19 70 95 93 67 43 68 55 89 39 13 77 87 0 88 30 96 70 87 42 82 52 47 59 40 84 16 76 94 94 53 57 26 80 37 5 83 95 12 43 23 85 29 57 33 59 87 69 67 23 3 74 2 34 81 8 64 70 6 43 16 36 47 82 24 21 5 24 26 47 32 26 19 12 54 46 7 21 6 68 12 45 45 27 86 57 81 54 38 47 12 65 57 84 23 57 77 75 72 37 51 32 24 29 1 40 62 33 67 59 47 80 38 54 91 89 34 35 26 79 20 84 53 76 85 64 97 80 99 42 39 40 7 9 1 88 43 19 45 44 94 6 3 63 37 95 60 84 20 24 31 18 99 40 56 24 17 10 92 31 49 50 38 52 22 1 32 94 19 40 45 50 45 24 37 82 90 70 75 86 
69 1 36 19 35 74 35 22 65 69 41 51 98 97 34 94 9 65 96 86 57 57 78 88 0 69 62 44 47 54 75 13 36 18 12 5 88 27 66 17 76 26 64 25 17 80 85 57 20 34 66 30 39 84 54 70 92 65 20 55 76 70 71 94 23 82 29 98 74 58 51 21 30 33 44 92 48 47 58 80 2 13 40 20 56 60 58 67 89 58 54 56 3 34 45 54 38 63 74 61 70 73 87 83 13 49 9 84 65 27 53 18 28 43 49 54 93 15 85 46 29 16 34 90 71 15 91 80 66 14 27 52 24 94 11 73 52 30 20 3 37 23 57 99 95 59 22 35 40 55 29 12 60 3 4 87 11 28 2 62 71 13 31 68 80 62 58 8 43 4 54 90 13 75 76 60 35 70 51 98 93 22 86 76 44 4 85 7 2 66 
88 30 42 37 31 43 45 95 31 45 6 59 12 58 58 90 73 17 2 31 82 90 98 30 69 0 97 19 54 8 71 47 26 35 56 72 64 95 12 13 50 80 68 55 70 82 42 32 83 34 74 10 89 75 96 2 20 12 73 42 24 36 59 30 15 2 50 95 40 28 58 20 33 12 52 88 86 65 77 61 9 40 85 98 19 4 47 41 32 96 43 63 24 17 89 32 98 76 84 7 19 46 65 54 86 44 51 43 14 8 1 6 14 9 39 67 60 98 67 6 26 89 7 16 75 60 20 51 23 3 76 76 51 42 9 48 84 28 10 71 19 79 70 62 84 36 36 57 54 23 14 49 22 8 7 78 29 44 85 71 98 29 74 90 7 54 14 73 55 90 51 49 39 58 35 69 66 52 25 86 48 39 85 39 32 79 79 9 37 96 
88 64 82 30 58 14 93 19 83 85 93 80 99 95 75 82 44 91 63 87 29 39 39 96 62 97 0 73 38 78 35 40 20 68 32 71 65 56 60 57 27 90 78 31 53 89 32 84 44 1 52 11 73 40 77 14 70 70 50 12 13 60 14 90 32 20 26 65 87 67 19 87 92 99 99 37 49 15 41 46 79 64 1 55 21 85 24 56 60 41 38 3 35 70 44 91 41 84 61 46 19 69 27 61 46 59 24 2 41 14 78 63 52 95 48 62 58 65 98 24 2 3 68 84 5 9 78 15 14 99 7 96 69 98 87 29 74 35 84 59 49 10 15 32 25 25 23 75 26 20 97 75 62 86 8 54 89 62 76 69 18 44 29 18 53 49 92 95 60 22 87 72 93 10 11 21 84 16 47 39 20 61 7 24 32 92 1 84 72 10 
95 76 3 40 97 19 83 68 11 74 80 15 41 40 73 97 96 18 55 54 36 87 11 70 44 19 73 0 68 66 3 66 48 87 26 20 5 53 71 5 23 63 60 41 70 71 24 77 32 59 28 73 31 19 57 45 37 60 89 57 84 57 2 49 9 55 24 94 54 71 24 43 69 62 31 73 27 36 89 95 22 61 33 91 87 19 10 30 75 31 59 40 95 26 74 74 54 76 78 61 27 7 85 68 78 34 92 52 37 34 84 41 14 65 52 74 7 57 22 60 31 46 69 58 20 83 32 71 61 76 34 18 79 97 1 83 42 68 86 63 35 25 98 73 13 51 64 65 34 60 36 20 7 24 97 61 19 97 63 10 24 41 77 98 7 80 35 81 7 33 13 71 96 52 46 18 88 87 85 7 58 58 84 73 7 88 19 31 7 88 
97 36 86 29 50 24 9 36 46 51 83 78 92 91 6 27 90 60 11 32 81 12 22 87 47 54 38 68 0 14 54 62 41 39 17 48 39 98 1 66 49 70 32 66 1 76 77 20 85 83 64 39 55 87 13 22 19 46 60 61 13 29 12 14 61 83 60 88 84 3 34 92 10 3 77 44 82 18 89 54 51 76 7 37 95 17 77 99 63 23 71 70 83 16 96 19 22 10 3 79 79 7 97 60 37 26 6 62 9 7 21 57 14 94 4 79 6 82 91 40 99 8 33 11 69 45 99 82 80 98 20 50 67 62 51 26 41 25 56 3 87 6 10 95 81 26 54 72 66 56 64 8 69 87 40 58 74 78 39 32 77 60 82 28 90 40 9 4 15 99 10 76 79 82 65 74 84 16 65 53 48 27 54 17 26 8 25 5 10 26 
87 54 94 55 47 46 31 96 89 81 75 13 77 79 1 47 77 91 32 31 9 20 17 42 54 8 78 66 14 0 37 90 81 53 70 55 26 42 19 12 81 4 2 18 51 91 19 46 45 49 21 92 17 36 30 8 29 7 30 98 97 95 3 89 91 61 70 1 87 15 69 74 16 87 90 45 68 16 51 35 53 15 71 31 29 93 73 35 60 15 81 13 87 64 86 79 3 10 76 31 33 20 68 77 31 71 9 18 75 67 49 66 17 33 18 78 59 12 67 34 8 7 5 63 1 22 21 38 51 59 82 79 7 47 13 62 50 52 28 60 15 22 88 54 14 75 35 50 71 24 54 52 13 71 11 99 5 97 12 75 38 32 44 95 38 87 1 39 26 23 45 94 47 86 14 32 47 82 67 37 53 35 32 14 48 19 26 64 87 6 
14 94 37 30 84 96 65 30 79 51 41 12 88 62 3 19 73 96 70 37 17 89 79 82 75 71 35 3 54 37 0 24 20 31 5 8 52 99 67 65 28 96 56 1 44 44 91 63 65 5 7 25 24 28 31 69 26 94 51 68 3 99 86 57 19 13 25 38 70 65 59 1 65 14 22 38 99 15 18 91 90 23 21 51 73 49 11 24 97 66 13 21 86 22 47 32 27 35 59 91 83 70 15 80 84 79 63 26 68 18 20 55 38 1 81 62 62 4 17 54 78 25 65 20 72 63 54 5 5 72 84 70 80 61 98 54 33 88 7 3 41 6 22 4 12 80 68 7 76 47 17 64 5 20 41 38 63 59 6 80 87 75 45 11 7 33 41 9 67 96 73 58 25 95 34 48 95 53 92 12 37 7 61 30 50 56 7 41 64 8 
10 34 47 56 42 53 78 23 60 36 26 80 62 58 5 25 59 38 96 16 7 51 8 52 13 47 40 66 62 90 24 0 76 27 56 32 83 96 55 78 77 7 96 91 79 58 14 84 24 21 66 91 85 55 67 84 88 38 17 8 81 69 16 16 83 21 48 21 59 10 97 56 60 89 8 26 10 11 37 40 21 83 76 29 99 41 86 84 6 11 49 61 68 60 34 22 77 84 7 22 15 42 66 79 69 39 92 54 81 95 13 90 78 61 58 52 15 68 49 55 10 23 34 99 57 81 15 32 20 43 32 74 28 62 15 54 41 91 44 12 74 73 32 52 59 16 49 4 26 65 29 69 60 60 84 78 5 70 67 74 44 88 84 74 79 63 5 73 41 98 13 19 55 36 20 32 10 71 30 33 86 95 87 85 84 12 85 97 96 83 
8 3 81 91 21 34 19 57 98 73 69 96 3 6 65 40 69 73 48 22 22 75 54 47 36 26 20 48 41 81 20 76 0 29 90 37 18 96 22 11 80 62 40 89 91 72 84 46 13 20 45 20 85 64 42 64 31 52 12 54 32 75 92 69 11 21 88 73 78 1 39 89 48 6 47 75 72 94 58 18 47 38 88 88 74 4 51 64 64 61 53 49 52 7 64 94 2 25 23 89 49 35 23 40 19 64 75 89 18 8 28 87 79 3 51 17 44 80 12 78 14 95 39 1 72 27 93 77 95 89 55 17 63 74 57 54 40 19 65 79 69 59 51 54 44 48 51 48 88 95 55 75 66 4 45 12 53 57 41 15 39 98 14 47 62 6 62 15 78 66 93 48 77 14 6 23 42 7 16 31 47 93 33 19 30 72 4 1 51 70 
64 85 28 28 41 55 39 11 43 16 50 35 23 77 58 76 59 84 49 93 35 92 54 59 18 35 68 87 39 53 31 27 29 0 41 36 52 16 50 9 68 66 35 35 86 39 3 46 59 18 34 93 9 45 6 10 42 51 74 78 63 8 33 80 67 42 78 77 49 92 14 76 2 33 28 10 37 8 55 12 90 37 81 59 77 64 24 33 66 80 76 74 63 18 87 66 6 77 60 45 93 30 57 57 68 54 18 13 53 83 94 20 61 58 34 62 89 74 80 33 61 71 19 35 74 39 72 23 16 55 28 24 27 12 61 31 62 98 74 45 81 24 65 72 18 65 13 85 39 77 38 38 84 44 88 78 14 44 91 28 47 69 5 99 32 59 90 42 64 97 83 55 88 40 72 37 40 71 17 11 26 48 12 79 64 44 94 42 24 34 
62 84 73 61 51 15 12 43 65 40 83 7 83 26 36 40 82 82 11 48 48 91 68 40 12 56 32 26 17 70 5 56 90 41 0 89 47 26 46 31 95 87 26 97 38 7 23 30 84 32 88 98 54 16 84 87 16 79 36 7 2 9 83 12 79 81 93 40 7 27 74 77 65 35 27 83 39 92 9 19 25 6 56 46 3 25 48 58 40 80 38 52 10 38 9 70 16 57 67 38 23 76 19 7 78 72 35 41 53 25 50 7 33 67 13 59 87 33 49 46 56 33 27 16 60 57 31 67 28 94 21 49 39 23 65 62 85 88 68 70 67 8 16 26 95 63 28 94 19 91 85 74 80 37 1 13 24 98 10 47 87 76 75 6 70 43 4 34 77 21 58 2 67 80 78 62 78 79 86 51 86 17 2 22 58 23 17 68 38 61 
23 49 29 13 5 58 57 73 6 3 87 70 94 80 31 7 64 40 41 74 46 41 78 84 5 72 71 20 48 55 8 32 37 36 89 0 79 81 91 1 38 77 81 82 8 61 93 24 13 51 16 64 9 3 43 18 16 51 26 64 52 55 28 45 59 80 5 12 37 22 93 10 91 22 13 46 98 29 40 3 48 71 51 19 92 93 37 83 74 57 66 5 48 39 80 76 19 50 64 71 55 43 70 42 21 17 1 40 68 36 22 87 52 91 65 4 9 60 2 10 62 25 38 96 71 52 83 84 74 6 58 19 46 63 87 79 87 67 51 22 94 73 71 77 81 37 69 37 77 45 48 45 52 21 3 47 77 37 46 15 25 85 72 31 94 96 12 51 73 69 95 80 63 49 83 36 13 82 32 71 3 71 86 26 25 53 37 2 90 52 
58 55 3 18 10 62 53 32 91 36 47 86 99 94 5 69 93 44 26 45 43 60 13 16 88 64 65 5 39 26 52 83 18 52 47 79 0 96 63 42 68 67 43 55 53 72 31 29 24 10 9 46 94 46 70 21 92 8 18 64 40 62 57 50 43 44 96 86 90 59 98 22 27 23 91 52 59 98 71 28 4 32 11 54 44 25 23 88 16 76 68 24 55 59 67 16 92 27 25 6 27 45 94 81 82 68 58 66 1 12 34 19 61 6 6 72 15 81 26 55 19 85 45 59 71 96 49 11 91 47 73 33 29 76 4 53 34 82 56 91 20 64 12 4 40 31 23 78 63 65 57 72 36 53 47 9 81 61 4 23 32 96 96 56 11 79 56 19 95 88 78 16 90 55 63 75 51 78 56 67 37 63 37 14 66 53 27 73 90 93 
2 33 14 72 1 41 84 13 77 98 14 45 48 38 76 40 53 71 73 5 26 3 87 76 27 95 56 53 98 42 99 96 96 16 26 81 96 0 92 48 99 13 54 43 17 49 21 8 85 24 77 38 16 5 16 9 49 37 67 78 19 45 39 12 30 97 74 6 94 31 45 2 39 5 33 86 71 61 4 13 68 12 14 29 4 98 71 29 75 90 16 42 14 2 52 77 84 72 56 10 81 8 28 45 6 47 79 96 70 51 65 88 61 33 88 28 45 45 44 25 19 76 80 1 55 47 95 2 20 71 71 35 63 10 5 63 49 47 49 91 81 11 71 26 20 9 65 3 73 65 94 20 74 67 32 66 65 69 46 92 94 23 98 55 62 48 25 24 27 34 84 95 41 19 15 39 64 7 72 53 15 44 80 84 41 22 61 97 23 49 
1 29 42 92 91 73 77 83 56 80 22 71 30 45 81 47 38 91 88 67 36 9 86 94 66 12 60 71 1 19 67 55 22 50 46 91 63 92 0 86 72 96 38 85 67 57 51 66 89 21 1 76 15 94 27 72 91 75 27 6 99 76 68 16 78 25 27 57 79 2 22 79 1 91 61 75 53 88 44 64 29 59 92 13 95 14 9 70 27 64 4 5 35 60 8 76 41 20 69 28 88 6 1 83 45 54 55 89 68 30 22 37 40 54 64 17 96 72 77 63 73 22 74 19 83 55 75 74 4 31 79 70 99 97 17 33 49 18 24 76 94 92 65 89 64 71 60 96 28 55 36 30 29 33 54 98 78 81 77 84 4 89 70 58 89 81 48 19 35 70 77 85 33 27 1 75 20 45 29 4 53 93 58 9 62 11 20 28 99 7 
61 56 37 8 22 66 69 8 43 16 81 73 96 61 15 22 48 24 23 44 76 76 29 94 17 13 57 5 66 12 65 78 11 9 31 1 42 48 86 0 36 54 9 22 87 31 96 69 13 52 23 21 94 33 91 96 2 38 25 83 1 7 68 82 5 13 15 59 5 85 94 50 22 41 82 18 67 54 47 33 9 33 75 32 60 50 12 12 55 9 10 73 90 96 73 48 74 77 12 70 58 95 45 4 22 65 32 44 37 87 60 16 40 69 2 15 83 78 69 32 57 38 30 48 70 6 35 28 64 63 12 59 9 54 37 75 13 27 77 3 86 71 21 48 47 1 53 98 6 17 45 30 49 51 87 18 97 58 33 79 2 22 95 1 77 22 85 92 80 53 57 67 92 89 79 96 57 10 12 85 60 14 49 33 46 20 84 34 84 47 
82 83 41 84 75 23 26 88 21 16 82 13 99 16 3 68 52 31 50 19 27 72 14 53 76 50 27 23 49 81 28 77 80 68 95 38 68 99 72 36 0 55 73 66 72 57 34 54 60 74 69 50 36 69 72 52 97 7 85 5 24 22 36 60 40 67 61 34 9 4 69 7 8 68 30 95 78 98 37 75 30 91 56 50 82 46 11 16 71 24 37 25 70 26 73 99 77 79 45 97 12 11 84 94 53 31 31 63 22 23 43 57 96 93 38 44 86 96 73 95 2 17 27 2 98 53 60 54 80 56 76 96 85 29 55 14 8 16 84 35 52 44 91 76 79 52 58 30 69 61 50 81 3 4 79 88 73 26 40 10 44 57 65 10 2 82 16 87 84 80 64 93 6 82 65 28 19 16 12 71 92 52 6 69 21 53 60 37 3 69 
9 32 19 57 22 3 70 9 89 95 95 47 81 93 53 74 24 74 56 60 54 30 62 57 26 80 90 63 70 4 96 7 62 66 87 77 67 13 96 54 55 0 27 22 45 43 43 49 54 5 17 50 21 20 34 65 85 46 35 36 89 25 61 13 82 37 39 16 86 90 84 43 90 67 97 75 40 95 1 11 33 2 88 27 36 40 31 7 66 80 55 59 45 82 17 92 62 77 84 85 3 87 35 77 86 44 23 72 22 80 98 48 60 72 64 36 30 54 35 14 70 48 91 6 55 98 33 13 28 92 99 70 18 31 34 58 14 3 74 35 52 16 8 72 77 13 22 67 10 37 60 72 46 34 92 78 34 74 98 85 39 71 86 37 95 13 43 69 26 89 95 41 82 87 58 57 82 54 3 13 6 29 22 47 90 94 23 98 51 98 
89 29 98 52 34 87 32 62 69 67 50 83 2 42 55 25 71 64 89 91 88 96 7 26 64 68 78 60 32 2 56 96 40 35 26 81 43 54 38 9 73 27 0 15 82 69 82 22 4 90 73 51 52 20 53 20 60 24 59 77 36 73 71 31 81 90 52 63 50 44 13 97 51 33 35 55 84 91 46 46 9 53 79 90 22 64 32 6 72 8 39 9 60 94 72 94 98 83 2 67 43 99 47 60 59 58 16 83 44 11 61 59 51 67 65 34 68 53 59 48 91 24 15 8 32 63 78 4 19 9 45 94 90 68 26 88 21 1 38 72 87 74 26 33 91 32 99 64 10 33 67 69 77 65 35 2 25 65 17 5 87 78 24 72 81 22 94 61 48 99 19 83 15 28 62 27 69 80 85 76 60 9 3 81 25 63 33 61 96 45 
14 95 39 33 39 2 60 24 19 35 52 8 76 64 16 72 1 91 4 30 75 11 58 80 25 55 31 41 66 18 1 91 89 35 97 82 55 43 85 22 66 22 15 0 21 86 92 90 8 19 49 77 37 63 55 31 3 4 7 66 77 11 36 67 66 76 32 56 20 85 71 45 67 56 86 96 60 63 77 81 96 13 81 19 19 9 60 47 72 98 75 65 78 79 47 2 36 83 66 7 49 64 12 87 82 59 95 28 31 18 59 44 72 47 36 7 19 45 41 82 48 41 75 73 58 59 85 4 30 58 45 26 61 9 49 26 29 46 75 54 24 19 97 81 19 95 24 92 37 16 15 66 78 31 54 61 68 85 96 85 86 64 69 69 22 27 44 38 5 34 41 45 95 32 57 57 99 85 15 28 19 77 13 25 55 49 48 44 62 8 
48 75 64 77 38 73 63 35 93 84 15 30 2 8 97 33 24 49 29 78 67 73 46 37 17 70 53 70 1 51 44 79 91 86 38 8 53 17 67 87 72 45 82 21 0 20 47 20 80 59 95 61 54 14 31 29 3 76 93 44 30 91 80 48 35 29 10 53 25 73 89 88 1 24 17 15 90 44 7 76 37 42 22 2 85 35 88 86 72 15 83 4 10 45 26 49 88 70 94 78 35 76 40 28 14 46 90 19 2 38 69 21 31 84 97 89 12 42 76 73 6 87 44 38 98 76 40 94 34 15 78 97 18 73 83 97 37 63 13 80 58 84 24 86 32 20 96 52 69 16 39 55 68 44 33 73 34 93 37 13 55 89 36 92 95 11 97 88 68 31 67 39 31 45 65 90 17 99 76 68 32 1 24 84 78 90 10 28 40 91 
73 9 47 63 44 52 30 95 50 94 31 61 53 3 89 13 23 45 25 10 78 64 62 5 80 82 89 71 76 91 44 58 72 39 7 61 72 49 57 31 57 43 69 86 20 0 18 76 63 38 61 44 42 39 17 84 85 89 19 66 10 15 56 31 8 83 4 22 74 23 13 16 91 47 37 30 72 42 41 75 73 60 58 2 21 98 18 33 2 87 82 35 47 41 22 65 89 19 18 51 17 32 20 80 96 41 31 54 66 51 85 4 29 16 74 42 42 52 44 65 75 48 84 30 77 54 2 90 71 36 4 4 7 7 88 36 61 30 77 76 42 8 42 32 34 15 89 91 68 11 77 50 20 21 55 74 71 39 36 51 53 42 93 99 13 84 59 29 71 43 25 5 91 25 86 74 29 88 98 57 15 10 20 65 73 1 93 95 38 42 
31 33 90 52 34 72 67 4 84 19 11 83 93 47 1 87 88 95 21 24 61 14 52 83 85 42 32 24 77 19 91 14 84 3 23 93 31 21 51 96 34 43 82 92 47 18 0 30 56 50 19 16 58 60 89 86 41 89 73 97 83 33 61 42 60 62 83 38 23 48 88 14 24 74 28 3 54 9 6 81 11 71 41 66 36 73 66 52 40 68 28 52 37 69 8 27 39 9 82 11 64 16 80 59 22 6 2 15 81 35 36 86 39 58 8 57 81 18 45 86 77 72 85 88 53 34 39 80 30 5 60 32 78 9 92 29 94 88 82 6 68 94 52 94 48 88 41 18 37 48 52 26 76 87 66 12 91 17 90 73 67 32 7 14 39 86 5 30 21 93 55 61 23 30 84 30 85 61 40 50 79 67 26 66 60 94 99 80 61 50 
72 9 3 97 96 88 33 56 16 75 86 74 65 76 60 66 60 17 66 91 53 36 94 95 57 32 84 77 20 46 63 84 46 46 30 24 29 8 66 69 54 49 22 90 20 76 30 0 72 55 70 43 16 37 39 43 40 52 51 11 13 57 72 75 94 99 91 1 84 26 22 69 41 2 7 15 21 34 74 67 26 48 98 2 22 62 62 20 10 20 44 13 79 79 38 75 8 7 64 98 90 83 88 92 1 16 72 31 82 88 53 48 54 49 63 12 11 54 51 71 53 64 50 18 45 29 96 89 50 43 38 23 88 86 20 5 40 24 27 11 20 43 64 90 34 86 64 57 89 26 85 54 35 60 45 22 94 90 59 60 8 71 71 50 13 4 82 3 42 43 19 36 64 60 33 94 58 28 77 89 8 6 88 43 65 78 74 46 4 70 
4 85 99 31 42 78 72 69 18 19 5 47 76 53 63 8 9 60 88 9 50 62 7 12 20 83 44 32 85 45 65 24 13 59 84 13 24 85 89 13 60 54 4 8 80 63 56 72 0 77 97 99 27 54 78 8 31 65 71 72 23 48 65 92 97 98 75 36 10 38 10 48 30 25 63 10 91 70 55 49 55 85 38 2 49 97 11 27 24 68 69 45 74 92 44 83 58 42 4 73 2 51 65 29 20 35 27 73 87 26 24 62 4 54 22 84 95 30 17 23 17 60 33 43 30 17 44 16 18 69 5 21 77 31 95 67 72 3 97 23 26 55 29 30 19 98 36 61 78 26 69 52 42 26 55 92 99 96 80 98 48 11 63 61 99 64 71 6 88 49 73 79 56 42 98 89 30 38 1 95 1 76 16 51 6 65 4 84 77 50 
71 78 29 23 72 63 61 16 62 26 8 87 79 67 2 3 3 91 10 92 37 28 58 43 34 34 1 59 83 49 5 21 20 18 32 51 10 24 21 52 74 5 90 19 59 38 50 55 77 0 79 64 20 74 91 58 48 68 66 11 1 95 8 57 12 51 16 32 62 56 13 82 62 48 72 36 37 96 98 65 24 93 1 66 97 90 75 78 89 88 49 5 57 4 74 73 72 14 76 63 43 81 32 47 71 30 18 48 38 13 62 61 33 58 33 86 23 10 44 70 98 39 5 38 74 6 34 75 18 9 16 30 53 17 36 66 21 99 39 91 13 5 63 68 54 10 26 22 35 24 21 50 99 53 98 40 3 98 50 99 21 7 70 32 4 96 32 12 22 42 2 59 86 99 23 43 9 21 71 55 52 15 77 3 63 76 28 8 42 22 
22 51 79 6 70 49 94 25 8 18 55 85 63 26 92 97 19 45 12 15 61 6 41 23 66 74 52 28 64 21 7 66 45 34 88 16 9 77 1 23 69 17 73 49 95 61 19 70 97 79 0 44 20 80 74 94 39 39 44 10 2 88 18 15 58 94 20 42 43 79 96 42 81 23 40 88 8 29 32 4 95 77 15 68 56 69 94 52 35 42 28 18 27 65 51 54 84 22 9 10 13 17 74 26 64 12 48 20 75 26 43 44 98 81 55 83 39 20 7 5 94 58 4 91 91 10 6 93 57 99 71 92 30 53 45 87 5 37 11 87 84 23 55 50 85 4 54 27 33 1 16 79 54 29 25 83 16 59 26 67 1 61 86 68 18 50 80 74 19 41 92 78 95 62 81 84 4 2 45 38 63 63 22 25 97 60 8 58 97 79 
50 80 76 92 71 1 73 95 65 50 60 98 77 38 68 21 4 86 22 88 96 49 8 85 30 10 11 73 39 92 25 91 20 93 98 64 46 38 76 21 50 50 51 77 61 44 16 43 99 64 44 0 28 32 97 46 38 59 43 29 96 21 23 40 2 1 13 28 6 55 66 26 8 6 59 99 20 68 62 30 98 90 62 50 96 52 73 12 74 43 99 79 98 83 60 67 34 7 39 11 17 33 14 86 39 16 91 2 48 96 63 69 36 2 85 76 38 57 62 27 14 79 27 31 46 72 96 81 15 88 39 57 90 16 76 32 55 59 41 35 70 31 3 14 89 17 33 17 91 60 64 30 94 74 35 29 56 72 46 50 42 41 45 96 5 58 12 55 24 46 61 7 38 72 44 8 20 44 30 62 67 65 21 36 75 2 97 78 26 49 
58 42 59 96 24 43 28 63 56 38 85 48 49 4 82 4 15 49 59 48 48 37 5 29 39 89 73 31 55 17 24 85 85 9 54 9 94 16 15 94 36 21 52 37 54 42 58 16 27 20 20 28 0 91 88 95 41 81 44 49 29 59 14 25 36 30 43 8 66 79 43 24 25 27 15 74 47 15 36 22 67 79 25 85 24 10 95 47 97 90 1 24 64 24 8 29 65 49 15 77 71 30 50 73 35 20 97 25 94 20 91 1 79 85 58 67 29 83 6 64 71 5 30 69 38 99 45 54 50 14 27 74 71 96 44 5 12 49 11 51 94 96 2 53 59 68 97 57 58 72 93 71 1 40 3 19 73 41 31 52 58 63 44 14 35 36 17 63 96 86 97 66 66 67 85 70 79 65 43 29 1 95 56 25 27 4 19 12 86 96 
4 65 43 23 87 40 98 27 3 21 99 89 37 26 42 86 80 18 88 73 70 83 93 57 84 75 40 19 87 36 28 55 64 45 16 3 46 5 94 33 69 20 20 63 14 39 60 37 54 74 80 32 91 0 11 66 91 13 8 60 52 77 23 34 19 37 47 23 33 54 44 95 31 31 16 97 33 85 41 32 35 66 35 75 16 92 9 18 76 61 72 25 90 34 65 80 48 90 34 68 53 94 54 79 68 98 58 81 54 28 99 47 54 56 70 20 73 91 90 10 16 93 36 67 9 89 96 80 70 85 55 37 85 81 9 8 25 79 9 10 94 81 91 13 67 30 67 25 38 62 86 47 91 49 31 68 20 44 2 88 81 82 32 16 89 71 4 69 49 54 35 75 24 10 10 83 9 72 42 88 47 75 70 98 98 56 60 2 9 64 
69 84 27 77 40 4 94 99 91 41 42 74 50 85 84 95 68 52 95 38 35 68 8 33 54 96 77 57 13 30 31 67 42 6 84 43 70 16 27 91 72 34 53 55 31 17 89 39 78 91 74 97 88 11 0 80 79 48 93 62 13 36 35 17 99 12 16 82 89 75 46 76 78 95 6 49 69 69 54 49 11 47 1 87 62 62 46 55 94 16 64 17 66 40 98 37 85 21 67 46 46 66 78 8 39 20 53 60 33 29 25 39 89 73 91 94 68 79 86 2 43 54 3 12 75 61 92 90 42 11 57 14 78 19 26 3 97 1 98 87 29 91 3 2 85 94 57 7 66 6 10 18 88 18 13 76 6 10 44 1 86 89 18 64 27 29 88 2 78 34 81 16 48 78 74 38 25 26 5 16 95 55 26 33 48 8 59 47 76 62 
25 25 22 23 32 58 69 48 5 53 36 77 15 65 45 36 35 49 65 42 62 7 19 59 70 2 14 45 22 8 69 84 64 10 87 18 21 9 72 96 52 65 20 31 29 84 86 43 8 58 94 46 95 66 80 0 49 68 81 5 58 55 19 98 49 27 27 25 64 33 43 31 3 80 26 11 29 15 33 7 72 96 44 36 46 93 29 28 16 10 95 32 54 71 22 67 61 38 98 58 72 92 58 96 91 21 95 6 2 27 8 62 4 30 22 89 60 92 99 59 13 17 3 1 72 32 43 59 29 93 41 32 75 35 41 26 57 74 77 2 13 54 85 61 45 40 56 90 68 65 42 96 47 19 46 87 94 11 34 57 32 4 21 35 67 96 25 75 40 73 88 7 34 52 84 23 17 16 82 70 70 66 78 64 56 97 70 52 55 10 
44 21 59 19 38 44 39 88 17 24 57 88 74 1 98 18 82 7 79 90 33 39 52 87 92 20 70 37 19 29 26 88 31 42 16 16 92 49 91 2 97 85 60 3 3 85 41 40 31 48 39 38 41 91 79 49 0 17 53 26 22 58 26 50 52 47 95 90 33 38 39 4 3 38 6 7 63 87 90 44 25 95 67 36 88 87 64 17 95 28 44 11 83 45 37 8 77 43 44 16 75 32 49 87 11 22 92 24 45 25 27 86 27 43 97 18 76 18 43 53 54 74 88 97 41 7 1 4 80 94 33 35 28 13 84 94 91 6 58 51 35 86 45 96 28 71 90 18 49 66 20 64 27 33 2 85 16 79 83 56 53 57 23 58 76 64 32 44 96 35 76 97 57 2 50 86 41 65 51 57 33 63 85 24 71 89 42 39 27 2 
77 45 17 94 39 54 61 36 78 19 14 46 22 53 7 18 65 77 88 31 48 19 73 69 65 12 70 60 46 7 94 38 52 51 79 51 8 37 75 38 7 46 24 4 76 89 89 52 65 68 39 59 81 13 48 68 17 0 1 37 37 42 89 17 69 54 22 93 24 92 50 52 70 54 1 61 13 20 28 13 88 17 70 97 90 33 95 91 79 7 43 13 33 90 72 75 91 99 79 36 2 30 92 32 42 42 4 66 63 70 7 69 7 46 50 41 52 89 14 24 42 36 19 70 15 61 88 67 23 73 28 11 56 21 71 26 95 25 88 13 70 19 45 12 47 15 51 76 65 88 30 64 67 8 1 18 46 61 11 39 53 10 13 42 24 71 58 76 24 55 91 2 51 75 9 65 70 76 97 87 14 29 62 78 98 30 64 57 86 63 
27 16 93 30 57 44 98 17 69 80 12 37 33 82 88 56 45 67 72 40 19 72 3 67 20 73 50 89 60 30 51 17 12 74 36 26 18 67 27 25 85 35 59 7 93 19 73 51 71 66 44 43 44 8 93 81 53 1 0 97 8 28 63 74 18 86 86 93 61 31 20 8 3 44 59 17 49 29 63 99 7 75 60 53 9 5 44 75 51 96 22 11 65 67 69 52 91 96 6 37 37 44 66 68 26 28 3 47 27 78 45 79 84 78 47 30 49 64 13 60 46 49 67 13 45 69 64 8 4 30 87 63 63 36 8 43 56 76 97 66 88 49 2 58 81 53 46 96 22 90 74 8 1 15 34 59 79 68 48 54 23 95 58 18 17 7 34 95 16 49 53 95 18 53 31 3 38 51 57 91 67 66 87 6 15 12 43 79 15 85 
53 31 38 19 88 75 10 88 31 52 53 88 72 47 57 44 43 87 87 6 92 54 83 23 55 42 12 57 61 98 68 8 54 78 7 64 64 78 6 83 5 36 77 66 44 66 97 11 72 11 10 29 49 60 62 5 26 37 97 0 1 4 60 72 93 49 10 8 24 23 99 7 33 88 69 83 97 12 26 89 94 96 16 94 72 80 68 70 6 42 61 86 18 39 93 2 16 50 24 41 36 75 41 36 50 29 87 31 40 16 89 40 34 81 23 65 87 77 7 11 80 29 47 24 44 62 44 65 1 75 97 1 1 32 75 41 12 72 60 76 6 20 31 95 45 26 70 32 75 30 91 5 59 79 85 85 28 65 1 3 6 19 62 73 65 43 74 89 51 67 48 95 6 41 92 34 80 6 78 67 31 16 45 33 76 45 5 16 11 14 
81 92 12 53 29 99 68 91 53 33 67 40 1 85 50 53 35 36 83 34 92 16 47 3 76 24 13 84 13 97 3 81 32 63 2 52 40 19 99 1 24 89 36 77 30 10 83 13 23 1 2 96 29 52 13 58 22 37 8 1 0 72 54 14 57 23 59 48 64 51 25 48 19 83 15 15 83 20 35 77 67 39 72 54 12 64 41 15 25 80 68 73 31 31 98 86 14 70 82 78 5 26 60 27 24 62 39 89 83 85 14 89 91 73 48 52 98 64 29 28 60 95 79 60 51 11 92 85 23 38 30 13 21 67 53 16 3 42 58 2 98 63 46 44 4 48 88 5 40 69 6 72 60 8 34 58 90 58 72 29 48 5 62 52 2 91 75 25 41 97 37 52 88 84 68 3 68 65 28 21 28 15 18 77 92 11 90 59 75 8 
42 15 23 32 37 98 79 79 85 38 22 38 47 18 48 96 79 45 1 75 74 53 19 74 70 36 60 57 29 95 99 69 75 8 9 55 62 45 76 7 22 25 73 11 91 15 33 57 48 95 88 21 59 77 36 55 58 42 28 4 72 0 40 3 68 57 44 98 33 61 25 2 26 64 15 11 59 48 39 14 76 43 43 55 41 97 57 99 70 1 17 51 49 12 79 15 32 33 83 99 73 45 27 30 96 33 59 11 28 84 46 3 54 45 78 98 32 80 17 32 51 90 8 60 51 15 90 58 44 43 95 78 29 55 69 39 61 27 98 20 94 60 20 36 90 92 21 69 41 76 79 15 48 74 15 1 65 24 89 69 46 52 43 90 35 86 85 59 67 59 89 88 47 64 69 45 33 60 23 8 26 81 78 66 89 32 53 3 26 5 
83 20 7 50 67 76 64 88 37 31 82 7 25 55 73 26 45 79 43 20 82 47 87 2 71 59 14 2 12 3 86 16 92 33 83 28 57 39 68 68 36 61 71 36 80 56 61 72 65 8 18 23 14 23 35 19 26 89 63 60 54 40 0 67 87 23 31 58 76 38 59 34 57 83 33 74 76 89 40 66 89 74 42 59 76 92 27 93 29 73 8 76 55 16 62 87 24 20 75 25 88 68 53 12 17 70 24 40 38 35 30 73 58 96 4 16 3 4 23 86 14 84 11 57 93 41 40 45 67 75 77 29 67 14 11 65 63 75 3 24 56 50 10 81 12 5 33 88 6 55 94 49 3 52 29 86 30 61 47 18 49 93 43 12 35 91 20 18 92 3 88 94 98 68 12 70 60 17 71 4 39 40 64 74 11 80 15 32 97 98 
16 27 97 99 11 60 21 58 99 41 95 44 81 36 60 90 61 99 35 94 13 98 30 34 94 30 90 49 14 89 57 16 69 80 12 45 50 12 16 82 60 13 31 67 48 31 42 75 92 57 15 40 25 34 17 98 50 17 74 72 14 3 67 0 30 21 56 72 99 31 85 97 35 95 6 11 54 94 67 58 87 21 47 33 35 94 56 41 70 14 75 27 56 69 86 72 21 6 88 61 82 91 58 73 95 29 93 22 2 63 54 12 21 36 29 81 15 48 15 90 58 78 24 79 68 79 29 65 85 44 50 77 55 24 4 79 74 85 55 79 30 49 41 81 87 38 2 9 48 90 77 85 11 31 95 15 14 83 25 33 17 79 53 25 86 9 69 50 12 11 18 12 34 90 40 78 62 67 51 77 84 72 6 33 61 42 79 84 7 38 
65 87 15 84 85 67 36 25 60 51 35 59 38 79 94 30 68 1 67 38 42 75 36 81 23 15 32 9 61 91 19 83 11 67 79 59 43 30 78 5 40 82 81 66 35 8 60 94 97 12 58 2 36 19 99 49 52 69 18 93 57 68 87 30 0 41 15 38 29 40 80 77 55 77 16 75 43 56 64 61 7 62 46 81 91 15 72 88 10 85 72 64 65 51 14 37 43 58 9 68 92 36 62 63 30 60 3 25 75 38 87 31 44 83 71 21 84 90 61 71 53 5 94 95 5 84 15 63 8 8 49 21 83 3 82 76 52 93 98 54 32 59 47 52 5 4 25 3 31 55 29 28 42 40 39 23 84 32 17 5 44 32 95 81 26 36 44 65 65 98 32 24 61 22 74 25 12 98 25 8 43 90 66 59 79 59 13 18 35 80 
69 8 88 94 1 75 56 56 32 74 62 2 17 61 83 52 43 39 58 90 58 54 12 8 82 2 20 55 83 61 13 21 21 42 81 80 44 97 25 13 67 37 90 76 29 83 62 99 98 51 94 1 30 37 12 27 47 54 86 49 23 57 23 21 41 0 9 34 56 21 13 65 36 13 17 49 35 84 72 46 21 55 20 88 27 90 98 80 87 7 69 22 45 50 97 12 43 62 18 18 44 5 20 6 51 33 42 84 13 12 28 60 89 63 74 84 16 49 89 61 67 99 28 8 86 28 9 42 28 41 83 93 21 91 27 93 83 56 21 21 19 44 43 91 11 19 51 86 2 39 9 17 42 46 79 68 57 68 5 71 57 86 18 80 80 75 2 28 87 63 22 99 16 61 30 76 88 54 79 66 65 40 67 37 15 96 43 3 61 36 
26 54 76 46 17 92 29 50 36 69 92 84 53 51 81 68 23 19 93 16 71 4 53 64 29 50 26 24 60 70 25 48 88 78 93 5 96 74 27 15 61 39 52 32 10 4 83 91 75 16 20 13 43 47 16 27 95 22 86 10 59 44 31 56 15 9 0 51 86 51 82 92 7 72 13 9 17 19 56 49 31 6 66 36 50 92 34 43 86 36 16 52 37 9 38 31 86 42 77 64 95 42 56 83 12 23 49 28 73 4 36 49 80 45 45 8 28 54 35 38 45 30 9 97 70 9 65 90 28 63 80 81 69 68 92 82 67 74 10 82 11 57 98 85 75 41 1 45 28 24 69 12 33 48 21 62 69 22 75 91 98 73 72 17 40 38 60 75 75 4 87 94 62 42 71 31 84 82 80 65 20 62 94 65 58 63 66 71 36 65 
99 48 36 52 31 6 46 53 33 81 86 30 69 47 99 48 42 82 7 13 3 25 77 70 98 95 65 94 88 1 38 21 73 77 40 12 86 6 57 59 34 16 63 56 53 22 38 1 36 32 42 28 8 23 82 25 90 93 93 8 48 98 58 72 38 34 51 0 33 33 42 91 60 92 81 48 77 40 84 65 86 69 70 26 68 16 9 93 99 66 40 32 84 26 84 23 99 76 33 62 50 94 97 95 7 24 21 88 90 4 62 49 59 32 59 25 39 73 17 8 67 20 44 97 90 74 4 11 33 2 98 76 96 96 79 36 54 43 79 39 88 24 13 5 95 1 90 43 56 95 42 76 92 18 1 46 97 54 15 17 97 83 59 93 95 47 23 8 37 55 96 25 92 75 40 17 57 54 29 39 94 95 70 3 42 33 62 59 88 96 
88 61 64 87 4 27 93 25 51 16 61 49 93 24 93 21 69 37 71 98 35 44 38 6 74 40 87 54 84 87 70 59 78 49 7 37 90 94 79 5 9 86 50 20 25 74 23 84 10 62 43 6 66 33 89 64 33 24 61 24 64 33 76 99 29 56 86 33 0 17 79 55 17 42 91 24 45 69 92 30 15 16 21 95 22 39 63 83 58 84 24 74 69 86 75 30 68 56 27 9 51 61 75 5 20 54 95 27 48 63 60 69 47 29 1 24 96 18 93 73 43 15 52 35 47 6 61 54 62 24 23 98 58 9 32 32 57 38 36 41 30 77 12 28 19 64 3 19 23 13 6 89 20 13 25 53 54 4 34 75 35 24 61 1 29 71 68 70 10 14 62 23 6 72 18 38 7 29 58 78 55 13 40 93 49 79 81 60 29 83 
8 35 33 16 79 68 57 16 52 64 93 56 91 66 39 72 42 49 3 65 81 26 79 43 58 28 67 71 3 15 65 10 1 92 27 22 59 31 2 85 4 90 44 85 73 23 48 26 38 56 79 55 79 54 75 33 38 92 31 23 51 61 38 31 40 21 51 33 17 0 18 64 8 48 85 90 19 53 30 13 28 60 1 8 82 3 73 58 76 47 9 82 37 88 72 58 53 38 72 73 68 99 59 36 59 47 83 1 2 76 88 42 99 22 20 37 55 49 72 64 18 22 25 8 75 66 16 41 6 16 10 93 8 7 51 90 17 65 43 93 15 99 43 44 41 88 87 51 27 92 11 34 67 40 37 47 54 63 40 94 38 2 97 37 97 89 49 20 75 33 84 1 20 55 92 73 29 50 36 78 3 63 73 70 8 2 14 90 33 49 
27 33 92 72 60 32 52 68 6 65 99 46 8 1 11 80 40 4 13 1 67 27 70 16 51 58 19 24 34 69 59 97 39 14 74 93 98 45 22 94 69 84 13 71 89 13 88 22 10 13 96 66 43 44 46 43 39 50 20 99 25 25 59 85 80 13 82 42 79 18 0 77 25 5 82 12 4 82 44 31 78 85 34 44 14 40 11 49 85 62 24 12 24 77 81 13 87 73 7 88 50 93 98 17 74 65 26 60 47 73 43 19 72 78 52 26 47 5 43 21 36 79 1 69 20 21 1 9 89 72 79 37 51 60 9 62 8 88 27 77 21 3 4 30 17 17 6 49 71 44 7 54 54 59 2 64 29 65 87 16 59 58 24 2 49 74 14 72 73 15 38 71 92 72 33 9 4 6 48 66 31 44 76 73 93 27 25 31 78 51 
26 20 50 49 54 12 5 74 34 92 92 9 61 33 88 9 81 52 91 70 88 2 25 36 21 20 87 43 92 74 1 56 89 76 77 10 22 2 79 50 7 43 97 45 88 16 14 69 48 82 42 26 24 95 76 31 4 52 8 7 48 2 34 97 77 65 92 91 55 64 77 0 43 94 2 24 11 12 7 77 4 20 70 62 46 32 11 84 1 34 53 15 65 87 98 69 53 27 22 49 80 55 68 77 44 33 46 61 33 25 45 96 87 49 20 90 84 25 90 49 99 10 30 10 42 89 76 47 67 77 74 77 99 41 41 9 45 1 14 51 90 98 47 19 14 34 83 37 75 94 93 37 79 70 36 64 96 31 94 1 8 69 37 40 17 39 33 88 58 61 30 51 54 74 82 6 85 29 70 85 62 34 93 41 83 74 45 58 97 10 
23 68 1 29 70 4 80 47 1 21 75 35 10 13 66 24 43 49 5 51 72 7 70 47 30 33 92 69 10 16 65 60 48 2 65 91 27 39 1 22 8 90 51 67 1 91 24 41 30 62 81 8 25 31 78 3 3 70 3 33 19 26 57 35 55 36 7 60 17 8 25 43 0 2 83 85 84 24 52 65 39 37 21 10 83 44 69 20 58 86 30 35 31 14 33 56 91 41 66 68 73 85 33 11 88 67 65 55 82 6 4 81 72 38 95 23 55 54 34 87 41 60 41 35 60 51 3 12 26 41 39 43 56 60 17 33 28 42 84 40 37 83 70 60 77 34 96 17 86 69 9 35 13 39 37 34 93 80 53 31 6 73 67 66 28 72 26 57 26 37 19 27 57 57 82 28 73 82 28 79 2 34 82 17 30 9 91 47 16 2 
10 25 23 84 50 55 76 21 10 55 9 30 35 91 96 61 68 4 1 48 15 19 30 82 33 12 99 62 3 87 14 89 6 33 35 22 23 5 91 41 68 67 33 56 24 47 74 2 25 48 23 6 27 31 95 80 38 54 44 88 83 64 83 95 77 13 72 92 42 48 5 94 2 0 96 1 19 71 88 28 67 24 23 54 33 22 43 59 36 30 86 92 5 8 68 30 53 26 1 93 37 78 37 88 85 19 41 84 29 29 52 81 8 3 93 85 44 27 75 50 30 55 33 68 42 38 25 57 38 93 69 3 73 44 54 95 82 30 29 69 75 60 50 68 21 25 23 1 7 3 19 26 16 32 63 19 62 55 89 29 63 4 83 80 31 2 62 37 29 73 24 57 12 39 65 77 39 88 3 85 41 29 82 22 38 95 64 40 89 31 
68 84 98 28 75 2 32 67 32 24 76 1 64 76 89 57 99 89 35 19 27 35 78 24 44 52 99 31 77 90 22 8 47 28 27 13 91 33 61 82 30 97 35 86 17 37 28 7 63 72 40 59 15 16 6 26 6 1 59 69 15 15 33 6 16 17 13 81 91 85 82 2 83 96 0 71 18 34 38 23 87 11 11 21 67 45 4 37 22 43 68 64 43 68 17 94 31 45 76 80 43 79 3 77 39 83 20 36 13 96 9 10 99 7 57 63 9 19 95 4 69 8 58 11 25 42 57 5 38 19 18 66 25 80 4 38 64 74 96 41 14 39 35 80 45 49 7 29 11 27 45 87 58 69 7 94 69 91 82 90 49 98 46 66 54 90 93 84 19 26 7 80 7 4 58 32 26 82 60 10 13 49 5 47 34 38 11 64 97 23 
24 95 71 44 47 14 77 95 36 7 82 80 67 26 60 10 14 58 77 69 40 32 25 21 92 88 37 73 44 45 38 26 75 10 83 46 52 86 75 18 95 75 55 96 15 30 3 15 10 36 88 99 74 97 49 11 7 61 17 83 15 11 74 11 75 49 9 48 24 90 12 24 85 1 71 0 22 25 82 7 56 71 13 59 10 66 3 44 5 6 51 54 89 42 15 51 79 93 94 73 33 53 85 6 90 27 96 12 43 16 75 27 81 52 30 80 73 99 31 29 59 33 4 33 39 28 68 30 58 55 67 56 86 52 26 10 54 86 14 78 71 14 68 79 59 74 16 63 19 85 21 66 8 54 9 33 89 51 41 37 43 4 37 59 49 98 34 69 78 28 40 22 30 76 43 50 6 70 19 99 97 22 54 33 42 97 28 28 76 97 
28 39 37 20 28 60 53 13 89 25 28 20 69 56 74 47 26 17 9 68 91 97 43 5 48 86 49 27 82 68 99 10 72 37 39 98 59 71 53 67 78 40 84 60 90 72 54 21 91 37 8 20 47 33 69 29 63 13 49 97 83 59 76 54 43 35 17 77 45 19 4 11 84 19 18 22 0 22 22 81 79 45 81 8 3 46 55 66 60 52 56 13 77 39 13 11 12 47 57 63 99 70 79 19 18 56 65 58 88 59 49 22 77 92 44 43 76 22 91 66 83 6 76 16 6 83 79 97 89 28 39 59 7 16 67 11 91 92 21 25 80 77 82 89 13 74 54 21 35 4 62 73 62 60 45 36 80 64 64 88 79 83 10 32 41 71 15 84 16 24 26 86 32 13 5 4 80 45 31 66 22 36 65 10 82 81 43 13 57 78 
38 48 19 80 34 57 39 26 61 1 26 5 14 70 96 61 39 88 24 67 59 81 11 24 47 65 15 36 18 16 15 11 94 8 92 29 98 61 88 54 98 95 91 63 44 42 9 34 70 96 29 68 15 85 69 15 87 20 29 12 20 48 89 94 56 84 19 40 69 53 82 12 24 71 34 25 22 0 76 15 70 21 93 11 8 31 48 34 4 4 55 85 89 78 87 39 65 52 89 66 55 20 3 99 54 64 40 47 41 59 10 6 16 73 77 99 16 22 88 34 13 54 49 76 44 34 34 20 91 34 85 43 78 74 11 21 75 62 86 42 15 26 61 78 90 90 18 1 72 39 80 1 53 2 24 17 20 55 99 4 72 87 44 42 15 91 11 87 29 90 27 99 96 65 39 44 68 93 19 89 37 39 77 79 87 99 50 5 92 99 
58 6 28 71 73 82 84 1 39 49 87 72 67 6 92 66 76 64 62 75 46 99 66 26 58 77 41 89 89 51 18 37 58 55 9 40 71 4 44 47 37 1 46 77 7 41 6 74 55 98 32 62 36 41 54 33 90 28 63 26 35 39 40 67 64 72 56 84 92 30 44 7 52 88 38 82 22 76 0 37 48 41 65 76 51 20 69 37 52 11 92 52 93 85 14 83 87 26 20 74 13 11 14 75 79 27 86 79 65 98 51 30 62 45 17 57 51 31 7 15 92 63 72 88 71 27 31 51 2 39 71 67 74 57 26 24 74 8 94 85 63 66 70 90 48 80 67 58 9 18 42 69 16 21 3 36 22 48 49 83 98 45 63 51 29 72 87 12 41 90 53 41 40 88 74 56 24 66 40 31 59 84 14 81 13 63 8 38 26 84 
84 80 29 89 69 9 81 98 12 81 37 2 92 15 35 63 6 87 28 70 83 44 86 47 80 61 46 95 54 35 91 40 18 12 19 3 28 13 64 33 75 11 46 81 76 75 81 67 49 65 4 30 22 32 49 7 44 13 99 89 77 14 66 58 61 46 49 65 30 13 31 77 65 28 23 7 81 15 37 0 75 76 73 50 59 71 67 91 41 94 37 84 48 18 66 76 44 94 83 61 73 51 25 15 23 29 46 37 79 29 47 16 71 38 31 76 12 21 91 86 73 45 4 31 63 77 44 71 87 17 3 55 24 2 23 11 33 98 15 34 76 67 37 37 27 59 54 40 34 27 66 30 31 38 3 24 83 24 55 65 38 47 80 76 10 9 69 87 86 53 59 49 15 8 86 6 90 36 42 48 86 64 88 4 71 41 42 86 42 19 
39 64 53 87 40 39 75 99 45 29 15 9 1 88 51 22 93 22 16 56 85 52 54 32 2 9 79 22 51 53 90 21 47 90 25 48 4 68 29 9 30 33 9 96 37 73 11 26 55 24 95 98 67 35 11 72 25 88 7 94 67 76 89 87 7 21 31 86 15 28 78 4 39 67 87 56 79 70 48 75 0 33 28 86 36 61 68 12 44 13 64 21 93 63 71 14 19 92 25 8 82 13 29 57 32 91 53 82 78 34 72 23 81 66 66 72 32 31 99 25 15 47 60 84 99 32 54 45 95 43 85 98 31 48 71 70 18 55 52 30 96 11 84 28 41 60 56 80 30 32 29 62 58 23 45 92 88 79 43 86 44 80 62 48 84 58 34 37 74 80 50 66 12 47 48 68 79 49 1 9 43 70 65 37 63 53 92 69 77 11 
9 88 95 12 33 5 71 78 44 89 4 27 35 3 52 14 23 34 12 66 53 37 21 26 13 40 64 61 76 15 23 83 38 37 6 71 32 12 59 33 91 2 53 13 42 60 71 48 85 93 77 90 79 66 47 96 95 17 75 96 39 43 74 21 62 55 6 69 16 60 85 20 37 24 11 71 45 21 41 76 33 0 92 47 38 36 92 92 65 83 35 48 62 81 28 1 88 70 69 42 30 42 63 37 59 53 94 77 41 27 75 63 12 85 42 1 62 70 7 31 55 40 99 95 47 78 38 49 27 4 48 82 88 1 71 46 4 1 55 5 46 47 73 47 94 4 98 23 47 16 40 58 72 68 53 52 18 68 20 57 35 6 33 35 82 89 73 19 14 6 6 30 33 31 66 57 73 13 35 16 9 25 82 22 13 27 78 76 72 9 
33 33 51 66 98 71 27 12 8 2 93 41 71 92 83 23 40 95 86 82 14 83 14 19 40 85 1 33 7 71 21 76 88 81 56 51 11 14 92 75 56 88 79 81 22 58 41 98 38 1 15 62 25 35 1 44 67 70 60 16 72 43 42 47 46 20 66 70 21 1 34 70 21 23 11 13 81 93 65 73 28 92 0 59 3 17 70 19 91 68 98 76 14 87 74 23 72 81 24 26 4 2 54 11 22 18 88 70 66 39 17 11 98 19 47 29 55 91 94 79 45 65 27 76 19 17 73 41 83 55 52 5 87 32 15 73 98 1 96 44 61 71 15 35 9 29 37 79 6 30 12 15 57 20 3 97 55 60 30 7 97 73 2 46 43 82 5 56 76 29 70 56 21 86 83 42 36 77 33 5 92 78 76 41 27 31 81 76 41 84 
35 43 47 94 8 77 58 91 63 74 85 90 17 65 83 28 74 32 54 51 10 9 27 12 20 98 55 91 37 31 51 29 88 59 46 19 54 29 13 32 50 27 90 19 2 2 66 2 2 66 68 50 85 75 87 36 36 97 53 94 54 55 59 33 81 88 36 26 95 8 44 62 10 54 21 59 8 11 76 50 86 47 59 0 65 8 53 66 55 82 89 54 70 92 60 59 61 83 90 9 82 25 57 31 60 77 88 97 10 82 45 56 68 86 61 37 91 25 16 41 73 89 24 9 92 22 97 71 39 21 93 32 32 63 33 68 86 79 34 70 18 85 78 75 46 7 30 49 61 20 10 97 55 63 27 74 81 44 9 66 85 83 46 22 60 70 13 18 99 8 63 46 17 95 29 35 47 76 55 94 17 73 53 37 18 71 45 44 62 95 
11 75 8 16 34 74 31 25 57 22 73 33 38 99 52 26 15 69 91 49 26 3 7 54 56 19 21 87 95 29 73 99 74 77 3 92 44 4 95 60 82 36 22 19 85 21 36 22 49 97 56 96 24 16 62 46 88 90 9 72 12 41 76 35 91 27 50 68 22 82 14 46 83 33 67 10 3 8 51 59 36 38 3 65 0 38 27 60 48 86 36 88 61 59 48 97 97 35 25 23 94 97 23 5 23 15 16 53 2 36 20 36 60 81 98 10 76 58 25 38 27 85 55 43 27 84 67 49 61 13 88 23 37 94 10 62 49 97 75 83 26 6 79 37 15 95 47 83 18 71 68 36 74 13 69 65 37 55 83 62 59 66 69 85 92 82 35 5 39 37 88 27 21 12 69 40 95 57 24 52 70 26 6 5 7 84 2 82 48 25 
24 67 86 52 63 6 65 55 97 1 44 71 18 88 92 18 48 39 48 5 48 20 32 46 60 4 85 19 17 93 49 41 4 64 25 93 25 98 14 50 46 40 64 9 35 98 73 62 97 90 69 52 10 92 62 93 87 33 5 80 64 97 92 94 15 90 92 16 39 3 40 32 44 22 45 66 46 31 20 71 61 36 17 8 38 0 2 67 22 72 3 80 55 4 23 59 29 54 58 35 64 85 15 14 21 19 32 25 65 4 81 70 5 80 58 2 47 56 13 41 88 42 97 59 40 77 56 47 68 61 99 30 84 94 45 48 64 81 95 29 42 20 53 37 47 73 73 97 62 56 23 11 8 59 21 70 48 70 8 97 72 3 26 6 23 66 85 94 50 60 41 61 38 19 61 12 86 41 21 79 3 56 92 77 75 90 83 37 78 13 
16 89 17 99 15 80 39 48 94 77 9 97 39 59 25 33 72 72 61 51 65 63 84 7 58 47 24 10 77 73 11 86 51 24 48 37 23 71 9 12 11 31 32 60 88 18 66 62 11 75 94 73 95 9 46 29 64 95 44 68 41 57 27 56 72 98 34 9 63 73 11 11 69 43 4 3 55 48 69 67 68 92 70 53 27 2 0 26 93 64 5 95 55 7 34 12 43 12 55 93 45 59 21 51 35 72 4 68 79 18 63 17 87 55 65 91 23 34 83 52 13 26 78 3 50 71 23 43 23 21 64 87 76 30 19 23 20 85 7 83 12 70 2 83 49 5 5 84 84 36 77 88 7 10 58 4 37 40 32 43 63 31 88 58 66 86 1 2 53 5 7 94 45 67 5 48 48 48 37 26 20 39 76 86 95 2 56 84 98 68 
88 99 30 87 78 85 19 78 53 33 56 8 83 25 56 94 2 70 89 57 89 95 50 21 67 41 56 30 99 35 24 84 64 33 58 83 88 29 70 12 16 7 6 47 86 33 52 20 27 78 52 12 47 18 55 28 17 91 75 70 15 99 93 41 88 80 43 93 83 58 49 84 20 59 37 44 66 34 37 91 12 92 19 66 60 67 26 0 18 19 87 3 63 91 10 98 78 50 46 8 91 87 97 68 50 6 85 47 74 73 82 9 86 64 95 54 45 26 93 41 8 63 66 15 56 38 67 44 65 85 18 72 19 83 38 92 76 93 19 31 60 35 75 65 88 48 46 52 84 7 49 54 81 25 17 14 15 60 93 87 22 18 18 31 43 29 6 83 90 21 36 81 73 11 36 17 35 74 86 54 75 72 49 56 21 79 6 38 13 40 
26 31 12 46 44 60 96 41 25 41 18 39 15 46 69 15 34 54 30 79 40 76 66 6 89 32 60 75 63 60 97 6 64 66 40 74 16 75 27 55 71 66 72 72 72 2 40 10 24 89 35 74 97 76 94 16 95 79 51 6 25 70 29 70 10 87 86 99 58 76 85 1 58 36 22 5 60 4 52 41 44 65 91 55 48 22 93 18 0 28 50 34 96 55 51 49 84 97 62 5 83 84 94 56 63 57 91 61 39 72 70 13 28 19 54 35 93 83 95 44 95 37 84 36 7 87 31 11 31 56 37 56 62 20 51 93 46 76 57 32 94 60 76 31 90 81 42 78 4 28 7 10 67 68 83 75 36 57 45 60 72 9 78 35 72 73 94 82 35 62 79 66 56 10 60 2 48 58 3 20 26 54 12 9 30 43 42 93 83 54 
72 18 62 64 62 32 42 60 44 82 61 82 38 15 66 86 71 13 84 39 86 26 55 68 58 96 41 31 23 15 66 11 61 80 80 57 76 90 64 9 24 80 8 98 15 87 68 20 68 88 42 43 90 61 16 10 28 7 96 42 80 1 73 14 85 7 36 66 84 47 62 34 86 30 43 6 52 4 11 94 13 83 68 82 86 72 64 19 28 0 26 28 39 42 48 78 38 78 56 38 70 51 61 23 90 94 55 6 83 84 35 60 37 26 32 17 41 56 88 83 39 12 61 13 59 6 27 20 36 42 14 85 64 71 66 52 1 56 29 99 31 83 15 77 35 82 68 45 16 60 56 26 25 84 96 76 43 48 51 74 86 68 38 20 28 90 58 81 4 1 88 15 72 84 45 58 74 26 30 64 80 56 10 95 15 78 57 72 81 72 
93 69 15 43 86 91 96 96 52 84 33 30 63 78 38 53 61 97 51 11 22 36 1 12 54 43 38 59 71 81 13 49 53 76 38 66 68 16 4 10 37 55 39 75 83 82 28 44 69 49 28 99 1 72 64 95 44 43 22 61 68 17 8 75 72 69 16 40 24 9 24 53 30 86 68 51 56 55 92 37 64 35 98 89 36 3 5 87 50 26 0 81 38 20 20 32 61 43 83 68 32 98 16 22 61 70 54 61 62 35 30 29 17 5 47 92 3 90 29 18 31 6 85 99 78 20 99 61 89 82 5 51 72 34 8 71 90 57 48 51 61 26 38 30 91 80 83 56 13 54 43 30 74 61 69 39 39 70 33 80 37 3 46 9 86 87 6 97 41 74 45 18 1 65 87 47 26 42 53 33 81 58 65 66 16 65 96 59 4 85 
75 65 31 23 37 8 58 80 11 31 99 4 1 87 58 26 20 47 70 95 46 80 51 45 56 63 3 40 70 13 21 61 49 74 52 5 24 42 5 73 25 59 9 65 4 35 52 13 45 5 18 79 24 25 17 32 11 13 11 86 73 51 76 27 64 22 52 32 74 82 12 15 35 92 64 54 13 85 52 84 21 48 76 54 88 80 95 3 34 28 81 0 85 53 55 54 82 91 55 89 50 11 60 99 5 58 18 52 14 2 49 20 46 16 31 57 71 65 67 6 25 13 76 49 25 41 1 87 86 1 47 23 76 52 61 24 50 4 81 52 62 75 45 58 13 32 84 43 19 44 61 27 44 70 34 17 11 39 33 79 85 81 36 13 4 20 32 46 91 74 91 72 13 94 97 31 31 55 40 5 32 84 59 49 25 1 27 11 99 73 
63 61 9 83 13 67 49 90 95 88 84 75 34 33 98 61 16 41 39 25 45 63 82 45 3 24 35 95 83 87 86 68 52 63 10 48 55 14 35 90 70 45 60 78 10 47 37 79 74 57 27 98 64 90 66 54 83 33 65 18 31 49 55 56 65 45 37 84 69 37 24 65 31 5 43 89 77 89 93 48 93 62 14 70 61 55 55 63 96 39 38 85 0 22 74 30 49 89 24 13 98 59 50 21 4 7 45 38 43 87 34 73 18 89 39 30 85 69 67 15 41 24 93 59 75 23 83 52 65 53 17 43 58 51 23 48 37 1 14 56 20 58 6 75 64 16 99 79 18 16 31 96 2 62 24 34 40 9 86 99 72 35 75 52 82 48 93 87 29 68 37 19 10 26 47 98 37 10 69 81 12 63 23 84 15 52 45 56 15 10 
47 79 41 41 54 33 43 32 50 54 28 51 50 92 88 84 98 18 84 40 89 77 38 27 34 17 70 26 16 64 22 60 7 18 38 39 59 2 60 96 26 82 94 79 45 41 69 79 92 4 65 83 24 34 40 71 45 90 67 39 31 12 16 69 51 50 9 26 86 88 77 87 14 8 68 42 39 78 85 18 63 81 87 92 59 4 7 91 55 42 20 53 22 0 80 65 23 21 40 84 70 25 4 70 24 4 64 39 82 52 97 57 9 29 2 34 23 71 43 78 82 4 50 8 9 33 66 6 44 64 50 92 14 23 49 81 97 70 16 5 77 69 86 83 86 75 32 51 10 32 64 57 28 40 99 71 62 90 78 54 75 79 69 68 46 14 60 57 62 55 65 90 98 4 43 11 14 73 50 45 55 78 35 81 83 8 5 31 56 42 
33 18 49 45 27 47 53 57 19 34 96 92 78 73 45 69 99 94 75 59 84 77 77 86 45 89 44 74 96 86 47 34 64 87 9 80 67 52 8 73 73 17 72 47 26 22 8 38 44 74 51 60 8 65 98 22 37 72 69 93 98 79 62 86 14 97 38 84 75 72 81 98 33 68 17 15 13 87 14 66 71 28 74 60 48 23 34 10 51 48 20 55 74 80 0 40 9 10 29 81 93 16 1 33 42 39 50 66 57 62 39 34 8 96 15 25 87 88 71 30 74 70 61 13 72 34 82 4 60 77 55 38 54 31 1 68 83 14 95 32 94 90 14 1 55 58 25 45 86 95 79 97 26 59 97 38 66 54 79 67 57 4 2 53 49 28 23 24 68 28 24 38 49 7 4 8 55 79 21 58 68 56 59 46 85 99 50 56 86 28 
89 40 31 17 83 76 23 34 11 83 53 17 32 39 58 90 54 79 96 56 69 75 71 57 54 32 91 74 19 79 32 22 94 66 70 76 16 77 76 48 99 92 94 2 49 65 27 75 83 73 54 67 29 80 37 67 8 75 52 2 86 15 87 72 37 12 31 23 30 58 13 69 56 30 94 51 11 39 83 76 14 1 23 59 97 59 12 98 49 78 32 54 30 65 40 0 93 73 47 48 43 82 81 30 59 46 83 99 95 65 57 45 66 35 19 22 41 26 73 71 4 63 52 23 79 3 26 47 75 31 23 90 81 3 97 16 26 78 21 82 9 54 34 42 57 77 23 75 94 86 95 19 50 34 5 27 17 59 17 9 35 5 43 4 71 51 44 92 75 75 41 31 56 61 60 30 86 28 9 48 11 90 98 59 33 4 54 5 89 90 
24 36 24 18 13 83 65 39 62 23 51 50 58 84 42 25 70 62 48 1 68 71 21 81 38 98 41 54 22 3 27 77 2 6 16 19 92 84 41 74 77 62 98 36 88 89 39 8 58 72 84 34 65 48 85 61 77 91 91 16 14 32 24 21 43 43 86 99 68 53 87 53 91 53 31 79 12 65 87 44 19 88 72 61 97 29 43 78 84 38 61 82 49 23 9 93 0 81 86 18 59 67 46 54 32 1 92 51 25 52 97 86 72 32 16 69 38 32 2 2 64 17 66 85 79 55 69 20 77 6 14 39 24 76 22 24 37 73 44 8 32 52 52 93 4 88 80 40 69 72 10 24 91 22 57 29 73 12 20 70 70 52 93 79 85 37 69 18 2 39 91 68 13 9 86 64 40 49 60 99 98 59 58 10 69 78 46 48 65 14 
56 82 67 89 26 45 71 93 40 4 81 43 59 21 33 58 21 36 6 39 71 48 55 54 63 76 84 76 10 10 35 84 25 77 57 50 27 72 20 77 79 77 83 83 70 19 9 7 42 14 22 7 49 90 21 38 43 99 96 50 70 33 20 6 58 62 42 76 56 38 73 27 41 26 45 93 47 52 26 94 92 70 81 83 35 54 12 50 97 78 43 91 89 21 10 73 81 0 94 47 60 67 22 77 33 24 76 35 46 44 31 84 26 22 38 76 53 63 58 87 19 36 98 62 90 51 23 40 10 44 14 95 67 78 98 94 80 1 9 7 52 6 99 81 29 71 39 53 23 96 2 3 73 12 73 23 74 40 22 90 57 58 22 5 10 11 18 91 85 57 36 1 44 94 43 20 89 76 52 56 38 88 44 58 26 34 30 39 47 50 
66 29 93 1 2 65 62 21 7 35 92 71 74 25 28 64 36 59 60 94 36 79 16 38 74 84 61 78 3 76 59 7 23 60 67 64 25 56 69 12 45 84 2 66 94 18 82 64 4 76 9 39 15 34 67 98 44 79 6 24 82 83 75 88 9 18 77 33 27 72 7 22 66 1 76 94 57 89 20 83 25 69 24 90 25 58 55 46 62 56 83 55 24 40 29 47 86 94 0 18 13 18 49 1 2 97 58 98 98 10 91 11 81 52 24 22 18 20 71 56 65 61 9 77 68 68 42 32 16 23 43 51 58 2 50 53 88 5 99 1 45 60 49 53 39 25 21 31 97 17 17 44 28 93 50 92 6 16 94 54 18 64 22 53 88 33 73 16 20 76 57 66 9 73 70 19 47 55 15 72 59 43 62 51 6 68 64 74 39 57 
78 23 65 98 42 38 61 15 8 50 80 9 77 72 56 13 39 32 12 86 35 32 46 47 61 7 46 61 79 31 91 22 89 45 38 71 6 10 28 70 97 85 67 7 78 51 11 98 73 63 10 11 77 68 46 58 16 36 37 41 78 99 25 61 68 18 64 62 9 73 88 49 68 93 80 73 63 66 74 61 8 42 26 9 23 35 93 8 5 38 68 89 13 84 81 48 18 47 18 0 24 48 81 67 49 23 32 66 5 50 54 40 37 74 28 17 33 47 92 1 70 54 82 39 95 38 97 87 63 70 52 29 24 99 36 71 28 24 18 17 9 38 11 26 84 42 38 1 12 8 47 67 26 16 58 24 94 3 33 73 39 54 88 2 30 59 1 93 50 31 25 39 97 3 12 59 92 60 54 79 54 69 72 69 17 71 95 91 94 70 
4 39 13 83 56 48 97 10 80 89 27 32 29 28 64 19 50 31 36 96 25 34 30 12 70 19 19 27 79 33 83 15 49 93 23 55 27 81 88 58 12 3 43 49 35 17 64 90 2 43 13 17 71 53 46 72 75 2 37 36 5 73 88 82 92 44 95 50 51 68 50 80 73 37 43 33 99 55 13 73 82 30 4 82 94 64 45 91 83 70 32 50 98 70 93 43 59 60 13 24 0 55 50 58 66 43 4 35 24 53 60 56 7 52 50 38 64 75 61 25 28 17 2 10 83 13 70 40 87 13 49 83 96 79 47 65 44 95 57 35 33 26 10 7 68 85 53 25 40 48 88 4 71 70 35 74 55 33 34 11 48 3 59 82 6 58 40 49 61 46 78 34 70 75 9 56 75 87 67 41 49 98 16 25 77 58 75 10 21 79 
1 42 18 72 56 74 28 68 13 71 38 26 77 38 81 27 82 49 52 71 62 44 71 65 73 46 69 7 7 20 70 42 35 30 76 43 45 8 6 95 11 87 99 64 76 32 16 83 51 81 17 33 30 94 66 92 32 30 44 75 26 45 68 91 36 5 42 94 61 99 93 55 85 78 79 53 70 20 11 51 13 42 2 25 97 85 59 87 84 51 98 11 59 25 16 82 67 67 18 48 55 0 49 53 55 61 30 15 89 97 83 28 79 68 35 11 89 89 98 85 48 98 21 70 18 9 57 68 18 28 36 57 16 52 20 21 19 9 73 90 13 18 21 41 11 22 31 39 5 68 87 41 31 14 3 93 50 3 61 85 22 77 40 25 44 21 84 38 64 14 61 28 26 1 99 39 60 82 85 74 7 81 67 10 9 30 25 84 45 24 
78 75 34 15 65 91 1 82 1 38 25 35 54 96 92 78 59 31 85 74 88 10 15 57 87 65 27 85 97 68 15 66 23 57 19 70 94 28 1 45 84 35 47 12 40 20 80 88 65 32 74 14 50 54 78 58 49 92 66 41 60 27 53 58 62 20 56 97 75 59 98 68 33 37 3 85 79 3 14 25 29 63 54 57 23 15 21 97 94 61 16 60 50 4 1 81 46 22 49 81 50 49 0 53 88 64 32 55 75 35 92 46 29 53 95 20 25 32 76 76 91 65 55 96 89 84 27 73 5 49 84 90 74 79 50 92 63 89 45 44 29 81 17 32 37 19 43 80 49 63 90 16 99 55 49 46 93 45 96 56 18 50 20 94 98 45 87 95 69 25 33 39 51 40 71 63 38 91 42 6 71 75 86 46 84 23 6 8 90 53 
7 78 11 37 16 85 27 80 4 34 57 55 59 83 77 26 13 97 74 56 74 57 14 84 83 54 61 68 60 77 80 79 40 57 7 42 81 45 83 4 94 77 60 87 28 80 59 92 29 47 26 86 73 79 8 96 87 32 68 36 27 30 12 73 63 6 83 95 5 36 17 77 11 88 77 6 19 99 75 15 57 37 11 31 5 14 51 68 56 23 22 99 21 70 33 30 54 77 1 67 58 53 53 0 76 81 42 21 66 52 72 31 60 15 71 30 35 36 21 97 53 26 6 54 12 8 50 13 82 72 24 43 39 33 24 63 32 59 35 68 9 77 19 67 79 70 53 87 7 94 83 42 65 97 95 51 42 92 82 69 99 29 59 66 35 36 98 1 93 16 97 55 51 57 38 61 90 6 61 18 34 39 95 10 84 93 19 27 61 97 
53 71 29 27 93 16 51 4 52 13 41 98 32 17 57 1 76 97 13 16 21 87 77 23 13 86 46 78 37 31 84 69 19 68 78 21 82 6 45 22 53 86 59 82 14 96 22 1 20 71 64 39 35 68 39 91 11 42 26 50 24 96 17 95 30 51 12 7 20 59 74 44 88 85 39 90 18 54 79 23 32 59 22 60 23 21 35 50 63 90 61 5 4 24 42 59 32 33 2 49 66 55 88 76 0 13 90 1 65 40 71 63 21 14 18 51 60 39 95 8 28 27 66 82 43 91 85 35 82 36 13 39 79 38 81 5 96 92 57 81 32 13 10 31 79 47 29 76 97 93 49 47 94 74 76 96 77 19 81 77 76 48 64 56 68 96 1 3 20 85 8 78 32 35 39 55 41 43 59 87 17 68 78 7 5 59 69 40 30 75 
86 26 76 33 41 66 21 48 16 38 53 97 95 55 27 23 54 21 36 97 77 47 82 57 49 44 59 34 26 71 79 39 64 54 72 17 68 47 54 65 31 44 58 59 46 41 6 16 35 30 12 16 20 98 20 21 22 42 28 29 62 33 70 29 60 33 23 24 54 47 65 33 67 19 83 27 56 64 27 29 91 53 18 77 15 19 72 6 57 94 70 58 7 4 39 46 1 24 97 23 43 61 64 81 13 0 22 28 85 3 52 48 58 9 97 2 42 23 41 98 85 30 71 35 53 97 6 28 95 20 71 55 24 18 50 20 77 60 6 43 31 73 72 7 68 53 31 47 42 12 16 94 17 21 10 20 55 21 61 99 80 83 96 59 10 52 14 10 70 92 5 6 16 79 44 54 80 5 54 52 63 93 19 26 58 25 8 39 97 77 
71 49 6 2 61 53 27 71 68 80 39 71 14 97 63 15 25 7 17 50 73 38 48 77 9 51 24 92 6 9 63 92 75 18 35 1 58 79 55 32 31 23 16 95 90 31 2 72 27 18 48 91 97 58 53 95 92 4 3 87 39 59 24 93 3 42 49 21 95 83 26 46 65 41 20 96 65 40 86 46 53 94 88 88 16 32 4 85 91 55 54 18 45 64 50 83 92 76 58 32 4 30 32 42 90 22 0 52 96 10 47 55 32 52 64 93 42 70 19 77 56 88 22 90 38 24 22 40 6 96 66 48 66 26 41 56 81 76 38 9 99 50 90 14 91 46 40 43 12 10 76 80 20 44 67 39 36 43 46 18 60 89 19 48 4 18 40 73 81 60 12 79 26 20 51 51 18 48 65 59 10 15 72 39 89 21 89 6 18 46 
3 51 82 49 71 70 66 43 82 66 20 6 39 53 54 75 96 75 10 56 59 37 44 75 84 43 2 52 62 18 26 54 89 13 41 40 66 96 89 44 63 72 83 28 19 54 15 31 73 48 20 2 25 81 60 6 24 66 47 31 89 11 40 22 25 84 28 88 27 1 60 61 55 84 36 12 58 47 79 37 82 77 70 97 53 25 68 47 61 6 61 52 38 39 66 99 51 35 98 66 35 15 55 21 1 28 52 0 74 82 44 23 64 71 26 65 18 53 41 95 59 18 61 35 57 8 43 35 27 93 3 57 48 6 94 9 65 2 38 14 13 59 44 67 33 16 70 54 31 39 28 18 97 43 79 27 40 16 83 75 48 76 6 58 59 3 21 13 97 70 14 61 66 48 53 86 79 32 46 7 91 49 68 58 50 10 24 97 63 63 
77 63 6 89 50 67 78 6 60 7 45 64 92 74 93 40 23 36 85 7 56 11 76 72 65 14 41 37 9 75 68 81 18 53 53 68 1 70 68 37 22 22 44 31 2 66 81 82 87 38 75 48 94 54 33 2 45 63 27 40 83 28 38 2 75 13 73 90 48 2 47 33 82 29 13 43 88 41 65 79 78 41 66 10 2 65 79 74 39 83 62 14 43 82 57 95 25 46 98 5 24 89 75 66 65 85 96 74 0 19 45 75 15 68 75 20 76 50 83 49 81 48 27 71 37 14 56 55 24 52 94 97 65 33 70 20 37 48 26 93 22 21 59 73 94 38 10 22 97 86 37 68 39 57 88 32 97 91 74 41 63 85 22 5 63 94 47 96 25 83 83 76 63 91 63 5 53 37 31 12 32 13 9 24 26 38 7 32 94 12 
92 45 43 23 51 90 19 21 67 80 21 95 88 6 23 76 34 37 59 33 16 51 63 37 27 8 14 34 7 67 18 95 8 83 25 36 12 51 30 87 23 80 11 18 38 51 35 88 26 13 26 96 20 28 29 27 25 70 78 16 85 84 35 63 38 12 4 4 63 76 73 25 6 29 96 16 59 59 98 29 34 27 39 82 36 4 18 73 72 84 35 2 87 52 62 65 52 44 10 50 53 97 35 52 40 3 10 82 19 0 16 97 80 64 20 28 51 18 85 87 78 80 61 23 68 30 8 97 80 50 48 49 85 27 59 46 15 29 6 56 70 67 32 48 59 67 65 18 13 7 19 78 23 12 54 44 42 25 81 72 27 84 36 23 66 96 72 25 8 91 55 88 91 37 37 73 15 41 21 8 68 62 90 97 41 26 72 28 78 66 
22 55 87 35 33 29 61 58 16 93 64 25 60 67 39 20 25 74 49 30 83 78 26 51 53 1 78 84 21 49 20 13 28 94 50 22 34 65 22 60 43 98 61 59 69 85 36 53 24 62 43 63 91 99 25 8 27 7 45 89 14 46 30 54 87 28 36 62 60 88 43 45 4 52 9 75 49 10 51 47 72 75 17 45 20 81 63 82 70 35 30 49 34 97 39 57 97 31 91 54 60 83 92 72 71 52 47 44 45 16 0 36 56 62 53 34 99 27 66 55 67 62 69 37 2 4 89 18 96 81 88 23 27 11 99 89 93 63 6 27 12 84 78 92 66 12 96 7 64 19 10 93 35 36 40 70 35 38 12 63 71 86 34 33 24 43 63 83 80 79 14 35 18 12 60 80 73 44 11 1 81 60 30 31 12 81 40 53 5 73 
76 1 53 95 91 20 83 60 62 4 22 47 47 81 21 10 31 39 22 94 42 20 26 32 18 6 63 41 57 66 55 90 87 20 7 87 19 88 37 16 57 48 59 44 21 4 86 48 62 61 44 69 1 47 39 62 86 69 79 40 89 3 73 12 31 60 49 49 69 42 19 96 81 81 10 27 22 6 30 16 23 63 11 56 36 70 17 9 13 60 29 20 73 57 34 45 86 84 11 40 56 28 46 31 63 48 55 23 75 97 36 0 70 22 82 44 97 81 41 14 74 35 57 1 53 73 80 40 68 54 55 22 67 25 62 74 15 87 96 56 20 41 13 15 83 32 30 45 3 33 73 65 60 74 1 93 1 7 53 99 90 79 59 97 38 86 88 44 15 91 69 11 11 47 10 90 88 14 67 41 41 39 32 67 89 68 14 82 13 44 
8 87 58 22 21 18 60 55 65 33 66 21 63 95 59 72 88 72 48 79 64 46 73 24 28 14 52 14 14 17 38 78 79 61 33 52 61 61 40 40 96 60 51 72 31 29 39 54 4 33 98 36 79 54 89 4 27 7 84 34 91 54 58 21 44 89 80 59 47 99 72 87 72 8 99 81 77 16 62 71 81 12 98 68 60 5 87 86 28 37 17 46 18 9 8 66 72 26 81 37 7 79 29 60 21 58 32 64 15 80 56 70 0 67 13 66 67 89 29 60 58 22 54 14 28 23 56 22 18 26 11 29 87 11 85 52 30 5 95 73 50 4 22 6 66 97 23 26 75 53 66 38 45 32 84 75 67 48 95 91 79 21 35 10 28 87 60 42 7 13 28 27 4 2 11 19 48 12 44 50 51 86 67 84 58 66 40 82 61 88 
78 17 57 69 53 6 63 78 20 86 69 23 87 51 44 54 1 57 72 20 28 35 43 29 43 9 95 65 94 33 1 61 3 58 67 91 6 33 54 69 93 72 67 47 84 16 58 49 54 58 81 2 85 56 73 30 43 46 78 81 73 45 96 36 83 63 45 32 29 22 78 49 38 3 7 52 92 73 45 38 66 85 19 86 81 80 55 64 19 26 5 16 89 29 96 35 32 22 52 74 52 68 53 15 14 9 52 71 68 64 62 22 67 0 17 68 15 37 41 24 73 43 59 83 44 27 53 23 18 8 12 4 39 18 87 43 80 43 13 47 1 22 79 45 41 7 96 22 23 52 19 64 24 58 24 25 93 60 60 96 29 90 56 94 93 19 95 75 31 98 2 5 93 68 55 61 6 68 51 32 21 39 10 42 71 3 38 77 16 82 
73 20 79 68 39 80 39 25 45 45 93 1 62 3 20 67 88 72 57 29 97 36 62 1 49 39 48 52 4 18 81 58 51 34 13 65 6 88 64 2 38 64 65 36 97 74 8 63 22 33 55 85 58 70 91 22 97 50 47 23 48 78 4 29 71 74 45 59 1 20 52 20 95 93 57 30 44 77 17 31 66 42 47 61 98 58 65 95 54 32 47 31 39 2 15 19 16 38 24 28 50 35 95 71 18 97 64 26 75 20 53 82 13 17 0 15 20 85 49 31 71 61 47 76 46 25 30 89 97 10 90 46 77 95 1 80 91 7 97 58 23 37 36 49 76 9 86 7 13 88 88 59 84 19 92 91 11 43 39 36 26 21 35 27 70 31 69 88 51 90 1 16 46 40 50 13 61 25 13 7 47 17 50 96 76 9 94 80 47 6 
76 10 88 49 66 11 24 59 88 30 19 70 40 90 46 28 36 68 52 79 83 8 45 40 54 67 62 74 79 78 62 52 17 62 59 4 72 28 17 15 44 36 34 7 89 42 57 12 84 86 83 76 67 20 94 89 18 41 30 65 52 98 16 81 21 84 8 25 24 37 26 90 23 85 63 80 43 99 57 76 72 1 29 37 10 2 91 54 35 17 92 57 30 34 25 22 69 76 22 17 38 11 20 30 51 2 93 65 20 28 34 44 66 68 15 0 50 71 31 84 3 45 57 17 34 94 6 79 16 94 41 90 33 87 79 56 4 72 77 3 52 83 94 13 80 80 65 8 63 26 83 46 35 65 10 65 14 95 76 64 28 40 29 53 2 23 16 15 4 21 31 6 30 86 74 83 12 19 49 66 1 69 72 38 78 66 69 93 77 5 
77 93 82 19 81 30 69 80 62 47 69 23 72 33 76 89 46 50 68 42 90 72 45 62 93 60 58 7 6 59 62 15 44 89 87 9 15 45 96 83 86 30 68 19 12 42 81 11 95 23 39 38 29 73 68 60 76 52 49 87 98 32 3 15 84 16 28 39 96 55 47 84 55 44 9 73 76 16 51 12 32 62 55 91 76 47 23 45 93 41 3 71 85 23 87 41 38 53 18 33 64 89 25 35 60 42 42 18 76 51 99 97 67 15 20 50 0 36 55 99 86 97 5 94 76 28 45 58 17 96 6 24 2 2 32 77 90 64 48 77 79 33 41 81 99 46 31 70 95 97 29 76 68 96 21 93 22 66 43 65 35 67 95 13 36 53 67 16 39 88 10 18 89 58 16 9 11 73 50 77 88 88 64 73 55 58 45 46 63 68 
44 52 11 98 58 18 70 37 22 68 17 28 3 8 38 3 64 62 4 93 72 2 54 33 15 98 65 57 82 12 4 68 80 74 33 60 81 45 72 78 96 54 53 45 42 52 18 54 30 10 20 57 83 91 79 92 18 89 64 77 64 80 4 48 90 49 54 73 18 49 5 25 54 27 19 99 22 22 31 21 31 70 91 25 58 56 34 26 83 56 90 65 69 71 88 26 32 63 20 47 75 89 32 36 39 23 70 53 50 18 27 81 89 37 85 71 36 0 17 39 53 19 76 58 83 6 65 11 96 70 57 32 33 37 49 90 35 42 69 90 71 83 36 14 86 55 94 29 92 34 50 40 30 53 96 91 57 9 26 72 83 80 20 23 5 20 38 83 47 16 34 20 39 31 4 64 68 87 18 31 54 40 6 83 2 31 80 14 93 59 
21 11 73 12 53 82 62 81 1 67 79 26 60 90 85 72 9 83 93 25 74 4 33 67 85 67 98 22 91 67 17 49 12 80 49 2 26 44 77 69 73 35 59 41 76 44 45 51 17 44 7 62 6 90 86 99 43 14 13 7 29 17 23 15 61 89 35 17 93 72 43 90 34 75 95 31 91 88 7 91 99 7 94 16 25 13 83 93 95 88 29 67 67 43 71 73 2 58 71 92 61 98 76 21 95 41 19 41 83 85 66 41 29 41 49 31 55 17 0 87 9 65 20 80 59 63 13 34 7 41 1 99 4 75 40 84 79 5 64 38 91 39 16 74 97 64 72 93 47 96 92 80 57 69 38 84 94 31 49 44 40 52 76 10 51 73 33 94 21 66 55 91 38 61 89 25 1 68 67 94 31 4 23 40 11 1 11 37 2 63 
31 69 49 12 90 47 88 59 64 29 60 65 26 86 35 86 42 99 51 90 97 47 29 59 46 6 24 60 40 34 54 55 78 33 46 10 55 25 63 32 95 14 48 82 73 65 86 71 23 70 5 27 64 10 2 59 53 24 60 11 28 32 86 90 71 61 38 8 73 64 21 49 87 50 4 29 66 34 15 86 25 31 79 41 38 41 52 41 44 83 18 6 15 78 30 71 2 87 56 1 25 85 76 97 8 98 77 95 49 87 55 14 60 24 31 84 99 39 87 0 65 19 40 92 32 26 57 81 94 84 68 42 28 62 29 62 69 48 84 92 41 17 78 53 13 63 16 73 24 80 42 43 70 81 14 2 57 5 93 32 61 61 89 90 50 81 50 19 12 68 22 89 86 82 87 53 40 53 14 10 99 79 47 27 64 87 3 97 46 14 
37 24 20 53 20 8 67 52 95 58 57 46 58 37 88 20 15 84 54 11 61 62 6 47 29 26 2 31 99 8 78 10 14 61 56 62 19 19 73 57 2 70 91 48 6 75 77 53 17 98 94 14 71 16 43 13 54 42 46 80 60 51 14 58 53 67 45 67 43 18 36 99 41 30 69 59 83 13 92 73 15 55 45 73 27 88 13 8 95 39 31 25 41 82 74 4 64 19 65 70 28 48 91 53 28 85 56 59 81 78 67 74 58 73 71 3 86 53 9 65 0 68 38 37 55 64 66 59 50 49 60 27 3 27 45 30 35 73 63 53 76 73 96 1 52 40 61 25 96 81 35 37 56 32 67 81 57 24 21 57 60 28 28 90 81 35 59 75 71 82 8 36 30 75 14 44 61 28 98 17 56 26 20 46 81 49 74 23 32 21 
8 15 13 77 95 18 20 64 85 85 45 39 33 67 59 15 63 86 88 70 90 7 21 80 16 89 3 46 8 7 25 23 95 71 33 25 85 76 22 38 17 48 24 41 87 48 72 64 60 39 58 79 5 93 54 17 74 36 49 29 95 90 84 78 5 99 30 20 15 22 79 10 60 55 8 33 6 54 63 45 47 40 65 89 85 42 26 63 37 12 6 13 24 4 70 63 17 36 61 54 17 98 65 26 27 30 88 18 48 80 62 35 22 43 61 45 97 19 65 19 68 0 17 18 60 29 71 10 46 36 85 55 82 86 97 81 90 21 41 27 77 10 78 5 15 20 7 7 31 74 24 35 53 51 50 86 42 17 10 63 86 70 93 66 57 60 27 66 92 12 79 28 43 32 50 37 66 45 75 24 72 77 61 98 88 35 60 66 41 36 
46 64 26 69 65 87 37 74 2 44 36 58 31 74 2 14 11 88 80 16 80 4 62 38 34 7 68 69 33 5 65 34 39 19 27 38 45 80 74 30 27 91 15 75 44 84 85 50 33 5 4 27 30 36 3 3 88 19 67 47 79 8 11 24 94 28 9 44 52 25 1 30 41 33 58 4 76 49 72 4 60 99 27 24 55 97 78 66 84 61 85 76 93 50 61 52 66 98 9 82 2 21 55 6 66 71 22 61 27 61 69 57 54 59 47 57 5 76 20 40 38 17 0 79 3 95 57 95 43 5 88 51 60 92 27 37 46 10 14 59 86 88 21 9 60 83 56 25 93 73 70 49 80 33 91 5 83 6 71 44 20 22 20 96 99 90 2 1 70 30 58 58 80 45 19 97 71 33 61 1 20 4 6 55 53 20 45 95 76 79 
69 22 78 46 43 62 18 84 85 95 40 53 53 12 41 98 30 48 93 47 89 9 8 54 90 16 84 58 11 63 20 99 1 35 16 96 59 1 19 48 2 6 8 73 38 30 88 18 43 38 91 31 69 67 12 1 97 70 13 24 60 60 57 79 95 8 97 97 35 8 69 10 35 68 11 33 16 76 88 31 84 95 76 9 43 59 3 15 36 13 99 49 59 8 13 23 85 62 77 39 10 70 96 54 82 35 90 35 71 23 37 1 14 83 76 17 94 58 80 92 37 18 79 0 60 13 2 8 16 24 99 1 4 28 63 9 34 80 15 72 55 77 97 60 29 79 57 7 71 23 76 6 72 38 1 32 44 83 48 83 34 70 24 47 95 62 63 69 92 3 25 78 4 61 69 67 5 93 86 48 13 46 47 58 66 29 13 34 66 21 
58 47 17 65 48 65 22 89 61 94 62 53 92 36 86 83 31 1 40 30 23 37 52 91 71 75 5 20 69 1 72 57 72 74 60 71 71 55 83 70 98 55 32 58 98 77 53 45 30 74 91 46 38 9 75 72 41 15 45 44 51 51 93 68 5 86 70 90 47 75 20 42 60 42 25 39 6 44 71 63 99 47 19 92 27 40 50 56 7 59 78 25 75 9 72 79 79 90 68 95 83 18 89 12 43 53 38 57 37 68 2 53 28 44 46 34 76 83 59 32 55 60 3 60 0 2 18 10 23 34 98 19 17 91 17 95 5 52 61 88 75 13 21 6 23 67 7 25 75 32 72 33 41 14 35 50 4 44 34 13 81 46 85 4 17 22 15 38 34 26 96 63 75 2 35 58 11 71 43 60 5 86 64 8 83 85 22 72 63 18 
83 4 5 90 22 8 78 83 77 21 33 33 42 43 38 23 38 66 81 45 35 85 98 89 15 60 9 83 45 22 63 81 27 39 57 52 96 47 55 6 53 98 63 59 76 54 34 29 17 6 10 72 99 89 61 32 7 61 69 62 11 15 41 79 84 28 9 74 6 66 21 89 51 38 42 28 83 34 27 77 32 78 17 22 84 77 71 38 87 6 20 41 23 33 34 3 55 51 68 38 13 9 84 8 91 97 24 8 14 30 4 73 23 27 25 94 28 6 63 26 64 29 95 13 2 0 50 20 94 29 45 68 74 99 40 1 78 58 23 70 80 60 35 30 57 52 24 69 57 97 4 22 4 74 21 25 88 38 68 41 73 18 66 66 6 48 71 17 51 65 67 97 38 24 69 57 7 97 20 62 41 31 16 47 90 66 34 8 82 93 
97 57 89 41 98 30 27 56 23 53 68 70 79 40 59 62 98 22 83 20 56 49 51 34 91 20 78 32 99 21 54 15 93 72 31 83 49 95 75 35 60 33 78 85 40 2 39 96 44 34 6 96 45 96 92 43 1 88 64 44 92 90 40 29 15 9 65 4 61 16 1 76 3 25 57 68 79 34 31 44 54 38 73 97 67 56 23 67 31 27 99 1 83 66 82 26 69 23 42 97 70 57 27 50 85 6 22 43 56 8 89 80 56 53 30 6 45 65 13 57 66 71 57 2 18 50 0 1 19 39 73 21 23 44 43 96 66 88 77 48 51 7 59 68 95 60 38 97 34 64 70 94 11 60 61 53 25 98 73 95 71 19 28 96 97 79 12 11 12 93 96 92 99 4 32 69 49 78 27 85 83 64 75 18 51 34 64 63 46 89 
14 89 28 8 2 56 33 79 15 32 54 80 58 53 8 82 40 22 83 84 8 82 84 35 80 51 15 71 82 38 5 32 77 23 67 84 11 2 74 28 54 13 4 4 94 90 80 89 16 75 93 81 54 80 90 59 4 67 8 65 85 58 45 65 63 42 90 11 54 41 9 47 12 57 5 30 97 20 51 71 45 49 41 71 49 47 43 44 11 20 61 87 52 6 4 47 20 40 32 87 40 68 73 13 35 28 40 35 55 97 18 40 22 23 89 79 58 11 34 81 59 10 95 8 10 20 1 0 11 47 77 18 18 26 3 28 17 38 25 79 97 23 11 37 38 14 80 80 32 63 43 28 18 66 58 99 98 14 4 1 27 38 80 61 57 38 50 31 11 52 53 47 53 26 59 35 83 2 28 96 26 59 22 79 51 29 60 19 19 11 
11 81 51 8 90 29 9 71 25 26 63 6 46 94 25 12 11 40 3 75 38 15 22 26 66 23 14 61 80 51 5 20 95 16 28 74 91 20 4 64 80 28 19 30 34 71 30 50 18 18 57 15 50 70 42 29 80 23 4 1 23 44 67 85 8 28 28 33 62 6 89 67 26 38 38 58 89 91 2 87 95 27 83 39 61 68 23 65 31 36 89 86 65 44 60 75 77 10 16 63 87 18 5 82 82 95 6 27 24 80 96 68 18 18 97 16 17 96 7 94 50 46 43 16 23 94 19 11 0 86 59 78 6 85 54 44 52 83 4 7 80 57 2 80 14 11 12 82 1 81 99 91 25 26 38 8 41 47 25 16 7 80 66 82 3 63 74 55 96 7 64 92 29 68 42 35 8 57 46 39 75 75 82 27 62 44 49 58 97 10 
24 47 69 34 39 44 9 28 47 64 76 34 86 85 25 29 68 77 31 80 99 16 10 79 14 3 99 76 98 59 72 43 89 55 94 6 47 71 31 63 56 92 9 58 15 36 5 43 69 9 99 88 14 85 11 93 94 73 30 75 38 43 75 44 8 41 63 2 24 16 72 77 41 93 19 55 28 34 39 17 43 4 55 21 13 61 21 85 56 42 82 1 53 64 77 31 6 44 23 70 13 28 49 72 36 20 96 93 52 50 81 54 26 8 10 94 96 70 41 84 49 36 5 24 34 29 39 47 86 0 27 75 15 84 18 11 88 33 61 7 10 60 96 2 53 17 92 72 26 83 25 66 6 87 68 58 12 94 67 96 12 43 58 76 61 25 37 79 76 10 84 6 44 85 94 65 88 39 20 50 94 96 78 78 72 23 31 94 19 6 
82 55 4 59 13 99 21 24 33 53 9 65 26 21 84 45 55 61 86 45 1 49 78 20 27 76 7 34 20 82 84 32 55 28 21 58 73 71 79 12 76 99 45 45 78 4 60 38 5 16 71 39 27 55 57 41 33 28 87 97 30 95 77 50 49 83 80 98 23 10 79 74 39 69 18 67 39 85 71 3 85 48 52 93 88 99 64 18 37 14 5 47 17 50 55 23 14 14 43 52 49 36 84 24 13 71 66 3 94 48 88 55 11 12 90 41 6 57 1 68 60 85 88 99 98 45 73 77 59 27 0 50 39 86 62 81 93 9 70 13 15 86 24 97 59 84 69 33 92 84 32 80 23 57 76 51 35 58 8 85 42 88 26 6 62 18 58 75 2 60 46 2 9 47 17 4 88 96 93 39 45 86 13 9 30 16 28 41 16 70 
8 80 59 8 19 56 69 54 81 60 35 54 74 74 42 3 78 3 48 99 76 44 12 84 52 76 96 18 50 79 70 74 17 24 49 19 33 35 70 59 96 70 94 26 97 4 32 23 21 30 92 57 74 37 14 32 35 11 63 1 13 78 29 77 21 93 81 76 98 93 37 77 43 3 66 56 59 43 67 55 98 82 5 32 23 30 87 72 56 85 51 23 43 92 38 90 39 95 51 29 83 57 90 43 39 55 48 57 97 49 23 22 29 4 46 90 24 32 99 42 27 55 51 1 19 68 21 18 78 75 50 0 10 25 78 45 65 40 8 96 14 64 70 67 41 80 69 62 24 94 81 69 12 28 44 67 76 11 69 17 36 60 51 31 85 38 68 78 88 69 83 34 2 62 26 43 37 57 47 68 13 71 33 56 7 3 19 94 12 98 
25 72 13 35 78 6 83 70 71 18 34 54 75 8 95 4 46 41 66 13 74 44 68 53 24 51 69 79 67 7 80 28 63 27 39 46 29 63 99 9 85 18 90 61 18 7 78 88 77 53 30 90 71 85 78 75 28 56 63 1 21 29 67 55 83 21 69 96 58 8 51 99 56 73 25 86 7 78 74 24 31 88 87 32 37 84 76 19 62 64 72 76 58 14 54 81 24 67 58 24 96 16 74 39 79 24 66 48 65 85 27 67 87 39 77 33 2 33 4 28 3 82 60 4 17 74 23 18 6 15 39 10 0 69 19 68 20 93 25 92 58 61 67 52 53 83 20 61 75 20 65 84 54 44 74 3 21 62 43 99 35 81 45 7 16 58 18 69 89 40 47 64 29 49 81 64 68 88 54 65 67 65 10 15 66 4 33 76 96 9 
75 15 3 5 78 51 55 69 55 23 93 54 7 53 28 11 74 78 42 87 64 58 36 76 94 42 98 97 62 47 61 62 74 12 23 63 76 10 97 54 29 31 68 9 73 7 9 86 31 17 53 16 96 81 19 35 13 21 36 32 67 55 14 24 3 91 68 96 9 7 60 41 60 44 80 52 16 74 57 2 48 1 32 63 94 94 30 83 20 71 34 52 51 23 31 3 76 78 2 99 79 52 79 33 38 18 26 6 33 27 11 25 11 18 95 87 2 37 75 62 27 86 92 28 91 99 44 26 85 84 86 25 69 0 76 39 73 89 51 96 13 68 78 76 23 60 78 13 48 19 80 23 65 75 62 53 99 44 62 86 61 95 26 5 72 7 32 89 58 55 15 72 80 55 87 40 13 58 84 51 41 96 13 79 84 19 47 49 1 80 
93 78 77 6 89 93 86 24 25 55 26 13 3 70 33 32 69 44 57 78 58 86 38 85 11 9 87 1 51 13 98 15 57 61 65 87 4 5 17 37 55 34 26 49 83 88 92 20 95 36 45 76 44 9 26 41 84 71 8 75 53 69 11 4 82 27 92 79 32 51 9 41 17 54 4 26 67 11 26 23 71 71 15 33 10 45 19 38 51 66 8 61 23 49 1 97 22 98 50 36 47 20 50 24 81 50 41 94 70 59 99 62 85 87 1 79 32 49 40 29 45 97 27 63 17 40 43 3 54 18 62 78 19 76 0 4 9 9 85 81 81 9 3 22 84 30 62 13 94 82 71 38 33 55 64 23 57 43 98 40 82 85 65 73 62 12 36 96 63 89 64 11 39 35 92 97 45 61 66 65 46 91 43 72 21 63 12 59 99 36 
21 16 97 62 91 64 94 47 78 14 68 81 31 58 15 92 24 84 42 50 65 68 42 64 73 48 29 83 26 62 54 54 54 31 62 79 53 63 33 75 14 58 88 26 97 36 29 5 67 66 87 32 5 8 3 26 94 26 43 41 16 39 65 79 76 93 82 36 32 90 62 9 33 95 38 10 11 21 24 11 70 46 73 68 62 48 23 92 93 52 71 24 48 81 68 16 24 94 53 71 65 21 92 63 5 20 56 9 20 46 89 74 52 43 80 56 77 90 84 62 30 81 37 9 95 1 96 28 44 11 81 45 68 39 4 0 68 62 63 28 40 70 54 12 9 37 55 16 60 37 90 58 75 50 7 31 13 4 73 88 49 52 44 59 6 11 93 68 49 98 7 19 28 31 43 68 65 6 69 62 97 23 46 42 57 93 97 51 66 32 
33 26 97 51 84 53 75 40 90 31 2 97 78 63 26 97 82 60 80 32 40 47 10 97 52 84 74 42 41 50 33 41 40 62 85 87 34 49 49 13 8 14 21 29 37 61 94 40 72 21 5 55 12 25 97 57 91 95 56 12 3 61 63 74 52 83 67 54 57 17 8 45 28 82 64 54 91 75 74 33 18 4 98 86 49 64 20 76 46 1 90 50 37 97 83 26 37 80 88 28 44 19 63 32 96 77 81 65 37 15 93 15 30 80 91 4 90 35 79 69 35 90 46 34 5 78 66 17 52 88 93 65 20 73 9 68 0 7 16 91 25 9 82 54 27 7 44 66 30 55 22 3 38 17 88 69 85 97 35 88 10 2 94 49 49 68 20 20 93 30 58 70 27 7 95 98 76 37 47 11 38 62 69 92 79 19 49 83 32 12 
13 54 62 77 40 35 90 67 36 24 99 34 79 90 14 30 65 67 45 54 15 51 16 80 30 28 35 68 25 52 88 91 19 98 88 67 82 47 18 27 16 3 1 46 63 30 88 24 3 99 37 59 49 79 1 74 6 25 76 72 42 27 75 85 93 56 74 43 38 65 88 1 42 30 74 86 92 62 8 98 55 1 1 79 97 81 85 93 76 56 57 4 1 70 14 78 73 1 5 24 95 9 89 59 92 60 76 2 48 29 63 87 5 43 7 72 64 42 5 48 73 21 10 80 52 58 88 38 83 33 9 40 93 89 9 62 7 0 72 8 81 73 74 34 24 96 58 31 13 90 10 84 79 13 67 91 81 41 1 5 75 76 52 13 54 27 60 35 96 64 17 21 50 87 92 65 91 84 2 44 1 90 69 65 30 88 55 42 28 36 
66 85 16 46 99 99 24 78 58 51 9 52 92 84 79 56 82 79 95 88 23 3 94 99 20 10 84 86 56 28 7 44 65 74 68 51 56 49 24 77 84 74 38 75 13 77 82 27 97 39 11 41 11 9 98 77 58 88 97 60 58 98 3 55 98 21 10 79 36 43 27 14 84 29 96 14 21 86 94 15 52 55 96 34 75 95 7 19 57 29 48 81 14 16 95 21 44 9 99 18 57 73 45 35 57 6 38 38 26 6 6 96 95 13 97 77 48 69 64 84 63 41 14 15 61 23 77 25 4 61 70 8 25 51 85 63 16 72 0 26 84 90 65 71 90 50 2 98 73 46 21 1 69 85 8 76 22 92 66 17 49 73 31 67 69 96 27 14 55 77 61 45 78 56 2 59 40 32 11 49 40 40 59 18 82 36 95 85 83 94 
95 59 75 97 16 84 95 27 32 22 90 56 97 17 37 30 82 86 80 93 27 1 86 42 3 71 59 63 3 60 3 12 79 45 70 22 91 91 76 3 35 35 72 54 80 76 6 11 23 91 87 35 51 10 87 2 51 13 66 76 2 20 24 79 54 21 82 39 41 93 77 51 40 69 41 78 25 42 85 34 30 5 44 70 83 29 83 31 32 99 51 52 56 5 32 82 8 7 1 17 35 90 44 68 81 43 9 14 93 56 27 56 73 47 58 3 77 90 38 92 53 27 59 72 88 70 48 79 7 7 13 96 92 96 81 28 91 8 26 0 72 99 33 26 58 75 17 40 53 82 35 85 74 9 6 35 97 61 74 5 9 92 56 28 17 2 90 89 25 10 13 42 87 21 39 30 24 62 82 2 57 18 88 35 24 35 42 43 92 6 
61 86 13 22 38 78 91 25 40 72 28 81 43 29 25 34 33 51 87 79 16 82 77 39 37 19 49 35 87 15 41 74 69 81 67 94 20 81 94 86 52 52 87 24 58 42 68 20 26 13 84 70 94 94 29 13 35 70 88 6 98 94 56 30 32 19 11 88 30 15 21 90 37 75 14 71 80 15 63 76 96 46 61 18 26 42 12 60 94 31 61 62 20 77 94 9 32 52 45 9 33 13 29 9 32 31 99 13 22 70 12 20 50 1 23 52 79 71 91 41 76 77 86 55 75 80 51 97 80 10 15 14 58 13 81 40 25 81 84 72 0 86 24 20 65 28 49 55 64 6 35 53 48 3 26 22 57 49 2 22 98 10 10 52 60 40 69 97 42 81 1 99 35 74 21 25 32 89 60 65 13 63 28 94 7 87 1 4 29 75 
25 30 19 93 97 38 14 18 15 4 30 55 19 46 4 42 94 23 34 3 82 59 30 40 23 79 10 25 6 22 6 73 59 24 8 73 64 11 92 71 44 16 74 19 84 8 94 43 55 5 23 31 96 81 91 54 86 19 49 20 63 60 50 49 59 44 57 24 77 99 3 98 83 60 39 14 77 26 66 67 11 47 71 85 6 20 70 35 60 83 26 75 58 69 90 54 52 6 60 38 26 18 81 77 13 73 50 59 21 67 84 41 4 22 37 83 33 83 39 17 73 10 88 77 13 60 7 23 57 60 86 64 61 68 9 70 9 73 90 99 86 0 68 11 3 61 68 40 78 90 81 87 10 22 98 67 72 29 31 54 27 27 68 28 46 94 89 4 58 22 27 16 16 9 79 19 83 44 56 92 6 29 35 99 43 69 65 94 97 63 
83 45 31 72 37 90 12 88 94 24 90 13 84 83 57 66 15 38 55 70 77 19 53 7 57 70 15 98 10 88 22 32 51 65 16 71 12 71 65 21 91 8 26 97 24 42 52 64 29 63 55 3 2 91 3 85 45 45 2 31 46 20 10 41 47 43 98 13 12 43 4 47 70 50 35 68 82 61 70 37 84 73 15 78 79 53 2 75 76 15 38 45 6 86 14 34 52 99 49 11 10 21 17 19 10 72 90 44 59 32 78 13 22 79 36 94 41 36 16 78 96 78 21 97 21 35 59 11 2 96 24 70 67 78 3 54 82 74 65 33 24 68 0 49 21 51 71 41 51 85 9 95 30 8 57 8 42 37 99 20 25 96 98 3 2 37 13 82 32 39 22 88 81 97 7 60 66 50 4 44 36 77 39 86 69 86 29 94 85 10 
98 38 60 93 99 55 43 2 49 13 78 86 90 82 94 50 31 14 16 97 93 46 26 9 99 62 32 73 95 54 4 52 54 72 26 77 4 26 89 48 76 72 33 81 86 32 94 90 30 68 50 14 53 13 2 61 96 12 58 95 44 36 81 81 52 91 85 5 28 44 30 19 60 68 80 79 89 78 90 37 28 47 35 75 37 37 83 65 31 77 30 58 75 83 1 42 93 81 53 26 7 41 32 67 31 7 14 67 73 48 92 15 6 45 49 13 81 14 74 53 1 5 9 60 6 30 68 37 80 2 97 67 52 76 22 12 54 34 71 26 20 11 49 0 40 18 12 67 70 96 98 75 38 73 63 7 55 66 97 17 19 12 82 37 26 1 68 33 82 57 92 22 77 74 33 33 67 62 11 77 69 52 45 41 83 11 49 79 64 55 
3 23 6 26 2 5 11 46 14 78 11 11 89 69 32 26 39 16 28 23 27 66 87 1 95 84 25 13 81 14 12 59 44 18 95 81 40 20 64 47 79 77 91 19 32 34 48 34 19 54 85 89 59 67 85 45 28 47 81 45 4 90 12 87 5 11 75 95 19 41 17 14 77 21 45 59 13 90 48 27 41 94 9 46 15 47 49 88 90 35 91 13 64 86 55 57 4 29 39 84 68 11 37 79 79 68 91 33 94 59 66 83 66 41 76 80 99 86 97 13 52 15 60 29 23 57 95 38 14 53 59 41 53 23 84 9 27 24 90 58 65 3 21 40 0 1 54 51 25 99 22 90 95 54 56 91 20 70 62 22 59 60 2 76 93 19 90 65 65 93 2 57 67 62 35 34 24 59 74 65 47 59 49 43 10 6 94 77 97 16 
93 92 17 98 33 44 89 59 20 8 62 82 57 68 29 86 97 85 38 43 50 28 38 88 59 36 25 51 26 75 80 16 48 65 63 37 31 9 71 1 52 13 32 95 20 15 88 86 98 10 4 17 68 30 94 40 71 15 53 26 48 92 5 38 4 19 41 1 64 88 17 34 34 25 49 74 74 90 80 59 60 4 29 7 95 73 5 48 81 82 80 32 16 75 58 77 88 71 25 42 85 22 19 70 47 53 46 16 38 67 12 32 97 7 9 80 46 55 64 63 40 20 83 79 67 52 60 14 11 17 84 80 83 60 30 37 7 96 50 75 28 61 51 18 1 0 59 91 55 11 57 81 15 42 31 56 12 54 73 18 88 76 8 71 43 55 22 11 56 84 99 83 38 22 25 59 95 19 34 84 6 39 22 7 31 52 70 27 8 90 
99 55 96 2 31 12 25 22 16 53 17 79 43 62 77 49 88 47 6 3 89 97 16 43 22 36 23 64 54 35 68 49 51 13 28 69 23 65 60 53 58 22 99 24 96 89 41 64 36 26 54 33 97 67 57 56 90 51 46 70 88 21 33 2 25 51 1 90 3 87 6 83 96 23 7 16 54 18 67 54 56 98 37 30 47 73 5 46 42 68 83 84 99 32 25 23 80 39 21 38 53 31 43 53 29 31 40 70 10 65 96 30 23 96 86 65 31 94 72 16 61 7 56 57 7 24 38 80 12 92 69 69 20 78 62 55 44 58 2 17 49 68 71 12 54 59 0 85 26 67 46 13 25 62 95 27 90 48 22 59 41 2 17 81 75 60 62 10 10 84 41 42 29 63 17 25 10 58 60 72 74 86 6 16 29 12 55 89 89 58 
11 77 97 14 8 30 48 18 98 31 80 72 5 84 3 54 1 39 65 21 33 84 23 19 35 57 75 65 72 50 7 4 48 85 94 37 78 3 96 98 30 67 64 92 52 91 18 57 61 22 27 17 57 25 7 90 18 76 96 32 5 69 88 9 3 86 45 43 19 51 49 37 17 1 29 63 21 1 58 40 80 23 79 49 83 97 84 52 78 45 56 43 79 51 45 75 40 53 31 1 25 39 80 87 76 47 43 54 22 18 7 45 26 22 7 8 70 29 93 73 25 7 25 7 25 69 97 80 82 72 33 62 61 13 13 16 66 31 98 40 55 40 41 67 51 91 85 0 10 65 87 94 11 6 79 85 4 84 2 34 6 64 88 44 61 44 97 12 98 94 19 71 98 81 99 10 69 34 54 12 90 44 75 76 82 4 95 41 86 96 
55 13 61 39 51 77 69 57 42 27 75 85 12 70 61 49 38 90 35 57 26 59 92 45 40 54 26 34 66 71 76 26 88 39 19 77 63 73 28 6 69 10 10 37 69 68 37 89 78 35 33 91 58 38 66 68 49 65 22 75 40 41 6 48 31 2 28 56 23 27 71 75 86 7 11 19 35 72 9 34 30 47 6 61 18 62 84 84 4 16 13 19 18 10 86 94 69 23 97 12 40 5 49 7 97 42 12 31 97 13 64 3 75 23 13 63 95 92 47 24 96 31 93 71 75 57 34 32 1 26 92 24 75 48 94 60 30 13 73 53 64 78 51 70 25 55 26 10 0 44 54 81 26 26 91 86 40 25 64 14 47 16 16 76 35 7 43 49 25 75 70 92 76 60 81 54 20 74 90 4 17 31 59 37 32 3 87 52 59 19 
97 60 44 86 51 90 44 34 36 9 77 30 25 39 60 1 67 55 43 40 99 21 37 44 55 23 20 60 56 24 47 65 95 77 91 45 65 65 55 17 61 37 33 16 16 11 48 26 26 24 1 60 72 62 6 65 66 88 90 30 69 76 55 90 55 39 24 95 13 92 44 94 69 3 27 85 4 39 18 27 32 16 30 20 71 56 36 7 28 60 54 44 16 32 95 86 72 96 17 8 48 68 63 94 93 12 10 39 86 7 19 33 53 52 88 26 97 34 96 80 81 74 73 23 32 97 64 63 81 83 84 94 20 19 82 37 55 90 46 82 6 90 85 96 99 11 67 65 44 0 96 30 12 9 76 79 43 78 71 77 26 71 38 41 36 28 66 4 58 60 14 10 31 40 97 58 78 75 70 34 74 77 68 37 47 87 21 80 21 21 
83 27 32 28 33 33 92 44 26 97 98 13 23 75 73 39 43 28 88 38 53 97 46 94 29 14 97 36 64 54 17 29 55 38 85 48 57 94 36 45 50 60 67 15 39 77 52 85 69 21 16 64 93 86 10 42 20 30 74 91 6 79 94 77 29 9 69 42 6 11 7 93 9 19 45 21 62 80 42 66 29 40 12 10 68 23 77 49 7 56 43 61 31 64 79 95 10 2 17 47 88 87 90 83 49 16 76 28 37 19 10 73 66 19 88 83 29 50 92 42 35 24 70 76 72 4 70 43 99 25 32 81 65 80 71 90 22 10 21 35 35 81 9 98 22 57 46 87 54 96 0 76 46 70 18 17 18 94 89 24 5 49 49 24 41 25 74 98 95 3 83 30 11 95 58 81 52 50 61 78 40 81 14 28 46 53 96 29 37 82 
87 77 45 39 44 51 14 76 52 85 1 64 7 64 41 8 62 30 45 27 61 44 67 6 12 49 75 20 8 52 64 69 75 38 74 45 72 20 30 30 81 72 69 66 55 50 26 54 52 50 79 30 71 47 18 96 64 64 8 5 72 15 49 85 28 17 12 76 89 34 54 37 35 26 87 66 73 1 69 30 62 58 15 97 36 11 88 54 10 26 30 27 96 57 97 19 24 3 44 67 4 41 16 42 47 94 80 18 68 78 93 65 38 64 59 46 76 40 80 43 37 35 49 6 33 22 94 28 91 66 80 69 84 23 38 58 3 84 1 85 53 87 95 75 90 81 13 94 81 30 76 0 4 12 72 57 70 18 11 74 65 2 19 33 40 32 53 58 52 85 84 98 80 42 60 81 42 58 31 8 3 99 62 13 77 75 11 57 20 34 
71 72 25 85 42 52 7 99 35 82 31 8 5 73 16 22 19 49 91 22 78 85 4 3 60 22 62 7 69 13 5 60 66 84 80 52 36 74 29 49 3 46 77 78 68 20 76 35 42 99 54 94 1 91 88 47 27 67 1 59 60 48 3 11 42 42 33 92 20 67 54 79 13 16 58 8 62 53 16 31 58 72 57 55 74 8 7 81 67 25 74 44 2 28 26 50 91 73 28 26 71 31 99 65 94 17 20 97 39 23 35 60 45 24 84 35 68 30 57 70 56 53 80 72 41 4 11 18 25 6 23 12 54 65 33 75 38 79 69 74 48 10 30 38 95 15 25 11 26 12 46 4 0 43 83 50 59 8 43 90 30 37 5 27 5 32 98 68 27 42 83 47 45 45 7 38 49 96 73 66 23 27 52 34 68 38 73 31 53 21 
67 88 63 34 70 43 3 3 23 74 4 71 80 13 38 6 1 16 43 4 6 12 59 63 3 8 86 24 87 71 20 60 4 44 37 21 53 67 33 51 4 34 65 31 44 21 87 60 26 53 29 74 40 49 18 19 33 8 15 79 8 74 52 31 40 46 48 18 13 40 59 70 39 32 69 54 60 2 21 38 23 68 20 63 13 59 10 25 68 84 61 70 62 40 59 34 22 12 93 16 70 14 55 97 74 21 44 43 57 12 36 74 32 58 19 65 96 53 69 81 32 51 33 38 14 74 60 66 26 87 57 28 44 75 55 50 17 13 85 9 3 22 8 73 54 42 62 6 26 9 70 12 43 0 20 48 40 55 81 63 72 85 24 68 13 13 14 88 40 99 56 46 54 9 75 11 71 72 30 74 57 41 18 26 54 49 72 96 45 57 
72 40 80 2 2 24 68 97 34 40 82 83 29 35 8 16 46 74 45 63 47 99 96 37 4 7 8 97 40 11 41 84 45 88 1 3 47 32 54 87 79 92 35 54 33 55 66 45 55 98 25 35 3 31 13 46 2 1 34 85 34 15 29 95 39 79 21 1 25 37 2 36 37 63 7 9 45 24 3 3 45 53 3 27 69 21 58 17 83 96 69 34 24 99 97 5 57 73 50 58 35 3 49 95 76 10 67 79 88 54 40 1 84 24 92 10 21 96 38 14 67 50 91 1 35 21 61 58 38 68 76 44 74 62 64 7 88 67 8 6 26 98 57 63 56 31 95 79 91 76 18 72 83 20 0 10 6 44 74 52 27 24 5 16 33 86 14 17 34 29 22 10 91 59 95 57 47 19 15 49 86 81 69 22 66 8 18 93 92 9 
49 44 22 32 98 90 94 91 62 57 65 64 54 25 83 78 83 30 53 29 65 91 73 95 87 78 54 61 58 99 38 78 12 78 13 47 9 66 98 18 88 78 2 61 73 74 12 22 92 40 83 29 19 68 76 87 85 18 59 85 58 1 86 15 23 68 62 46 53 47 64 64 34 19 94 33 36 17 36 24 92 52 97 74 65 70 4 14 75 76 39 17 34 71 38 27 29 23 92 24 74 93 46 51 96 20 39 27 32 44 70 93 75 25 91 65 93 91 84 2 81 86 5 32 50 25 53 99 8 58 51 67 3 53 23 31 69 91 76 35 22 67 8 7 91 56 27 85 86 79 17 57 50 48 10 0 98 56 68 42 46 71 61 71 88 57 12 83 40 99 76 79 35 96 69 21 50 66 6 72 50 28 43 73 92 54 59 7 6 34 
55 77 20 39 52 44 5 84 79 61 39 65 31 84 39 81 95 52 89 10 11 47 73 60 11 29 89 19 74 5 63 5 53 14 24 77 81 65 78 97 73 34 25 68 34 71 91 94 99 3 16 56 73 20 6 94 16 46 79 28 90 65 30 14 84 57 69 97 54 54 29 96 93 62 69 89 80 20 22 83 88 18 55 81 37 48 37 15 36 43 39 11 40 62 66 17 73 74 6 94 55 50 93 42 77 55 36 40 97 42 35 1 67 93 11 14 22 57 94 57 57 42 83 44 4 88 25 98 41 12 35 76 21 99 57 13 85 81 22 97 57 72 42 55 20 12 90 4 40 43 18 70 59 40 6 98 0 54 4 75 5 91 48 23 28 86 59 75 89 93 68 49 14 49 10 48 41 44 32 3 74 91 54 13 21 71 78 79 66 18 
16 39 78 29 31 89 29 27 8 26 68 45 22 35 48 64 72 50 58 55 98 38 90 84 28 44 62 97 78 97 59 70 57 44 98 37 61 69 81 58 26 74 65 85 93 39 17 90 96 98 59 72 41 44 10 11 79 61 68 65 58 24 61 83 32 68 22 54 4 63 65 31 80 55 91 51 64 55 48 24 79 68 60 44 55 70 40 60 57 48 70 39 9 90 54 59 12 40 16 3 33 3 45 92 19 21 43 16 91 25 38 7 48 60 43 95 66 9 31 5 24 17 6 83 44 38 98 14 47 94 58 11 62 44 43 4 97 41 92 61 49 29 37 66 70 54 48 84 25 78 94 18 8 55 44 56 54 0 38 9 99 90 43 62 58 86 49 31 67 24 24 26 96 90 43 28 57 28 16 87 11 56 47 59 18 7 11 12 38 64 
6 92 34 76 83 96 36 27 33 66 31 70 28 23 61 98 71 89 81 2 2 89 17 20 2 85 76 63 39 12 6 67 41 91 10 46 4 46 77 33 40 98 17 96 37 36 90 59 80 50 26 46 31 2 44 34 83 11 48 1 72 89 47 25 17 5 75 15 34 40 87 94 53 89 82 41 64 99 49 55 43 20 30 9 83 8 32 93 45 51 33 33 86 78 79 17 20 22 94 33 34 61 96 82 81 61 46 83 74 81 12 53 95 60 39 76 43 26 49 93 21 10 71 48 34 68 73 4 25 67 8 69 43 62 98 73 35 1 66 74 2 31 99 97 62 73 22 2 64 71 89 11 43 81 74 68 4 38 0 53 18 63 77 68 87 89 11 41 48 86 85 38 14 28 45 95 20 70 51 93 84 42 60 26 78 20 3 28 88 81 
18 70 5 32 50 29 83 53 4 96 22 76 6 90 61 31 97 65 3 29 57 41 86 24 62 71 69 10 32 75 80 74 15 28 47 15 23 92 84 79 10 85 5 85 13 51 73 60 98 99 67 50 52 88 1 57 56 39 54 3 29 69 18 33 5 71 91 17 75 94 16 1 31 29 90 37 88 4 83 65 86 57 7 66 62 97 43 87 60 74 80 79 99 54 67 9 70 90 54 73 11 85 56 69 77 99 18 75 41 72 63 99 91 96 36 64 65 72 44 32 57 63 44 83 13 41 95 1 16 96 85 17 99 86 40 88 88 5 17 5 22 54 20 17 22 18 59 34 14 77 24 74 90 63 52 42 75 9 53 0 28 18 23 69 53 42 69 95 95 70 33 2 88 38 23 21 95 97 8 13 17 99 60 46 65 71 1 30 63 64 
43 99 40 52 82 65 78 56 68 28 27 89 36 41 49 33 54 14 65 7 73 7 75 31 71 98 18 24 77 38 87 44 39 47 87 25 32 94 4 2 44 39 87 86 55 53 67 8 48 21 1 42 58 81 86 32 53 53 23 6 48 46 49 17 44 57 98 97 35 38 59 8 6 63 49 43 79 72 98 38 44 35 97 85 59 72 63 22 72 86 37 85 72 75 57 35 70 57 18 39 48 22 18 99 76 80 60 48 63 27 71 90 79 29 26 28 35 83 40 61 60 86 20 34 81 73 71 27 7 12 42 36 35 61 82 49 10 75 49 9 98 27 25 19 59 88 41 6 47 26 5 65 30 72 27 46 5 99 18 28 0 78 43 94 6 62 63 49 24 4 86 34 75 19 6 14 87 19 54 63 81 79 25 17 97 77 54 29 38 43 
21 34 68 67 83 87 47 8 96 19 96 35 73 88 83 73 1 53 74 45 92 45 33 18 13 29 44 41 60 32 75 88 98 69 76 85 96 23 89 22 57 71 78 64 89 42 32 71 11 7 61 41 63 82 89 4 57 10 95 19 5 52 93 79 32 86 73 83 24 2 58 69 73 4 98 4 83 87 45 47 80 6 73 83 66 3 31 18 9 68 3 81 35 79 4 5 52 58 64 54 3 77 50 29 48 83 89 76 85 84 86 79 21 90 21 40 67 80 52 61 28 70 22 70 46 18 19 38 80 43 88 60 81 95 85 52 2 76 73 92 10 27 96 12 60 76 2 64 16 71 49 2 37 85 24 71 91 90 63 18 78 0 23 7 27 37 91 89 36 57 1 71 15 59 30 71 3 29 40 3 51 9 36 27 10 59 92 89 21 72 
49 44 35 68 96 59 79 63 58 87 11 15 83 76 9 45 43 95 96 68 57 31 63 99 31 74 29 77 82 44 45 84 14 5 75 72 96 98 70 95 65 86 24 69 36 93 7 71 63 70 86 45 44 32 18 21 23 13 58 62 62 43 43 53 95 18 72 59 61 97 24 37 67 83 46 37 10 44 63 80 62 33 2 46 69 26 88 18 78 38 46 36 75 69 2 43 93 22 22 88 59 40 20 59 64 96 19 6 22 36 34 59 35 56 35 29 95 20 76 89 28 93 20 24 85 66 28 80 66 58 26 51 45 26 65 44 94 52 31 56 10 68 98 82 2 8 17 88 16 38 49 19 5 24 5 61 48 43 77 23 43 23 0 7 94 8 67 99 77 45 49 3 53 91 15 33 29 97 51 34 51 93 43 24 60 76 39 14 20 22 
23 27 35 33 72 89 7 32 97 2 70 60 49 78 86 41 41 60 50 33 22 59 7 40 68 90 18 98 28 95 11 74 47 99 6 31 56 55 58 1 10 37 72 69 92 99 14 50 61 32 68 96 14 16 64 35 58 42 18 73 52 90 12 25 81 80 17 93 1 37 2 40 66 80 66 59 32 42 51 76 48 35 46 22 85 6 58 31 35 20 9 13 52 68 53 4 79 5 53 2 82 25 94 66 56 59 48 58 5 23 33 97 10 94 27 53 13 23 10 90 90 66 96 47 4 66 96 61 82 76 6 31 7 5 73 59 49 13 67 28 52 28 3 37 76 71 81 44 76 41 24 33 27 68 16 71 23 62 68 69 94 7 7 0 66 21 28 51 44 89 12 69 91 26 85 42 44 68 76 91 60 32 12 8 24 40 29 75 99 5 
14 57 43 75 22 52 92 80 47 35 34 89 52 39 69 68 40 35 32 30 87 34 74 56 80 7 53 7 90 38 7 79 62 32 70 94 11 62 89 77 2 95 81 22 95 13 39 13 99 4 18 5 35 89 27 67 76 24 17 65 2 35 35 86 26 80 40 95 29 97 49 17 28 31 54 49 41 15 29 10 84 82 43 60 92 23 66 43 72 28 86 4 82 46 49 71 85 10 88 30 6 44 98 35 68 10 4 59 63 66 24 38 28 93 70 2 36 5 51 50 81 57 99 95 17 6 97 57 3 61 62 85 16 72 62 6 49 54 69 17 60 46 2 26 93 43 75 61 35 36 41 40 5 13 33 88 28 58 87 53 6 27 94 66 0 99 62 9 59 28 96 61 21 81 63 93 48 87 60 38 62 2 57 27 95 10 93 35 60 11 
98 70 79 33 19 23 81 93 90 3 37 34 95 76 40 25 25 4 32 70 38 66 38 24 62 54 49 80 40 87 33 63 6 59 43 96 79 48 81 22 82 13 22 27 11 84 86 4 64 96 50 58 36 71 29 96 64 71 7 43 91 86 91 9 36 75 38 47 71 89 74 39 72 2 90 98 71 91 72 9 58 89 82 70 82 66 86 29 73 90 87 20 48 14 28 51 37 11 33 59 58 21 45 36 96 52 18 3 94 96 43 86 87 19 31 23 53 20 73 81 35 60 90 62 22 48 79 38 63 25 18 38 58 7 12 11 68 27 96 2 40 94 37 1 19 55 60 44 7 28 25 32 32 13 86 57 86 86 89 42 62 37 8 21 99 0 13 23 88 83 99 70 37 67 24 4 55 33 21 55 50 23 83 73 99 37 21 57 60 93 
54 74 83 98 47 11 21 77 22 18 10 25 25 22 64 79 41 65 42 13 73 22 3 17 58 14 92 35 9 1 41 5 62 90 4 12 56 25 48 85 16 43 94 44 97 59 5 82 71 32 80 12 17 4 88 25 32 58 34 74 75 85 20 69 44 2 60 23 68 49 14 33 26 62 93 34 15 11 87 69 34 73 5 13 35 85 1 6 94 58 6 32 93 60 23 44 69 18 73 1 40 84 87 98 1 14 40 21 47 72 63 88 60 95 69 16 67 38 33 50 59 27 2 63 15 71 12 50 74 37 58 68 18 32 36 93 20 60 27 90 69 89 13 68 90 22 62 97 43 66 74 53 98 14 14 12 59 49 11 69 63 91 67 28 62 13 0 12 48 66 35 48 5 21 13 81 70 64 87 89 54 11 50 8 82 33 93 26 91 67 
85 53 39 6 45 32 24 47 93 86 1 4 77 16 55 68 93 81 40 91 75 90 46 10 8 73 95 81 4 39 9 73 15 42 34 51 19 24 19 92 87 69 61 38 88 29 30 3 6 12 74 55 63 69 2 75 44 76 95 89 25 59 18 50 65 28 75 8 70 20 72 88 57 37 84 69 84 87 12 87 37 19 56 18 5 94 2 83 82 81 97 46 87 57 24 92 18 91 16 93 49 38 95 1 3 10 73 13 96 25 83 44 42 75 88 15 16 83 94 19 75 66 1 69 38 17 11 31 55 79 75 78 69 89 96 68 20 35 14 89 97 4 82 33 65 11 10 12 49 4 98 58 68 88 17 83 75 31 41 95 49 89 99 51 9 23 12 0 23 99 69 63 60 15 76 10 12 8 90 66 3 70 18 43 17 95 19 96 77 31 
11 90 49 1 92 10 64 88 85 12 56 42 41 56 14 51 73 93 15 16 93 58 14 92 43 55 60 7 15 26 67 41 78 64 77 73 95 27 35 80 84 26 48 5 68 71 21 42 88 22 19 24 96 49 78 40 96 24 16 51 41 67 92 12 65 87 75 37 10 75 73 58 26 29 19 78 16 29 41 86 74 14 76 99 39 50 53 90 35 4 41 91 29 62 68 75 2 85 20 50 61 64 69 93 20 70 81 97 25 8 80 15 7 31 51 4 39 47 21 12 71 92 70 92 34 51 12 11 96 76 2 88 89 58 63 49 93 96 55 25 42 58 32 82 65 56 10 98 25 58 95 52 27 40 34 40 89 67 48 95 24 36 77 44 59 88 48 23 0 34 43 7 85 22 70 15 83 15 80 24 31 16 88 29 77 5 90 62 76 5 
97 28 82 38 10 7 72 71 59 94 70 31 86 69 62 49 32 58 3 75 15 1 42 31 4 90 22 33 99 23 96 98 66 97 21 69 88 34 70 53 80 89 99 34 31 43 93 43 49 42 41 46 86 54 34 73 35 55 49 67 97 59 3 11 98 63 4 55 14 33 15 61 37 73 26 28 24 90 90 53 80 6 29 8 37 60 5 21 62 1 74 74 68 55 28 75 39 57 76 31 46 14 25 16 85 92 60 70 83 91 79 91 13 98 90 21 88 16 66 68 82 12 30 3 26 65 93 52 7 10 60 69 40 55 89 98 30 64 77 10 81 22 39 57 93 84 84 94 75 60 3 85 42 99 29 99 93 24 86 70 4 57 45 89 28 83 66 99 34 0 60 37 53 52 94 18 56 81 80 32 66 9 51 39 47 67 11 86 35 74 
56 44 6 73 5 31 7 70 65 54 11 23 29 83 41 36 5 1 48 93 15 78 34 49 54 51 87 13 10 45 73 13 93 83 58 95 78 84 77 57 64 95 19 41 67 25 55 19 73 2 92 61 97 35 81 88 76 91 53 48 37 89 88 18 32 22 87 96 62 84 38 30 19 24 7 40 26 27 53 59 50 6 70 63 88 41 7 36 79 88 45 91 37 65 24 41 91 36 57 25 78 61 33 97 8 5 12 14 83 55 14 69 28 2 1 31 10 34 55 22 8 79 58 25 96 67 96 53 64 84 46 83 47 15 64 7 58 17 61 13 1 27 22 92 2 99 41 19 70 14 83 84 83 56 22 76 68 24 85 33 86 1 49 12 96 99 35 69 43 60 0 47 48 63 83 99 3 97 21 45 70 27 59 77 43 79 73 58 43 39 
62 2 92 44 78 68 22 56 41 60 4 54 41 69 74 53 30 10 36 17 50 68 4 50 90 49 72 71 76 94 58 19 48 55 2 80 16 95 85 67 93 41 83 45 39 5 61 36 79 59 78 7 66 75 16 7 97 2 95 95 52 88 94 12 24 99 94 25 23 1 71 51 27 57 80 22 86 99 41 49 66 30 56 46 27 61 94 81 66 15 18 72 19 90 38 31 68 1 66 39 34 28 39 55 78 6 79 61 76 88 35 11 27 5 16 6 18 20 91 89 36 28 58 78 63 97 92 47 92 6 2 34 64 72 11 19 70 21 45 42 99 16 88 22 57 83 42 71 92 10 30 98 47 46 10 79 49 26 38 2 34 71 3 69 61 70 48 63 7 37 47 0 10 8 16 80 43 32 39 50 15 16 54 12 61 33 64 99 81 44 
57 83 9 25 64 19 65 93 79 83 40 97 48 12 75 32 36 91 51 24 89 16 5 38 13 39 93 96 79 47 25 55 77 88 67 63 90 41 33 92 6 82 15 95 31 91 23 64 56 86 95 38 66 24 48 34 57 51 18 6 88 47 98 34 61 16 62 92 6 20 92 54 57 12 7 30 32 96 40 15 12 33 21 17 21 38 45 73 56 72 1 13 10 98 49 56 13 44 9 97 70 26 51 51 32 16 26 66 63 91 18 11 4 93 46 30 89 39 38 86 30 43 80 4 75 38 99 53 29 44 9 2 29 80 39 28 27 50 78 87 35 16 81 77 67 38 29 98 76 31 11 80 45 54 91 35 14 96 14 88 75 15 53 91 21 37 5 60 85 53 48 10 0 44 37 23 62 99 38 88 62 93 66 65 23 34 29 42 43 7 
90 95 41 17 24 13 51 99 79 12 78 92 24 37 69 2 36 39 33 16 46 71 31 52 75 58 10 52 82 86 95 36 14 40 80 49 55 19 27 89 82 87 28 32 45 25 30 60 42 99 62 72 67 10 78 52 2 75 53 41 84 64 68 90 22 61 42 75 72 55 72 74 57 39 4 76 13 65 88 8 47 31 86 95 12 19 67 11 10 84 65 94 26 4 7 61 9 94 73 3 75 1 40 57 35 79 20 48 91 37 12 47 2 68 40 86 58 31 61 82 75 32 45 61 2 24 4 26 68 85 47 62 49 55 35 31 7 87 56 21 74 9 97 74 62 22 63 81 60 40 95 42 45 9 59 96 49 90 28 38 19 59 91 26 81 67 21 15 22 52 63 8 44 0 59 48 85 9 65 35 76 41 89 38 35 21 59 40 71 32 
22 97 70 97 96 74 91 88 63 84 38 92 29 58 25 65 49 18 33 12 87 4 66 22 76 35 11 46 65 14 34 20 6 72 78 83 63 15 1 79 65 58 62 57 65 86 84 33 98 23 81 44 85 10 74 84 50 9 31 92 68 69 12 40 74 30 71 40 18 92 33 82 82 65 58 43 5 39 74 86 48 66 83 29 69 61 5 36 60 45 87 97 47 43 4 60 86 43 70 12 9 99 71 38 39 44 51 53 63 37 60 10 11 55 50 74 16 4 89 87 14 50 19 69 35 69 32 59 42 94 17 26 81 87 92 43 95 92 2 39 21 79 7 33 35 25 17 99 81 97 58 60 7 75 95 69 10 43 45 23 6 30 15 85 63 24 13 76 70 94 83 16 37 59 0 19 43 77 64 53 1 41 78 89 17 96 91 54 64 31 
97 27 6 97 60 75 10 86 63 4 17 83 85 28 26 32 31 14 42 5 31 48 70 1 60 69 21 18 74 32 48 32 23 37 62 36 75 39 75 96 28 57 27 57 90 74 30 94 89 43 84 8 70 83 38 23 86 65 3 34 3 45 70 78 25 76 31 17 38 73 9 6 28 77 32 50 4 44 56 6 68 57 42 35 40 12 48 17 2 58 47 31 98 11 8 30 64 20 19 59 56 39 63 61 55 54 51 86 5 73 80 90 19 61 13 83 9 64 25 53 44 37 97 67 58 57 69 35 35 65 4 43 64 40 97 68 98 65 59 30 25 19 60 33 34 59 25 10 54 58 81 81 38 11 57 21 48 28 95 21 14 71 33 42 93 4 81 10 15 18 99 80 23 48 19 0 76 71 35 34 26 4 4 12 76 31 32 60 80 52 
84 85 8 42 65 92 93 75 48 84 26 98 90 80 34 19 48 43 43 72 84 43 89 32 35 66 84 88 84 47 95 10 42 40 78 13 51 64 20 57 19 82 69 99 17 29 85 58 30 9 4 20 79 9 25 17 41 70 38 80 68 33 60 62 12 88 84 57 7 29 4 85 73 39 26 6 80 68 24 90 79 73 36 47 95 86 48 35 48 74 26 31 37 14 55 86 40 89 47 92 75 60 38 90 41 80 18 79 53 15 73 88 48 6 61 12 11 68 1 40 61 66 71 5 11 7 49 83 8 88 88 37 68 13 45 65 76 91 40 24 32 83 66 67 24 95 10 69 20 78 52 42 49 71 47 50 41 57 20 95 87 3 29 44 48 55 70 12 83 56 3 43 62 85 43 76 0 80 61 56 85 4 17 47 5 86 89 58 45 18 
26 31 79 25 83 66 68 16 28 1 47 37 38 2 19 67 1 53 96 95 78 2 75 94 70 52 16 87 16 82 53 71 7 71 79 82 78 7 45 10 16 54 80 85 99 88 61 28 38 21 2 44 65 72 26 16 65 76 51 6 65 60 17 67 98 54 82 54 29 50 6 29 82 88 82 70 45 93 66 36 49 13 77 76 57 41 48 74 58 26 42 55 10 73 79 28 49 76 55 60 87 82 91 6 43 5 48 32 37 41 44 14 12 68 25 19 73 87 68 53 28 45 33 93 71 97 78 2 57 39 96 57 88 58 61 6 37 84 32 62 89 44 50 62 59 19 58 34 74 75 50 58 96 72 19 66 44 28 70 97 19 29 97 68 87 33 64 8 15 81 97 32 99 9 77 71 80 0 88 22 79 36 14 64 78 48 8 84 22 50 
15 65 38 22 32 86 86 15 72 94 8 7 6 13 79 16 80 10 17 25 72 82 37 19 51 25 47 85 65 67 92 30 16 17 86 32 56 72 29 12 12 3 85 15 76 98 40 77 1 71 45 30 43 42 5 82 51 97 57 78 28 23 71 51 25 79 80 29 58 36 48 70 28 3 60 19 31 19 40 42 1 35 33 55 24 21 37 86 3 30 53 40 69 50 21 9 60 52 15 54 67 85 42 61 59 54 65 46 31 21 11 67 44 51 13 49 50 18 67 14 98 75 61 86 43 20 27 28 46 20 93 47 54 84 66 69 47 2 11 82 60 56 4 11 74 34 60 54 90 70 61 31 73 30 15 6 32 16 51 8 54 40 51 76 60 21 87 90 80 80 21 39 38 65 64 35 61 88 0 38 8 35 49 63 31 12 4 92 41 7 
14 23 79 28 2 54 34 57 43 86 44 39 24 2 47 44 8 39 84 81 59 48 66 40 98 86 39 7 53 37 12 33 31 11 51 71 67 53 4 85 71 13 76 28 68 57 50 89 95 55 38 62 29 88 16 70 57 87 91 67 21 8 4 77 8 66 65 39 78 78 66 85 79 85 10 99 66 89 31 48 9 16 5 94 52 79 26 54 20 64 33 5 81 45 58 48 99 56 72 79 41 74 6 18 87 52 59 7 12 8 1 41 50 32 7 66 77 31 94 10 17 24 1 48 60 62 85 96 39 50 39 68 65 51 65 62 11 44 49 2 65 92 44 77 65 84 72 12 4 34 78 8 66 74 49 72 3 87 93 13 63 3 34 91 38 55 89 66 24 32 45 50 88 35 53 34 56 22 38 0 87 46 63 72 60 52 70 11 42 83 
85 99 34 47 85 43 72 88 15 52 1 99 69 9 79 40 53 26 29 38 63 17 57 45 93 48 20 58 48 53 37 86 47 26 86 3 37 15 53 60 92 6 60 19 32 15 79 8 1 52 63 67 1 47 95 70 33 14 67 31 28 26 39 84 43 65 20 94 55 3 31 62 2 41 13 97 22 37 59 86 43 9 92 17 70 3 20 75 26 80 81 32 12 55 68 11 98 38 59 54 49 7 71 34 17 63 10 91 32 68 81 41 51 21 47 1 88 54 31 99 56 72 20 13 5 41 83 26 75 94 45 13 67 41 46 97 38 1 40 57 13 6 36 69 47 6 74 90 17 74 40 3 23 57 86 50 74 11 84 17 81 51 51 60 62 50 54 3 31 66 70 15 62 76 1 26 85 79 8 87 0 50 88 84 79 68 52 2 6 99 
44 53 28 36 79 7 9 2 94 92 57 32 21 90 8 21 10 58 32 64 43 69 78 50 22 39 61 58 27 35 7 95 93 48 17 71 63 44 93 14 52 29 9 77 1 10 67 6 76 15 63 65 95 75 55 66 63 29 66 16 15 81 40 72 90 40 62 95 13 63 44 34 34 29 49 22 36 39 84 64 70 25 78 73 26 56 39 72 54 56 58 84 63 78 56 90 59 88 43 69 98 81 75 39 68 93 15 49 13 62 60 39 86 39 17 69 88 40 4 79 26 77 4 46 86 31 64 59 75 96 86 71 65 96 91 23 62 90 40 18 63 29 77 52 59 39 86 44 31 77 81 99 27 41 81 28 91 56 42 99 79 9 93 32 2 23 11 70 16 9 27 16 93 41 41 4 4 36 35 46 50 0 89 26 4 35 99 56 44 20 
7 4 52 63 69 10 52 85 52 33 15 63 14 64 78 2 25 82 92 61 19 22 71 45 86 85 7 84 54 32 61 87 33 12 2 86 37 80 58 49 6 22 3 13 24 20 26 88 16 77 22 21 56 70 26 78 85 62 87 45 18 78 64 6 66 67 94 70 40 73 76 93 82 82 5 54 65 77 14 88 65 82 76 53 6 92 76 49 12 10 65 59 23 35 59 98 58 44 62 72 16 67 86 95 78 19 72 68 9 90 30 32 67 10 50 72 64 6 23 47 20 61 6 47 64 16 75 22 82 78 13 33 10 13 43 46 69 69 59 88 28 35 39 45 49 22 6 75 59 68 14 62 52 18 69 43 54 47 60 60 25 36 43 12 57 83 50 18 88 51 59 54 66 89 78 4 17 14 49 63 88 89 0 16 18 80 79 98 49 32 
78 71 78 69 55 37 34 76 19 87 56 48 57 91 9 1 52 52 12 82 59 62 17 24 76 39 24 73 17 14 30 85 19 79 22 26 14 84 9 33 69 47 81 25 84 65 66 43 51 3 25 36 25 98 33 64 24 78 6 33 77 66 74 33 59 37 65 3 93 70 73 41 17 22 47 33 10 79 81 4 37 22 41 37 5 77 86 56 9 95 66 49 84 81 46 59 10 58 51 69 25 10 46 10 7 26 39 58 24 97 31 67 84 42 96 38 73 83 40 27 46 98 55 58 8 47 18 79 27 78 9 56 15 79 72 42 92 65 18 35 94 99 86 41 43 7 16 76 37 37 28 13 34 26 22 73 13 59 26 46 17 27 24 8 27 73 8 43 29 39 77 12 65 38 89 12 47 64 63 72 84 26 16 0 62 77 1 65 84 54 
57 13 31 63 26 88 62 77 79 85 56 63 30 16 39 46 86 70 39 50 76 30 43 37 44 32 32 7 26 48 50 84 30 64 58 25 66 41 62 46 21 90 25 55 78 73 60 65 6 63 97 75 27 98 48 56 71 98 15 76 92 89 11 61 79 15 58 42 49 8 93 83 30 38 34 42 82 87 13 71 63 13 27 18 7 75 95 21 30 15 16 25 15 83 85 33 69 26 6 17 77 9 84 84 5 58 89 50 26 41 12 89 58 71 76 78 55 2 11 64 81 88 53 66 83 90 51 51 62 72 30 7 66 84 21 57 79 30 82 24 7 43 69 83 10 31 29 82 32 47 46 77 68 54 66 92 21 18 78 65 97 10 60 24 95 99 82 17 77 47 43 61 23 35 17 76 5 78 31 60 79 4 18 62 0 79 5 62 76 28 
60 40 44 33 84 60 8 91 11 82 53 35 29 86 50 83 92 54 88 79 13 45 98 82 4 79 92 88 8 19 56 12 72 44 23 53 53 22 11 20 53 94 63 49 90 1 94 78 65 76 60 2 4 56 8 97 89 30 12 45 11 32 80 42 59 96 63 33 79 2 27 74 9 95 38 97 81 99 63 41 53 27 31 71 84 90 2 79 43 78 65 1 52 8 99 4 78 34 68 71 58 30 23 93 59 25 21 10 38 26 81 68 66 3 9 66 58 31 1 87 49 35 20 29 85 66 34 29 44 23 16 3 4 19 63 93 19 88 36 35 87 69 86 11 6 52 12 4 3 87 53 75 38 49 8 54 71 7 20 71 77 59 76 40 10 37 33 95 5 67 79 33 34 21 96 31 86 48 12 52 68 35 80 77 79 0 88 25 96 60 
16 84 47 46 28 9 60 19 36 6 79 72 92 81 15 30 76 90 17 12 29 97 58 90 85 79 1 19 25 26 7 85 4 94 17 37 27 61 20 84 60 23 33 48 10 93 99 74 4 28 8 97 19 60 59 70 42 64 43 5 90 53 15 79 13 43 66 62 81 14 25 45 91 64 11 28 43 50 8 42 92 78 81 45 2 83 56 6 42 57 96 27 45 5 50 54 46 30 64 95 75 25 6 19 69 8 89 24 7 72 40 14 40 38 94 69 45 80 11 3 74 60 45 13 22 34 64 60 49 31 28 19 33 47 12 97 49 55 95 42 1 65 29 49 94 70 55 95 87 21 96 11 73 72 18 59 78 11 3 1 54 92 39 29 93 21 93 19 90 11 73 64 29 59 91 32 89 8 4 70 52 99 79 1 5 88 0 3 84 47 
25 49 10 89 57 54 42 63 50 12 98 43 55 85 18 27 15 70 57 1 46 67 94 70 7 9 84 31 5 64 41 97 1 42 68 2 73 97 28 34 37 98 61 44 28 95 80 46 84 8 58 78 12 2 47 52 39 57 79 16 59 3 32 84 18 3 71 59 60 90 31 58 47 40 64 28 13 5 38 86 69 76 76 44 82 37 84 38 93 72 59 11 56 31 56 5 48 39 74 91 10 84 8 27 40 39 6 97 32 28 53 82 82 77 80 93 46 14 37 97 23 66 95 34 72 8 63 19 58 94 41 94 76 49 59 51 83 42 85 43 4 94 94 79 77 27 89 41 52 80 29 57 31 96 93 7 79 12 28 30 29 89 14 75 35 57 26 96 62 86 58 99 42 40 54 60 58 84 92 11 2 56 98 65 62 25 3 0 37 81 
10 62 68 43 93 88 28 46 94 70 54 21 29 28 46 8 82 30 10 48 50 35 6 75 2 37 72 7 10 87 64 96 51 24 38 90 90 23 99 84 3 51 96 62 40 38 61 4 77 42 97 26 86 9 76 55 27 86 15 11 75 26 97 7 35 61 36 88 29 33 78 97 16 89 97 76 57 92 26 42 77 72 41 62 48 78 98 13 83 81 4 99 15 56 86 89 65 47 39 94 21 45 90 61 30 97 18 63 94 78 5 13 61 16 47 77 63 93 2 46 32 41 76 66 63 82 46 19 97 19 16 12 96 1 99 66 32 28 83 92 29 97 85 64 97 8 89 86 59 21 37 20 53 45 92 6 66 38 88 63 38 21 20 99 60 60 91 77 76 35 43 81 43 71 64 80 45 22 41 42 6 44 49 84 76 96 84 37 0 30 
67 71 4 58 9 19 52 66 80 10 61 91 64 94 58 53 62 91 65 24 95 89 90 86 66 96 10 88 26 6 8 83 70 34 61 52 93 49 7 47 69 98 45 8 91 42 50 70 50 22 79 49 96 64 62 10 2 63 85 14 8 5 98 38 80 36 65 96 83 49 51 10 2 31 23 97 78 99 84 19 11 9 84 95 25 13 68 40 54 72 85 73 10 42 28 90 14 50 57 70 79 24 53 97 75 77 46 63 12 66 73 44 88 82 6 5 68 59 63 14 21 36 79 21 18 93 89 11 10 6 70 98 9 80 36 32 12 36 94 6 75 63 10 55 16 90 58 96 19 21 82 34 21 57 9 34 18 64 81 64 43 72 22 5 11 93 67 31 5 74 39 44 7 32 31 52 18 50 7 83 99 20 32 54 28 60 47 81 30 0 
