300
0 38 13 73 10 76 6 80 65 17 2 77 72 7 26 51 21 19 85 12 29 30 15 51 69 88 88 95 97 87 14 10 8 64 62 23 58 2 1 61 82 9 89 14 48 73 31 72 4 71 22 50 58 4 69 25 44 77 27 53 81 42 83 16 65 69 26 99 88 8 27 26 23 10 68 24 28 38 58 84 39 9 33 35 11 24 16 88 26 72 93 75 63 47 33 89 24 56 66 78 4 1 78 7 53 86 71 3 77 92 22 76 8 78 73 76 77 44 21 31 37 8 46 69 58 83 97 14 11 24 82 8 25 75 93 21 33 13 66 95 61 25 83 98 3 93 99 11 55 97 83 87 71 67 72 49 55 16 6 18 43 21 49 23 14 98 54 85 11 97 56 62 57 90 22 97 84 26 15 14 85 44 7 78 57 60 16 25 10 67 72 54 70 37 22 41 78 92 50 48 78 41 79 46 88 17 29 46 68 67 79 47 1 30 64 76 36 54 94 34 3 85 84 49 55 33 29 56 83 32 29 95 75 9 33 9 85 78 51 80 42 65 84 25 21 45 16 31 92 15 20 27 87 8 54 48 61 35 33 20 68 25 84 95 39 48 6 80 64 88 33 43 75 67 89 99 31 18 69 65 61 79 18 40 36 82 29 23 39 42 75 78 71 26 49 51 63 45 55 1 
38 0 87 17 20 10 93 52 11 69 24 15 64 22 47 4 57 89 81 47 55 80 72 15 78 16 26 54 85 59 86 30 45 38 23 92 55 77 13 60 27 77 72 88 40 44 77 39 92 70 99 34 44 27 57 70 74 53 90 28 44 2 83 95 97 27 85 31 65 23 99 53 4 71 13 40 84 49 62 71 14 37 24 23 67 93 96 54 10 42 58 89 94 77 83 12 37 17 31 85 58 36 42 82 3 86 94 37 47 81 28 73 29 3 14 42 37 41 19 98 39 64 47 90 3 99 29 79 76 59 43 27 22 59 17 93 38 12 23 7 97 15 88 76 36 64 33 92 50 1 23 98 71 37 19 28 29 53 95 51 47 8 86 17 30 12 62 15 31 9 41 49 31 24 67 93 65 13 18 34 11 29 76 6 82 6 43 87 53 58 57 79 88 82 11 73 49 20 13 26 78 17 5 89 28 51 69 4 59 13 3 77 97 97 62 16 75 13 19 31 60 6 17 96 97 61 44 32 45 25 63 80 22 20 78 34 5 40 68 35 35 43 79 83 39 49 82 6 92 9 41 70 6 8 79 38 79 34 28 52 78 31 44 47 10 68 4 68 55 98 64 81 29 38 65 38 94 19 79 71 93 53 11 33 47 64 94 19 37 30 40 29 55 30 56 91 28 61 13 18 
13 87 0 72 92 8 84 57 52 33 77 63 52 97 31 23 6 92 96 23 77 23 19 94 30 19 53 32 50 99 84 94 46 52 87 16 72 49 29 84 28 44 20 80 71 89 87 12 66 94 16 52 99 87 46 64 43 23 83 41 45 17 18 89 1 98 83 72 15 37 27 33 2 49 89 23 35 95 22 69 68 49 19 98 12 12 53 77 69 46 65 90 41 8 8 34 59 8 35 5 6 62 51 77 46 97 22 93 72 93 26 98 2 14 39 86 28 39 85 34 2 32 39 29 76 32 52 67 68 33 75 33 98 6 1 38 73 44 25 17 97 97 42 25 22 28 47 36 63 69 63 33 46 89 43 58 26 33 34 7 66 52 32 8 14 4 29 16 30 67 62 84 97 59 83 35 31 58 97 50 47 84 42 21 41 51 5 10 1 91 22 75 22 34 39 38 44 34 96 42 72 70 71 24 87 40 32 38 39 57 88 29 37 67 11 85 1 17 31 4 79 60 54 70 50 75 47 28 34 73 69 40 33 98 8 34 63 15 78 44 62 86 37 13 54 27 83 13 26 2 42 56 56 65 16 93 41 61 71 50 51 33 91 21 53 39 66 81 58 53 90 20 95 65 43 48 22 98 2 90 39 13 19 78 78 89 91 84 40 99 16 38 97 37 99 2 33 31 8 51 
73 17 72 0 51 33 44 42 70 2 98 52 31 83 50 82 83 96 72 22 19 47 45 92 10 5 78 64 24 96 60 65 83 32 2 85 79 69 55 26 84 28 57 93 9 56 77 47 50 12 9 62 75 24 89 90 83 83 6 43 47 22 52 74 43 14 19 24 46 96 53 34 55 15 58 62 41 73 66 23 3 87 2 73 52 72 88 78 63 49 1 43 40 4 58 44 54 44 75 99 98 76 60 67 75 92 6 27 68 32 12 4 55 2 14 60 57 82 9 39 5 71 77 74 6 80 85 60 32 91 8 67 33 47 76 83 45 65 38 48 74 91 85 16 66 53 70 67 90 29 20 18 6 80 11 30 18 82 47 8 18 87 62 65 8 30 56 29 44 99 56 6 51 93 64 53 35 99 84 78 38 90 55 5 44 12 30 77 90 33 51 52 43 24 90 44 89 96 29 65 87 59 89 52 23 11 32 10 7 31 68 19 13 74 75 92 66 86 54 43 7 10 37 88 60 9 54 88 19 22 68 15 21 86 10 43 67 21 17 59 78 43 36 76 29 86 35 45 93 83 9 31 65 78 19 39 12 57 53 84 77 69 26 70 32 60 63 30 67 33 72 61 94 73 28 98 94 69 39 61 98 10 68 79 64 21 36 56 29 46 93 57 52 5 80 76 32 77 53 39 
10 20 92 51 0 84 81 75 71 27 58 31 65 39 19 96 42 96 58 49 43 53 23 65 71 62 61 97 28 1 27 51 21 27 66 78 19 61 83 60 63 39 24 69 70 62 88 67 20 37 18 22 78 27 33 9 9 21 69 83 55 86 94 75 90 24 95 91 14 12 43 11 89 25 48 69 44 92 14 7 3 68 94 5 29 36 83 78 47 79 7 92 81 21 24 64 72 7 22 65 51 91 10 93 68 86 34 72 9 52 34 62 8 60 42 28 52 41 72 46 95 10 89 47 59 22 55 1 20 20 86 28 98 22 95 19 68 36 96 30 23 57 11 43 73 32 13 83 8 88 9 62 24 35 95 4 56 69 16 25 95 63 27 99 48 88 36 17 88 91 79 88 58 25 56 50 53 25 16 68 74 47 21 67 95 13 26 1 98 99 78 12 91 25 55 48 78 41 60 96 80 90 32 57 34 39 93 21 15 10 68 82 80 4 48 71 43 6 21 58 60 55 78 25 59 80 37 81 59 52 64 74 84 89 83 56 79 71 28 24 54 70 69 24 47 40 67 78 27 25 18 88 2 46 59 22 18 57 34 44 76 99 3 97 91 84 27 27 53 56 8 63 32 80 93 77 47 88 71 70 56 93 99 88 86 75 16 15 57 88 2 85 76 77 91 19 63 46 66 53 
76 10 8 33 84 0 29 88 39 21 98 52 60 95 65 15 98 53 45 17 65 31 83 11 46 89 79 60 98 43 65 6 91 77 56 43 21 89 69 19 93 50 84 16 18 62 8 65 56 3 91 5 17 78 69 31 53 85 37 99 60 32 36 33 51 52 6 34 1 10 32 36 89 61 39 12 45 44 8 63 57 97 94 53 25 44 52 11 95 50 19 11 62 40 7 8 80 13 1 4 52 16 68 82 60 67 16 62 65 20 45 88 62 22 1 64 95 85 2 85 61 77 23 15 25 47 33 81 71 55 25 78 90 36 58 32 40 15 94 49 14 20 16 98 42 36 26 52 35 23 34 62 79 8 33 4 68 96 58 97 47 90 22 93 85 59 65 41 79 79 63 63 48 28 72 43 15 94 52 19 79 11 36 50 94 80 90 5 6 87 30 54 81 73 30 39 79 55 43 65 69 45 85 74 51 81 51 36 73 16 40 3 36 98 80 16 16 95 67 35 84 94 19 75 19 26 18 50 38 21 41 53 24 19 80 52 33 38 31 41 51 74 69 81 16 64 65 92 21 55 24 7 25 1 49 81 29 89 2 74 22 1 77 33 41 82 84 31 88 54 34 83 23 4 35 50 89 71 38 34 13 38 80 66 7 80 93 4 33 86 45 30 47 68 67 29 58 85 44 95 
6 93 84 44 81 29 0 94 21 53 32 26 64 53 60 18 23 55 14 31 24 51 22 72 4 24 13 78 8 53 31 27 9 97 85 82 74 40 57 61 26 66 96 28 19 87 2 35 3 18 86 12 94 54 60 83 12 84 4 84 1 94 86 52 92 33 87 85 82 6 12 70 10 47 75 94 33 39 43 64 24 41 64 64 32 19 41 6 93 80 83 75 41 26 69 50 83 87 47 14 22 81 82 95 50 52 15 31 11 86 5 8 55 60 85 99 42 36 57 14 12 53 67 22 82 95 35 62 92 86 61 93 99 92 75 9 76 82 28 26 87 37 15 4 93 85 73 44 9 56 18 61 33 99 84 28 96 53 51 81 92 80 27 38 25 57 41 53 39 20 45 21 64 22 66 69 93 19 69 17 79 60 57 45 36 40 62 33 68 54 63 76 9 35 34 93 26 68 2 99 9 90 28 30 90 78 11 62 17 80 75 77 98 1 31 4 82 65 39 68 31 22 27 96 11 70 34 37 10 1 56 70 11 4 40 78 38 17 26 47 8 44 1 57 15 56 56 53 79 98 54 61 1 15 61 67 96 40 72 8 17 67 62 70 51 59 80 15 78 13 12 80 96 35 7 70 86 45 71 73 13 47 83 8 30 61 83 74 47 87 85 98 48 89 74 77 88 46 37 88 
80 52 57 42 75 88 94 0 40 38 7 44 59 2 84 30 49 56 46 9 35 30 1 80 20 5 72 2 9 27 41 90 33 71 97 8 39 82 30 4 75 51 92 17 50 43 71 9 32 26 35 55 98 97 71 6 64 95 25 47 21 23 1 70 23 28 26 65 46 39 58 53 53 33 70 80 6 34 65 54 54 54 13 81 97 34 52 56 81 55 13 86 11 82 79 72 85 30 13 64 8 71 83 64 65 45 70 76 89 35 15 60 89 34 25 4 42 31 23 54 97 92 92 83 98 37 7 39 99 32 63 48 63 35 72 43 21 91 51 23 3 64 1 93 6 73 53 10 95 98 12 99 41 92 77 88 62 3 23 83 94 99 48 30 96 99 81 2 76 2 53 93 65 76 79 63 77 49 37 50 15 74 22 33 72 1 47 25 81 38 17 53 69 93 91 8 61 10 35 64 67 69 14 67 92 1 35 71 17 38 18 39 83 15 38 63 1 34 50 78 32 58 59 74 77 29 77 54 59 32 95 14 39 92 88 60 47 63 87 62 40 72 3 60 26 58 33 31 53 92 42 79 58 46 86 26 74 75 7 3 31 78 79 92 97 43 19 84 90 89 57 43 5 12 25 23 7 5 80 29 54 31 22 28 6 36 73 83 49 52 95 25 77 41 86 29 41 48 24 29 
65 11 52 70 71 39 21 40 0 85 90 38 6 24 69 21 14 57 30 29 92 55 29 64 82 61 70 84 73 80 49 53 93 93 97 58 95 40 91 79 62 58 6 77 26 80 94 38 45 61 16 93 42 64 8 3 47 76 53 67 26 38 4 26 85 65 1 53 82 47 85 18 55 36 79 61 51 47 24 66 1 33 13 91 76 26 56 70 6 15 88 3 92 65 99 88 59 25 46 15 78 87 33 92 73 39 84 21 25 72 28 38 96 83 17 55 97 53 74 6 67 81 95 51 3 90 33 8 90 86 37 67 74 12 36 43 40 53 94 85 21 74 8 53 70 58 63 90 84 17 29 46 83 82 69 68 62 84 70 39 75 64 73 13 35 25 84 35 23 90 41 88 76 78 39 76 22 16 56 69 83 69 12 37 58 28 80 2 13 2 9 90 64 91 16 86 81 85 28 94 8 15 76 13 62 21 38 63 67 34 58 75 73 6 1 3 5 65 58 36 31 5 76 81 15 3 53 55 16 97 89 1 60 63 2 92 68 82 42 84 45 98 7 88 57 50 48 73 60 94 83 81 99 93 39 11 88 66 96 89 60 74 96 92 35 51 52 83 83 52 92 25 56 69 66 38 58 98 88 45 58 42 33 28 56 64 81 92 77 57 27 63 54 93 23 39 21 59 44 20 
17 69 33 2 27 21 53 38 85 0 46 76 38 85 35 88 59 2 41 86 38 59 8 25 25 84 42 95 28 33 15 26 14 79 37 25 4 57 94 32 29 77 3 61 60 73 41 16 38 8 83 39 48 61 61 49 83 9 86 69 40 64 55 14 62 41 74 75 69 25 26 34 19 79 47 79 8 78 9 39 50 15 18 46 58 78 88 27 32 59 24 38 43 94 90 82 97 27 47 19 25 40 76 40 7 69 40 47 22 68 74 25 72 33 13 87 66 8 3 97 21 4 86 95 36 18 18 56 44 53 96 26 90 30 52 68 48 21 72 80 9 24 61 57 10 47 61 66 63 22 14 23 28 26 18 33 94 15 86 53 26 61 84 69 90 25 58 64 13 19 27 78 26 1 23 15 75 40 76 20 10 72 54 67 28 89 3 72 86 20 15 14 98 83 23 62 82 12 29 45 3 4 11 32 92 97 30 56 30 34 42 66 50 26 86 49 54 49 1 39 8 22 6 16 78 81 64 98 31 33 73 45 41 68 25 79 68 51 49 36 53 32 2 65 32 19 67 16 44 40 21 2 1 46 83 30 27 8 53 4 22 84 80 63 70 68 9 73 44 96 90 77 73 59 69 59 82 64 93 53 38 48 52 24 71 1 24 23 88 60 9 3 19 4 15 80 68 35 82 65 
2 24 77 98 58 98 32 7 90 46 0 45 43 35 79 45 61 68 43 23 42 69 42 40 81 43 68 99 14 26 39 76 6 93 23 40 74 15 48 72 2 34 71 61 20 16 98 99 54 70 21 36 39 50 82 59 13 76 54 25 96 23 34 25 31 88 1 88 36 46 64 9 42 15 63 11 30 31 38 98 40 11 68 55 78 46 74 69 24 82 65 82 82 33 94 15 31 39 97 88 1 38 67 43 62 19 1 46 83 95 72 71 97 54 1 43 41 40 25 41 93 73 32 5 30 36 36 49 31 48 1 80 8 53 10 25 52 86 92 76 15 82 62 41 13 28 45 1 55 65 17 91 18 60 91 96 38 73 84 82 40 44 71 91 24 31 74 64 91 49 45 95 17 60 91 45 86 49 18 52 49 7 77 67 87 36 45 79 99 1 39 19 82 37 49 4 52 49 4 89 58 17 88 64 87 22 34 95 32 69 39 72 70 54 13 97 47 41 18 94 79 62 36 59 32 31 49 31 97 97 21 7 75 36 37 74 39 72 57 72 68 50 62 83 99 84 86 88 48 1 66 22 22 40 77 61 3 41 78 44 84 60 67 79 86 51 23 38 14 16 85 47 39 90 55 28 30 49 16 74 30 52 50 89 65 14 53 95 60 35 4 65 81 93 58 1 10 91 39 18 
77 15 63 52 31 52 26 44 38 76 45 0 14 43 53 10 39 26 58 82 52 70 54 90 70 30 91 63 77 21 56 89 96 2 63 55 11 32 70 96 48 49 11 41 26 73 88 23 50 56 89 4 29 25 21 66 88 10 12 22 59 88 95 65 79 88 72 87 83 1 43 35 67 58 93 7 71 3 13 91 5 1 35 77 9 24 62 28 16 12 86 54 91 48 61 89 30 84 51 70 39 84 75 96 48 6 60 12 36 52 85 74 13 36 17 10 85 59 49 22 48 72 57 52 68 4 93 51 54 88 80 93 40 81 83 83 3 31 86 48 66 42 57 42 80 45 95 80 87 34 55 16 28 38 6 65 35 43 88 45 91 43 45 53 89 58 81 3 65 74 96 50 32 32 42 40 15 3 48 36 51 33 33 42 43 96 17 84 29 32 92 12 39 88 17 57 10 65 84 27 3 39 86 31 87 54 32 31 37 16 22 93 48 74 45 5 67 44 19 60 91 30 78 10 24 91 9 92 15 88 48 73 38 42 90 31 40 6 34 75 20 94 38 90 16 13 98 65 1 70 51 48 19 69 68 67 75 70 56 66 82 51 49 5 51 57 79 39 11 95 25 40 59 56 1 39 94 86 96 71 74 56 16 97 50 56 7 33 30 94 79 20 29 79 42 93 25 90 11 70 
72 64 52 31 65 60 64 59 6 38 43 14 0 16 47 30 45 20 84 75 80 45 99 13 87 78 50 32 54 88 93 79 3 70 97 23 43 3 21 57 40 38 27 22 4 63 29 10 55 2 29 7 45 68 33 30 70 13 91 16 75 93 17 24 16 12 5 72 95 25 81 38 64 61 82 50 79 12 1 48 24 82 91 13 57 82 29 36 81 9 17 7 22 35 48 46 43 26 36 76 27 54 88 75 67 78 61 53 50 37 61 96 48 70 35 62 33 48 19 92 92 74 82 13 42 58 71 3 35 81 67 88 72 15 27 40 91 59 46 83 85 53 14 10 26 48 65 89 40 86 22 46 45 89 84 69 68 71 36 35 25 62 88 74 21 77 73 59 56 16 83 42 64 28 97 83 90 72 74 97 61 90 80 89 23 35 56 8 38 99 1 76 74 64 58 65 40 15 23 27 16 82 77 93 27 50 89 33 26 99 53 61 78 6 47 65 11 98 2 57 73 92 57 22 87 38 73 75 93 15 15 50 89 46 87 31 84 78 72 59 63 43 19 59 76 13 29 46 50 95 23 77 57 90 39 87 12 20 89 51 75 92 91 41 60 3 9 76 72 30 96 11 73 64 14 36 62 28 6 49 37 83 68 7 39 19 72 54 16 53 47 98 75 54 4 25 44 26 27 2 
7 22 97 83 39 95 53 2 24 85 35 43 16 0 7 19 35 32 97 81 99 44 52 37 83 9 3 20 63 95 76 26 36 80 63 77 77 75 71 48 79 32 34 44 10 57 87 47 38 37 11 51 78 20 46 35 36 8 72 2 4 47 62 7 4 9 37 85 49 82 15 16 49 44 44 58 86 68 47 51 3 1 82 59 19 46 66 28 97 84 59 21 97 44 85 12 99 91 47 38 89 41 7 45 31 59 34 66 22 90 58 1 78 68 16 71 4 48 43 2 82 48 17 69 22 62 30 45 97 67 35 89 87 78 98 39 11 22 17 79 8 54 54 68 78 13 87 86 29 14 62 7 58 46 62 52 94 7 58 41 8 5 93 8 19 52 73 3 83 47 19 87 30 36 12 53 77 38 79 70 25 70 30 78 25 43 11 66 86 54 21 14 27 7 32 84 50 66 55 1 51 82 38 77 71 21 55 16 46 30 71 15 14 77 82 48 44 76 63 26 26 73 43 62 45 45 54 33 29 6 21 62 8 52 98 51 84 22 10 78 12 68 36 38 42 10 16 94 86 77 30 53 26 87 38 16 23 92 37 46 67 4 59 96 73 73 90 17 86 75 33 63 7 74 38 3 46 14 42 34 4 5 31 66 70 89 75 37 66 57 78 71 17 43 98 58 94 6 90 88 
26 47 31 50 19 65 60 84 69 35 79 53 47 7 0 30 96 70 87 42 82 52 47 59 40 84 16 76 94 94 53 57 26 80 37 5 83 95 12 43 23 85 29 57 33 59 87 69 67 23 3 74 2 34 81 8 64 70 6 43 16 36 47 82 24 21 5 24 26 47 32 26 19 12 54 46 7 21 6 68 12 45 45 27 86 57 81 54 38 47 12 65 57 84 23 57 77 75 72 37 51 32 24 29 1 40 62 33 67 59 47 80 38 54 91 89 34 35 26 79 20 84 53 76 85 64 97 80 99 42 39 40 7 9 1 88 43 19 45 44 94 6 3 63 37 95 60 84 20 24 31 18 99 40 56 24 17 10 92 31 49 50 38 52 22 1 32 94 19 40 45 50 45 24 37 82 90 70 75 86 69 62 44 47 54 75 13 36 18 12 5 88 27 66 17 76 26 64 25 17 80 85 57 20 34 66 30 39 84 54 70 92 65 20 55 76 70 71 94 23 82 29 98 74 58 51 21 30 33 44 92 48 47 58 80 2 13 40 20 56 60 58 67 89 58 54 56 3 34 45 54 38 63 74 61 70 73 87 83 13 49 9 84 65 27 53 18 28 43 49 54 93 15 85 46 29 16 34 90 71 15 91 80 66 14 27 52 24 94 11 73 52 30 20 3 37 23 57 99 95 
51 4 23 82 96 15 18 30 21 88 45 10 30 19 30 0 59 22 35 40 55 29 12 60 3 4 87 11 28 2 62 71 13 31 68 80 62 58 8 43 4 54 90 13 75 76 60 35 70 51 98 93 22 86 76 44 4 85 7 2 66 97 19 54 8 71 47 26 35 56 72 64 95 12 13 50 80 68 55 70 82 42 32 83 34 74 10 89 75 96 2 20 12 73 42 24 36 59 30 15 2 50 95 40 28 58 20 33 12 52 88 86 65 77 61 9 40 85 98 19 4 47 41 32 96 43 63 24 17 89 32 98 76 84 7 19 46 65 54 86 44 51 43 14 8 1 6 14 9 39 67 60 98 67 6 26 89 7 16 75 60 20 51 23 3 76 76 51 42 9 48 84 28 10 71 19 79 70 62 84 36 36 57 54 23 14 49 22 8 7 78 29 44 85 71 98 29 74 90 7 54 14 73 55 90 51 49 39 58 35 69 66 52 25 86 48 39 85 39 32 79 79 9 37 96 73 38 78 35 40 20 68 32 71 65 56 60 57 27 90 78 31 53 89 32 84 44 1 52 11 73 40 77 14 70 70 50 12 13 60 14 90 32 20 26 65 87 67 19 87 92 99 99 37 49 15 41 46 79 64 1 55 21 85 24 56 60 41 38 3 35 70 44 91 41 84 61 46 19 69 
21 57 6 83 42 98 23 49 14 59 61 39 45 35 96 59 0 27 61 46 59 24 2 41 14 78 63 52 95 48 62 58 65 98 24 2 3 68 84 5 9 78 15 14 99 7 96 69 98 87 29 74 35 84 59 49 10 15 32 25 25 23 75 26 20 97 75 62 86 8 54 89 62 76 69 18 44 29 18 53 49 92 95 60 22 87 72 93 10 11 21 84 16 47 39 20 61 7 24 32 92 1 84 72 10 68 66 3 66 48 87 26 20 5 53 71 5 23 63 60 41 70 71 24 77 32 59 28 73 31 19 57 45 37 60 89 57 84 57 2 49 9 55 24 94 54 71 24 43 69 62 31 73 27 36 89 95 22 61 33 91 87 19 10 30 75 31 59 40 95 26 74 74 54 76 78 61 27 7 85 68 78 34 92 52 37 34 84 41 14 65 52 74 7 57 22 60 31 46 69 58 20 83 32 71 61 76 34 18 79 97 1 83 42 68 86 63 35 25 98 73 13 51 64 65 34 60 36 20 7 24 97 61 19 97 63 10 24 41 77 98 7 80 35 81 7 33 13 71 96 52 46 18 88 87 85 7 58 58 84 73 7 88 19 31 7 88 14 54 62 41 39 17 48 39 98 1 66 49 70 32 66 1 76 77 20 85 83 64 39 55 87 13 22 19 46 60 61 13 29 
19 89 92 96 96 53 55 56 57 2 68 26 20 32 70 22 27 0 12 14 61 83 60 88 84 3 34 92 10 3 77 44 82 18 89 54 51 76 7 37 95 17 77 99 63 23 71 70 83 16 96 19 22 10 3 79 79 7 97 60 37 26 6 62 9 7 21 57 14 94 4 79 6 82 91 40 99 8 33 11 69 45 99 82 80 98 20 50 67 62 51 26 41 25 56 3 87 6 10 95 81 26 54 72 66 56 64 8 69 87 40 58 74 78 39 32 77 60 82 28 90 40 9 4 15 99 10 76 79 82 65 74 84 16 65 53 48 27 54 17 26 8 25 5 10 26 37 90 81 53 70 55 26 42 19 12 81 4 2 18 51 91 19 46 45 49 21 92 17 36 30 8 29 7 30 98 97 95 3 89 91 61 70 1 87 15 69 74 16 87 90 45 68 16 51 35 53 15 71 31 29 93 73 35 60 15 81 13 87 64 86 79 3 10 76 31 33 20 68 77 31 71 9 18 75 67 49 66 17 33 18 78 59 12 67 34 8 7 5 63 1 22 21 38 51 59 82 79 7 47 13 62 50 52 28 60 15 22 88 54 14 75 35 50 71 24 54 52 13 71 11 99 5 97 12 75 38 32 44 95 38 87 1 39 26 23 45 94 47 86 14 32 47 82 67 37 53 35 32 14 
85 81 96 72 58 45 14 46 30 41 43 58 84 97 87 35 61 12 0 48 19 26 64 87 6 24 20 31 5 8 52 99 67 65 28 96 56 1 44 44 91 63 65 5 7 25 24 28 31 69 26 94 51 68 3 99 86 57 19 13 25 38 70 65 59 1 65 14 22 38 99 15 18 91 90 23 21 51 73 49 11 24 97 66 13 21 86 22 47 32 27 35 59 91 83 70 15 80 84 79 63 26 68 18 20 55 38 1 81 62 62 4 17 54 78 25 65 20 72 63 54 5 5 72 84 70 80 61 98 54 33 88 7 3 41 6 22 4 12 80 68 7 76 47 17 64 5 20 41 38 63 59 6 80 87 75 45 11 7 33 41 9 67 96 73 58 25 95 34 48 95 53 92 12 37 7 61 30 50 56 7 41 64 8 76 27 56 32 83 96 55 78 77 7 96 91 79 58 14 84 24 21 66 91 85 55 67 84 88 38 17 8 81 69 16 16 83 21 48 21 59 10 97 56 60 89 8 26 10 11 37 40 21 83 76 29 99 41 86 84 6 11 49 61 68 60 34 22 77 84 7 22 15 42 66 79 69 39 92 54 81 95 13 90 78 61 58 52 15 68 49 55 10 23 34 99 57 81 15 32 20 43 32 74 28 62 15 54 41 91 44 12 74 73 32 52 59 16 49 4 
12 47 23 22 49 17 31 9 29 86 23 82 75 81 42 40 46 14 48 0 26 65 29 69 60 60 84 78 5 70 67 74 44 88 84 74 79 63 5 73 41 98 13 19 55 36 20 32 10 71 30 33 86 95 87 85 84 12 85 97 96 83 29 90 37 18 96 22 11 80 62 40 89 91 72 84 46 13 20 45 20 85 64 42 64 31 52 12 54 32 75 92 69 11 21 88 73 78 1 39 89 48 6 47 75 72 94 58 18 47 38 88 88 74 4 51 64 64 61 53 49 52 7 64 94 2 25 23 89 49 35 23 40 19 64 75 89 18 8 28 87 79 3 51 17 44 80 12 78 14 95 39 1 72 27 93 77 95 89 55 17 63 74 57 54 40 19 65 79 69 59 51 54 44 48 51 48 88 95 55 75 66 4 45 12 53 57 41 15 39 98 14 47 62 6 62 15 78 66 93 48 77 14 6 23 42 7 16 31 47 93 33 19 30 72 4 1 51 70 41 36 52 16 50 9 68 66 35 35 86 39 3 46 59 18 34 93 9 45 6 10 42 51 74 78 63 8 33 80 67 42 78 77 49 92 14 76 2 33 28 10 37 8 55 12 90 37 81 59 77 64 24 33 66 80 76 74 63 18 87 66 6 77 60 45 93 30 57 57 68 54 18 13 53 83 94 20 61 58 34 
29 55 77 19 43 65 24 35 92 38 42 52 80 99 82 55 59 61 19 26 0 62 89 74 80 33 61 71 19 35 74 39 72 23 16 55 28 24 27 12 61 31 62 98 74 45 81 24 65 72 18 65 13 85 39 77 38 38 84 44 88 78 14 44 91 28 47 69 5 99 32 59 90 42 64 97 83 55 88 40 72 37 40 71 17 11 26 48 12 79 64 44 94 42 24 34 89 47 26 46 31 95 87 26 97 38 7 23 30 84 32 88 98 54 16 84 87 16 79 36 7 2 9 83 12 79 81 93 40 7 27 74 77 65 35 27 83 39 92 9 19 25 6 56 46 3 25 48 58 40 80 38 52 10 38 9 70 16 57 67 38 23 76 19 7 78 72 35 41 53 25 50 7 33 67 13 59 87 33 49 46 56 33 27 16 60 57 31 67 28 94 21 49 39 23 65 62 85 88 68 70 67 8 16 26 95 63 28 94 19 91 85 74 80 37 1 13 24 98 10 47 87 76 75 6 70 43 4 34 77 21 58 2 67 80 78 62 78 79 86 51 86 17 2 22 58 23 17 68 38 61 79 81 91 1 38 77 81 82 8 61 93 24 13 51 16 64 9 3 43 18 16 51 26 64 52 55 28 45 59 80 5 12 37 22 93 10 91 22 13 46 98 29 40 3 48 71 51 19 92 
30 80 23 47 53 31 51 30 55 59 69 70 45 44 52 29 24 83 26 65 62 0 93 37 83 74 57 66 5 48 39 80 76 19 50 64 71 55 43 70 42 21 17 1 40 68 36 22 87 52 91 65 4 9 60 2 10 62 25 38 96 71 52 83 84 74 6 58 19 46 63 87 79 87 67 51 22 94 73 71 77 81 37 69 37 77 45 48 45 52 21 3 47 77 37 46 15 25 85 72 31 94 96 12 51 73 69 95 80 63 49 83 36 13 82 32 71 3 71 86 26 25 53 37 2 90 52 96 63 42 68 67 43 55 53 72 31 29 24 10 9 46 94 46 70 21 92 8 18 64 40 62 57 50 43 44 96 86 90 59 98 22 27 23 91 52 59 98 71 28 4 32 11 54 44 25 23 88 16 76 68 24 55 59 67 16 92 27 25 6 27 45 94 81 82 68 58 66 1 12 34 19 61 6 6 72 15 81 26 55 19 85 45 59 71 96 49 11 91 47 73 33 29 76 4 53 34 82 56 91 20 64 12 4 40 31 23 78 63 65 57 72 36 53 47 9 81 61 4 23 32 96 96 56 11 79 56 19 95 88 78 16 90 55 63 75 51 78 56 67 37 63 37 14 66 53 27 73 90 93 92 48 99 13 54 43 17 49 21 8 85 24 77 38 16 5 16 9 49 37 
15 72 19 45 23 83 22 1 29 8 42 54 99 52 47 12 2 60 64 29 89 93 0 67 78 19 45 39 12 30 97 74 6 94 31 45 2 39 5 33 86 71 61 4 13 68 12 14 29 4 98 71 29 75 90 16 42 14 2 52 77 84 72 56 10 81 8 28 45 6 47 79 96 70 51 65 88 61 33 88 28 45 45 44 25 19 76 80 1 55 47 95 2 20 71 71 35 63 10 5 63 49 47 49 91 81 11 71 26 20 9 65 3 73 65 94 20 74 67 32 66 65 69 46 92 94 23 98 55 62 48 25 24 27 34 84 95 41 19 15 39 64 7 72 53 15 44 80 84 41 22 61 97 23 49 86 72 96 38 85 67 57 51 66 89 21 1 76 15 94 27 72 91 75 27 6 99 76 68 16 78 25 27 57 79 2 22 79 1 91 61 75 53 88 44 64 29 59 92 13 95 14 9 70 27 64 4 5 35 60 8 76 41 20 69 28 88 6 1 83 45 54 55 89 68 30 22 37 40 54 64 17 96 72 77 63 73 22 74 19 83 55 75 74 4 31 79 70 99 97 17 33 49 18 24 76 94 92 65 89 64 71 60 96 28 55 36 30 29 33 54 98 78 81 77 84 4 89 70 58 89 81 48 19 35 70 77 85 33 27 1 75 20 45 29 4 53 93 58 9 
51 15 94 92 65 11 72 80 64 25 40 90 13 37 59 60 41 88 87 69 74 37 67 0 62 11 20 28 99 7 36 54 9 22 87 31 96 69 13 52 23 21 94 33 91 96 2 38 25 83 1 7 68 82 5 13 15 59 5 85 94 50 22 41 82 18 67 54 47 33 9 33 75 32 60 50 12 12 55 9 10 73 90 96 73 48 74 77 12 70 58 95 45 4 22 65 32 44 37 87 60 16 40 69 2 15 83 78 69 32 57 38 30 48 70 6 35 28 64 63 12 59 9 54 37 75 13 27 77 3 86 71 21 48 47 1 53 98 6 17 45 30 49 51 87 18 97 58 33 79 2 22 95 1 77 22 85 92 80 53 57 67 92 89 79 96 57 10 12 85 60 14 49 33 46 20 84 34 84 47 55 73 66 72 57 34 54 60 74 69 50 36 69 72 52 97 7 85 5 24 22 36 60 40 67 61 34 9 4 69 7 8 68 30 95 78 98 37 75 30 91 56 50 82 46 11 16 71 24 37 25 70 26 73 99 77 79 45 97 12 11 84 94 53 31 31 63 22 23 43 57 96 93 38 44 86 96 73 95 2 17 27 2 98 53 60 54 80 56 76 96 85 29 55 14 8 16 84 35 52 44 91 76 79 52 58 30 69 61 50 81 3 4 79 88 73 26 40 10 44 
69 78 30 10 71 46 4 20 82 25 81 70 87 83 40 3 14 84 6 60 80 83 78 62 0 57 65 10 2 82 16 87 84 80 64 93 6 82 65 28 19 16 12 71 92 52 6 69 21 53 60 37 3 69 27 22 45 43 43 49 54 5 17 50 21 20 34 65 85 46 35 36 89 25 61 13 82 37 39 16 86 90 84 43 90 67 97 75 40 95 1 11 33 2 88 27 36 40 31 7 66 80 55 59 45 82 17 92 62 77 84 85 3 87 35 77 86 44 23 72 22 80 98 48 60 72 64 36 30 54 35 14 70 48 91 6 55 98 33 13 28 92 99 70 18 31 34 58 14 3 74 35 52 16 8 72 77 13 22 67 10 37 60 72 46 34 92 78 34 74 98 85 39 71 86 37 95 13 43 69 26 89 95 41 82 87 58 57 82 54 3 13 6 29 22 47 90 94 23 98 51 98 15 82 69 82 22 4 90 73 51 52 20 53 20 60 24 59 77 36 73 71 31 81 90 52 63 50 44 13 97 51 33 35 55 84 91 46 46 9 53 79 90 22 64 32 6 72 8 39 9 60 94 72 94 98 83 2 67 43 99 47 60 59 58 16 83 44 11 61 59 51 67 65 34 68 53 59 48 91 24 15 8 32 63 78 4 19 9 45 94 90 68 26 88 21 1 38 72 87 
88 16 19 5 62 89 24 5 61 84 43 30 78 9 84 4 78 3 24 60 33 74 19 11 57 0 74 26 33 91 32 99 64 10 33 67 69 77 65 35 2 25 65 17 5 87 78 24 72 81 22 94 61 48 99 19 83 15 28 62 27 69 80 85 76 60 9 3 81 25 63 33 61 96 45 21 86 92 90 8 19 49 77 37 63 55 31 3 4 7 66 77 11 36 67 66 76 32 56 20 85 71 45 67 56 86 96 60 63 77 81 96 13 81 19 19 9 60 47 72 98 75 65 78 79 47 2 36 83 66 7 49 64 12 87 82 59 95 28 31 18 59 44 72 47 36 7 19 45 41 82 48 41 75 73 58 59 85 4 30 58 45 26 61 9 49 26 29 46 75 54 24 19 97 81 19 95 24 92 37 16 15 66 78 31 54 61 68 85 96 85 86 64 69 69 22 27 44 38 5 34 41 45 95 32 57 57 99 85 15 28 19 77 13 25 55 49 48 44 62 8 20 47 20 80 59 95 61 54 14 31 29 3 76 93 44 30 91 80 48 35 29 10 53 25 73 89 88 1 24 17 15 90 44 7 76 37 42 22 2 85 35 88 86 72 15 83 4 10 45 26 49 88 70 94 78 35 76 40 28 14 46 90 19 2 38 69 21 31 84 97 89 12 42 76 73 6 87 44 38 
88 26 53 78 61 79 13 72 70 42 68 91 50 3 16 87 63 34 20 84 61 57 45 20 65 74 0 98 76 40 94 34 15 78 97 18 73 83 97 37 63 13 80 58 84 24 86 32 20 96 52 69 16 39 55 68 44 33 73 34 93 37 13 55 89 36 92 95 11 97 88 68 31 67 39 31 45 65 90 17 99 76 68 32 1 24 84 78 90 10 28 40 91 18 76 63 38 61 44 42 39 17 84 85 89 19 66 10 15 56 31 8 83 4 22 74 23 13 16 91 47 37 30 72 42 41 75 73 60 58 2 21 98 18 33 2 87 82 35 47 41 22 65 89 19 18 51 17 32 20 80 96 41 31 54 66 51 85 4 29 16 74 42 42 52 44 65 75 48 84 30 77 54 2 90 71 36 4 4 7 7 88 36 61 30 77 76 42 8 42 32 34 15 89 91 68 11 77 50 20 21 55 74 71 39 36 51 53 42 93 99 13 84 59 29 71 43 25 5 91 25 86 74 29 88 98 57 15 10 20 65 73 1 93 95 38 42 30 56 50 19 16 58 60 89 86 41 89 73 97 83 33 61 42 60 62 83 38 23 48 88 14 24 74 28 3 54 9 6 81 11 71 41 66 36 73 66 52 40 68 28 52 37 69 8 27 39 9 82 11 64 16 80 59 22 6 2 15 81 35 
95 54 32 64 97 60 78 2 84 95 99 63 32 20 76 11 52 92 31 78 71 66 39 28 10 26 98 0 36 86 39 58 8 57 81 18 45 86 77 72 85 88 53 34 39 80 30 5 60 32 78 9 92 29 94 88 82 6 68 94 52 94 48 88 41 18 37 48 52 26 76 87 66 12 91 17 90 73 67 32 7 14 39 86 5 30 21 93 55 61 23 30 84 30 85 61 40 50 79 67 26 66 60 94 99 80 61 50 72 55 70 43 16 37 39 43 40 52 51 11 13 57 72 75 94 99 91 1 84 26 22 69 41 2 7 15 21 34 74 67 26 48 98 2 22 62 62 20 10 20 44 13 79 79 38 75 8 7 64 98 90 83 88 92 1 16 72 31 82 88 53 48 54 49 63 12 11 54 51 71 53 64 50 18 45 29 96 89 50 43 38 23 88 86 20 5 40 24 27 11 20 43 64 90 34 86 64 57 89 26 85 54 35 60 45 22 94 90 59 60 8 71 71 50 13 4 82 3 42 43 19 36 64 60 33 94 58 28 77 89 8 6 88 43 65 78 74 46 4 70 77 97 99 27 54 78 8 31 65 71 72 23 48 65 92 97 98 75 36 10 38 10 48 30 25 63 10 91 70 55 49 55 85 38 2 49 97 11 27 24 68 69 45 74 92 44 83 58 42 4 
97 85 50 24 28 98 8 9 73 28 14 77 54 63 94 28 95 10 5 5 19 5 12 99 2 33 76 36 0 73 2 51 65 29 20 35 27 73 87 26 24 62 4 54 22 84 95 30 17 23 17 60 33 43 30 17 44 16 18 69 5 21 77 31 95 67 72 3 97 23 26 55 29 30 19 98 36 61 78 26 69 52 42 26 55 92 99 96 80 98 48 11 63 61 99 64 71 6 88 49 73 79 56 42 98 89 30 38 1 95 1 76 16 51 6 65 4 84 77 50 79 64 20 74 91 58 48 68 66 11 1 95 8 57 12 51 16 32 62 56 13 82 62 48 72 36 37 96 98 65 24 93 1 66 97 90 75 78 89 88 49 5 57 4 74 73 72 14 76 63 43 81 32 47 71 30 18 48 38 13 62 61 33 58 33 86 23 10 44 70 98 39 5 38 74 6 34 75 18 9 16 30 53 17 36 66 21 99 39 91 13 5 63 68 54 10 26 22 35 24 21 50 99 53 98 40 3 98 50 99 21 7 70 32 4 96 32 12 22 42 2 59 86 99 23 43 9 21 71 55 52 15 77 3 63 76 28 8 42 22 44 20 80 74 94 39 39 44 10 2 88 18 15 58 94 20 42 43 79 96 42 81 23 40 88 8 29 32 4 95 77 15 68 56 69 94 52 35 42 28 
87 59 99 96 1 43 53 27 80 33 26 21 88 95 94 2 48 3 8 70 35 48 30 7 82 91 40 86 73 0 18 27 65 51 54 84 22 9 10 13 17 74 26 64 12 48 20 75 26 43 44 98 81 55 83 39 20 7 5 94 58 4 91 91 10 6 93 57 99 71 92 30 53 45 87 5 37 11 87 84 23 55 50 85 4 54 27 33 1 16 79 54 29 25 83 16 59 26 67 1 61 86 68 18 50 80 74 19 41 92 78 95 62 81 84 4 2 45 38 63 63 22 25 97 60 8 58 97 79 28 32 97 46 38 59 43 29 96 21 23 40 2 1 13 28 6 55 66 26 8 6 59 99 20 68 62 30 98 90 62 50 96 52 73 12 74 43 99 79 98 83 60 67 34 7 39 11 17 33 14 86 39 16 91 2 48 96 63 69 36 2 85 76 38 57 62 27 14 79 27 31 46 72 96 81 15 88 39 57 90 16 76 32 55 59 41 35 70 31 3 14 89 17 33 17 91 60 64 30 94 74 35 29 56 72 46 50 42 41 45 96 5 58 12 55 24 46 61 7 38 72 44 8 20 44 30 62 67 65 21 36 75 2 97 78 26 49 91 88 95 41 81 44 49 29 59 14 25 36 30 43 8 66 79 43 24 25 27 15 74 47 15 36 22 67 79 25 85 24 10 
14 86 84 60 27 65 31 41 49 15 39 56 93 76 53 62 62 77 52 67 74 39 97 36 16 32 94 39 2 18 0 95 47 97 90 1 24 64 24 8 29 65 49 15 77 71 30 50 73 35 20 97 25 94 20 91 1 79 85 58 67 29 83 6 64 71 5 30 69 38 99 45 54 50 14 27 74 71 96 44 5 12 49 11 51 94 96 2 53 59 68 97 57 58 72 93 71 1 40 3 19 73 41 31 52 58 63 44 14 35 36 17 63 96 86 97 66 66 67 85 70 79 65 43 29 1 95 56 25 27 4 19 12 86 96 11 66 91 13 8 60 52 77 23 34 19 37 47 23 33 54 44 95 31 31 16 97 33 85 41 32 35 66 35 75 16 92 9 18 76 61 72 25 90 34 65 80 48 90 34 68 53 94 54 79 68 98 58 81 54 28 99 47 54 56 70 20 73 91 90 10 16 93 36 67 9 89 96 80 70 85 55 37 85 81 9 8 25 79 9 10 94 81 91 13 67 30 67 25 38 62 86 47 91 49 31 68 20 44 2 88 81 82 32 16 89 71 4 69 49 54 35 75 24 10 10 83 9 72 42 88 47 75 70 98 98 56 60 2 9 64 80 79 48 93 62 13 36 35 17 99 12 16 82 89 75 46 76 78 95 6 49 69 69 54 49 11 47 1 87 
10 30 94 65 51 6 27 90 53 26 76 89 79 26 57 71 58 44 99 74 39 80 74 54 87 99 34 58 51 27 95 0 62 62 46 55 94 16 64 17 66 40 98 37 85 21 67 46 46 66 78 8 39 20 53 60 33 29 25 39 89 73 91 94 68 79 86 2 43 54 3 12 75 61 92 90 42 11 57 14 78 19 26 3 97 1 98 87 29 91 3 2 85 94 57 7 66 6 10 18 88 18 13 76 6 10 44 1 86 89 18 64 27 29 88 2 78 34 81 16 48 78 74 38 25 26 5 16 95 55 26 33 48 8 59 47 76 62 49 68 81 5 58 55 19 98 49 27 27 25 64 33 43 31 3 80 26 11 29 15 33 7 72 96 44 36 46 93 29 28 16 10 95 32 54 71 22 67 61 38 98 58 72 92 58 96 91 21 95 6 2 27 8 62 4 30 22 89 60 92 99 59 13 17 3 1 72 32 43 59 29 93 41 32 75 35 41 26 57 74 77 2 13 54 85 61 45 40 56 90 68 65 42 96 47 19 46 87 94 11 34 57 32 4 21 35 67 96 25 75 40 73 88 7 34 52 84 23 17 16 82 70 70 66 78 64 56 97 70 52 55 10 17 53 26 22 58 26 50 52 47 95 90 33 38 39 4 3 38 6 7 63 87 90 44 25 95 67 36 88 
8 45 46 83 21 91 9 33 93 14 6 96 3 36 26 13 65 82 67 44 72 76 6 9 84 64 15 8 65 65 47 62 0 87 64 17 95 28 44 11 83 45 37 8 77 43 44 16 75 32 49 87 11 22 92 24 45 25 27 86 27 43 97 18 76 18 43 53 54 74 88 97 41 7 1 4 80 94 33 35 28 13 84 94 91 6 58 51 35 86 45 96 28 71 90 18 49 66 20 64 27 33 2 85 16 79 83 56 53 57 23 58 76 64 32 44 96 35 76 97 57 2 50 86 41 65 51 57 33 63 85 24 71 89 42 39 27 2 1 37 37 42 89 17 69 54 22 93 24 92 50 52 70 54 1 61 13 20 28 13 88 17 70 97 90 33 95 91 79 7 43 13 33 90 72 75 91 99 79 36 2 30 92 32 42 42 4 66 63 70 7 69 7 46 50 41 52 89 14 24 42 36 19 70 15 61 88 67 23 73 28 11 56 21 71 26 95 25 88 13 70 19 45 12 47 15 51 76 65 88 30 64 67 8 1 18 46 61 11 39 53 10 13 42 24 71 58 76 24 55 91 2 51 75 9 65 70 76 97 87 14 29 62 78 98 30 64 57 86 63 97 8 28 63 74 18 86 86 93 61 31 20 8 3 44 59 17 49 29 63 99 7 75 60 53 9 5 44 75 51 
64 38 52 32 27 77 97 71 93 79 93 2 70 80 80 31 98 18 65 88 23 19 94 22 80 10 78 57 29 51 97 62 87 0 96 22 11 65 67 69 52 91 96 6 37 37 44 66 68 26 28 3 47 27 78 45 79 84 78 47 30 49 64 13 60 46 49 67 13 45 69 64 8 4 30 87 63 63 36 8 43 56 76 97 66 88 49 2 58 81 53 46 96 22 90 74 8 1 15 34 59 79 68 48 54 23 95 58 18 17 7 34 95 16 49 53 95 18 53 31 3 38 51 57 91 67 66 87 6 15 12 43 79 15 85 1 4 60 72 93 49 10 8 24 23 99 7 33 88 69 83 97 12 26 89 94 96 16 94 72 80 68 70 6 42 61 86 18 39 93 2 16 50 24 41 36 75 41 36 50 29 87 31 40 16 89 40 34 81 23 65 87 77 7 11 80 29 47 24 44 62 44 65 1 75 97 1 1 32 75 41 12 72 60 76 6 20 31 95 45 26 70 32 75 30 91 5 59 79 85 85 28 65 1 3 6 19 62 73 65 43 74 89 51 67 48 95 6 41 92 34 80 6 78 67 31 16 45 33 76 45 5 16 11 14 72 54 14 57 23 59 48 64 51 25 48 19 83 15 15 83 20 35 77 67 39 72 54 12 64 41 15 25 80 68 73 31 31 98 86 
62 23 87 2 66 56 85 97 97 37 23 63 97 63 37 68 24 89 28 84 16 50 31 87 64 33 97 81 20 54 90 46 64 96 0 14 70 82 78 5 26 60 27 24 62 39 89 83 85 14 89 91 73 48 52 98 64 29 28 60 95 79 60 51 11 92 85 23 38 30 13 21 67 53 16 3 42 58 2 98 63 46 44 4 48 88 5 40 69 6 72 60 8 34 58 90 58 72 29 48 5 62 52 2 91 75 25 41 97 37 52 88 84 68 3 68 65 28 21 28 15 18 77 92 11 90 59 75 8 40 3 68 57 44 98 33 61 25 2 26 64 15 11 59 48 39 14 76 43 43 55 41 97 57 99 70 1 17 51 49 12 79 15 32 33 83 99 73 45 27 30 96 33 59 11 28 84 46 3 54 45 78 98 32 80 17 32 51 90 8 60 51 15 90 58 44 43 95 78 29 55 69 39 61 27 98 20 94 60 20 36 90 92 21 69 41 76 79 15 48 74 15 1 65 24 89 69 46 52 43 90 35 86 85 59 67 59 89 88 47 64 69 45 33 60 23 8 26 81 78 66 89 32 53 3 26 5 67 87 23 31 58 76 38 59 34 57 83 33 74 76 89 40 66 89 74 42 59 76 92 27 93 29 73 8 76 55 16 62 87 24 20 75 25 88 68 53 12 17 70 
23 92 16 85 78 43 82 8 58 25 40 55 23 77 5 80 2 54 96 74 55 64 45 31 93 67 18 18 35 84 1 55 17 22 14 0 24 40 38 35 30 73 58 96 4 16 3 4 23 86 14 84 11 57 93 41 40 45 67 75 77 29 67 14 11 65 63 75 3 24 56 50 10 81 12 5 33 88 6 55 94 49 3 52 29 86 30 61 47 18 49 93 43 12 35 91 20 18 92 3 88 94 98 68 12 70 60 17 71 4 39 40 64 74 11 80 15 32 97 98 30 21 56 72 99 31 85 97 35 95 6 11 54 94 67 58 87 21 47 33 35 94 56 41 70 14 75 27 56 69 86 72 21 6 88 61 82 91 58 73 95 29 93 22 2 63 54 12 21 36 29 81 15 48 15 90 58 78 24 79 68 79 29 65 85 44 50 77 55 24 4 79 74 85 55 79 30 49 41 81 87 38 2 9 48 90 77 85 11 31 95 15 14 83 25 33 17 79 53 25 86 9 69 50 12 11 18 12 34 90 40 78 62 67 51 77 84 72 6 33 61 42 79 84 7 38 41 15 38 29 40 80 77 55 77 16 75 43 56 64 61 7 62 46 81 91 15 72 88 10 85 72 64 65 51 14 37 43 58 9 68 92 36 62 63 30 60 3 25 75 38 87 31 44 83 71 21 84 90 61 
58 55 72 79 19 21 74 39 95 4 74 11 43 77 83 62 3 51 56 79 28 71 2 96 6 69 73 45 27 22 24 94 95 11 70 24 0 71 53 5 94 95 5 84 15 63 8 8 49 21 83 3 82 76 52 93 98 54 32 59 47 52 5 4 25 3 31 55 29 28 42 40 39 23 84 32 17 5 44 32 95 81 26 36 44 65 65 98 32 24 61 22 74 25 12 98 25 8 43 90 66 59 79 59 13 18 35 80 9 34 56 21 13 65 36 13 17 49 35 84 72 46 21 55 20 88 27 90 98 80 87 7 69 22 45 50 97 12 43 62 18 18 44 5 20 6 51 33 42 84 13 12 28 60 89 63 74 84 16 49 89 61 67 99 28 8 86 28 9 42 28 41 83 93 21 91 27 93 83 56 21 21 19 44 43 91 11 19 51 86 2 39 9 17 42 46 79 68 57 68 5 71 57 86 18 80 80 75 2 28 87 63 22 99 16 61 30 76 88 54 79 66 65 40 67 37 15 96 43 3 61 36 51 86 51 82 92 7 72 13 9 17 19 56 49 31 6 66 36 50 92 34 43 86 36 16 52 37 9 38 31 86 42 77 64 95 42 56 83 12 23 49 28 73 4 36 49 80 45 45 8 28 54 35 38 45 30 9 97 70 9 65 90 28 63 80 81 69 68 92 
2 77 49 69 61 89 40 82 40 57 15 32 3 75 95 58 68 76 1 63 24 55 39 69 82 77 83 86 73 9 64 16 28 65 82 40 71 0 82 67 74 10 82 11 57 98 85 75 41 1 45 28 24 69 12 33 48 21 62 69 22 75 91 98 73 72 17 40 38 60 75 75 4 87 94 62 42 71 31 84 82 80 65 20 62 94 65 58 63 66 71 36 65 33 33 42 91 60 92 81 48 77 40 84 65 86 69 70 26 68 16 9 93 99 66 40 32 84 26 84 23 99 76 33 62 50 94 97 95 7 24 21 88 90 4 62 49 59 32 59 25 39 73 17 8 67 20 44 97 90 74 4 11 33 2 98 76 96 96 79 36 54 43 79 39 88 24 13 5 95 1 90 43 56 95 42 76 92 18 1 46 97 54 15 17 97 83 59 93 95 47 23 8 37 55 96 25 92 75 40 17 57 54 29 39 94 95 70 3 42 33 62 59 88 96 17 79 55 17 42 91 24 45 69 92 30 15 16 21 95 22 39 63 83 58 84 24 74 69 86 75 30 68 56 27 9 51 61 75 5 20 54 95 27 48 63 60 69 47 29 1 24 96 18 93 73 43 15 52 35 47 6 61 54 62 24 23 98 58 9 32 32 57 38 36 41 30 77 12 28 19 64 3 19 23 13 6 89 20 13 
1 13 29 55 83 69 57 30 91 94 48 70 21 71 12 8 84 7 44 5 27 43 5 13 65 65 97 77 87 10 24 64 44 67 78 38 53 82 0 25 53 54 4 34 75 35 24 61 1 29 71 68 70 10 14 62 23 6 72 18 38 7 29 58 78 55 13 40 93 49 79 81 60 29 83 18 64 8 48 85 90 19 53 30 13 28 60 1 8 82 3 73 58 76 47 9 82 37 88 72 58 53 38 72 73 68 99 59 36 59 47 83 1 2 76 88 42 99 22 20 37 55 49 72 64 18 22 25 8 75 66 16 41 6 16 10 93 8 7 51 90 17 65 43 93 15 99 43 44 41 88 87 51 27 92 11 34 67 40 37 47 54 63 40 94 38 2 97 37 97 89 49 20 75 33 84 1 20 55 92 73 29 50 36 78 3 63 73 70 8 2 14 90 33 49 77 25 5 82 12 4 82 44 31 78 85 34 44 14 40 11 49 85 62 24 12 24 77 81 13 87 73 7 88 50 93 98 17 74 65 26 60 47 73 43 19 72 78 52 26 47 5 43 21 36 79 1 69 20 21 1 9 89 72 79 37 51 60 9 62 8 88 27 77 21 3 4 30 17 17 6 49 71 44 7 54 54 59 2 64 29 65 87 16 59 58 24 2 49 74 14 72 73 15 38 71 92 72 33 9 
61 60 84 26 60 19 61 4 79 32 72 96 57 48 43 43 5 37 44 73 12 70 33 52 28 35 37 72 26 13 8 17 11 69 5 35 5 67 25 0 4 6 48 66 31 44 76 73 93 27 25 31 78 51 43 94 2 24 11 12 7 77 4 20 70 62 46 32 11 84 1 34 53 15 65 87 98 69 53 27 22 49 80 55 68 77 44 33 46 61 33 25 45 96 87 49 20 90 84 25 90 49 99 10 30 10 42 89 76 47 67 77 74 77 99 41 41 9 45 1 14 51 90 98 47 19 14 34 83 37 75 94 93 37 79 70 36 64 96 31 94 1 8 69 37 40 17 39 33 88 58 61 30 51 54 74 82 6 85 29 70 85 62 34 93 41 83 74 45 58 97 10 2 83 85 84 24 52 65 39 37 21 10 83 44 69 20 58 86 30 35 31 14 33 56 91 41 66 68 73 85 33 11 88 67 65 55 82 6 4 81 72 38 95 23 55 54 34 87 41 60 41 35 60 51 3 12 26 41 39 43 56 60 17 33 28 42 84 40 37 83 70 60 77 34 96 17 86 69 9 35 13 39 37 34 93 80 53 31 6 73 67 66 28 72 26 57 26 37 19 27 57 57 82 28 73 82 28 79 2 34 82 17 30 9 91 47 16 2 96 1 19 71 88 28 67 24 23 54 33 
82 27 28 84 63 93 26 75 62 29 2 48 40 79 23 4 9 95 91 41 61 42 86 23 19 2 63 85 24 17 29 66 83 52 26 30 94 74 53 4 0 22 43 59 36 30 86 92 5 8 68 30 53 26 1 93 37 78 37 88 85 19 41 84 29 29 52 81 8 3 93 85 44 27 75 50 30 55 33 68 42 38 25 57 38 93 69 3 73 44 54 95 82 30 29 69 75 60 50 68 21 25 23 1 7 3 19 26 16 32 63 19 62 55 89 29 63 4 83 80 31 2 62 37 29 73 24 57 12 39 65 77 39 88 3 85 41 29 82 22 38 95 64 40 89 31 71 18 34 38 23 87 11 11 21 67 45 4 37 22 43 68 64 43 68 17 94 31 45 76 80 43 79 3 77 39 83 20 36 13 96 9 10 99 7 57 63 9 19 95 4 69 8 58 11 25 42 57 5 38 19 18 66 25 80 4 38 64 74 96 41 14 39 35 80 45 49 7 29 11 27 45 87 58 69 7 94 69 91 82 90 49 98 46 66 54 90 93 84 19 26 7 80 7 4 58 32 26 82 60 10 13 49 5 47 34 38 11 64 97 23 22 25 82 7 56 71 13 59 10 66 3 44 5 6 51 54 89 42 15 51 79 93 94 73 33 53 85 6 90 27 96 12 43 16 75 27 81 52 30 
9 77 44 28 39 50 66 51 58 77 34 49 38 32 85 54 78 17 63 98 31 21 71 21 16 25 13 88 62 74 65 40 45 91 60 73 95 10 54 6 22 0 80 73 99 31 29 59 33 4 33 39 28 68 30 58 55 67 56 86 52 26 10 54 86 14 78 71 14 68 79 59 74 16 63 19 85 21 66 8 54 9 33 89 51 41 37 43 4 37 59 49 98 34 69 78 28 40 22 30 76 43 50 6 70 19 99 97 22 54 33 42 97 28 28 76 97 22 22 81 79 45 81 8 3 46 55 66 60 52 56 13 77 39 13 11 12 47 57 63 99 70 79 19 18 56 65 58 88 59 49 22 77 92 44 43 76 22 91 66 83 6 76 16 6 83 79 97 89 28 39 59 7 16 67 11 91 92 21 25 80 77 82 89 13 74 54 21 35 4 62 73 62 60 45 36 80 64 64 88 79 83 10 32 41 71 15 84 16 24 26 86 32 13 5 4 80 45 31 66 22 36 65 10 82 81 43 13 57 78 76 15 70 21 93 11 8 31 48 34 4 4 55 85 89 78 87 39 65 52 89 66 55 20 3 99 54 64 40 47 41 59 10 6 16 73 77 99 16 22 88 34 13 54 49 76 44 34 34 20 91 34 85 43 78 74 11 21 75 62 86 42 15 26 61 78 90 90 18 1 
89 72 20 57 24 84 96 92 6 3 71 11 27 34 29 90 15 77 65 13 62 17 61 94 12 65 80 53 4 26 49 98 37 96 27 58 5 82 4 48 43 80 0 72 39 80 1 53 2 24 17 20 55 99 4 72 87 44 42 15 91 11 87 29 90 27 99 96 65 39 44 68 93 19 89 37 39 77 79 87 99 50 5 92 99 37 48 41 65 76 51 20 69 37 52 11 92 52 93 85 14 83 87 26 20 74 13 11 14 75 79 27 86 79 65 98 51 30 62 45 17 57 51 31 7 15 92 63 72 88 71 27 31 51 2 39 71 67 74 57 26 24 74 8 94 85 63 66 70 90 48 80 67 58 9 18 42 69 16 21 3 36 22 48 49 83 98 45 63 51 29 72 87 12 41 90 53 41 40 88 74 56 24 66 40 31 59 84 14 81 13 63 8 38 26 84 75 76 73 50 59 71 67 91 41 94 37 84 48 18 66 76 44 94 83 61 73 51 25 15 23 29 46 37 79 29 47 16 71 38 31 76 12 21 91 86 73 45 4 31 63 77 44 71 87 17 3 55 24 2 23 11 33 98 15 34 76 67 37 37 27 59 54 40 34 27 66 30 31 38 3 24 83 24 55 65 38 47 80 76 10 9 69 87 86 53 59 49 15 8 86 6 90 36 42 48 86 64 88 4 
14 88 80 93 69 16 28 17 77 61 61 41 22 44 57 13 14 99 5 19 98 1 4 33 71 17 58 34 54 64 15 37 8 6 24 96 84 11 34 66 59 73 72 0 71 41 42 86 42 19 33 28 86 36 61 68 12 44 13 64 21 93 63 71 14 19 92 25 8 82 13 29 57 32 91 53 82 78 34 72 23 81 66 66 72 32 31 99 25 15 47 60 84 99 32 54 45 95 43 85 98 31 48 71 70 18 55 52 30 96 11 84 28 41 60 56 80 30 32 29 62 58 23 45 92 88 79 43 86 44 80 62 48 84 58 34 37 74 80 50 66 12 47 48 68 79 49 1 9 43 70 65 37 63 53 92 69 77 11 92 47 38 36 92 92 65 83 35 48 62 81 28 1 88 70 69 42 30 42 63 37 59 53 94 77 41 27 75 63 12 85 42 1 62 70 7 31 55 40 99 95 47 78 38 49 27 4 48 82 88 1 71 46 4 1 55 5 46 47 73 47 94 4 98 23 47 16 40 58 72 68 53 52 18 68 20 57 35 6 33 35 82 89 73 19 14 6 6 30 33 31 66 57 73 13 35 16 9 25 82 22 13 27 78 76 72 9 59 3 17 70 19 91 68 98 76 14 87 74 23 72 81 24 26 4 2 54 11 22 18 88 70 66 39 17 11 98 19 47 29 
48 40 71 9 70 18 19 50 26 60 20 26 4 10 33 75 99 63 7 55 74 40 13 91 92 5 84 39 22 12 77 85 77 37 62 4 15 57 75 31 36 99 39 71 0 55 91 94 79 45 65 27 76 19 17 73 41 83 55 52 5 87 32 15 73 98 1 96 44 61 71 15 35 9 29 37 79 6 30 12 15 57 20 3 97 55 60 30 7 97 73 2 46 43 82 5 56 76 29 70 56 21 86 83 42 36 77 33 5 92 78 76 41 27 31 81 76 41 84 65 8 53 66 55 82 89 54 70 92 60 59 61 83 90 9 82 25 57 31 60 77 88 97 10 82 45 56 68 86 61 37 91 25 16 41 73 89 24 9 92 22 97 71 39 21 93 32 32 63 33 68 86 79 34 70 18 85 78 75 46 7 30 49 61 20 10 97 55 63 27 74 81 44 9 66 85 83 46 22 60 70 13 18 99 8 63 46 17 95 29 35 47 76 55 94 17 73 53 37 18 71 45 44 62 95 38 27 60 48 86 36 88 61 59 48 97 97 35 25 23 94 97 23 5 23 15 16 53 2 36 20 36 60 81 98 10 76 58 25 38 27 85 55 43 27 84 67 49 61 13 88 23 37 94 10 62 49 97 75 83 26 6 79 37 15 95 47 83 18 71 68 36 74 13 69 65 37 55 83 62 
73 44 89 56 62 62 87 43 80 73 16 73 63 57 59 76 7 23 25 36 45 68 68 96 52 87 24 80 84 48 71 21 43 37 39 16 63 98 35 44 30 31 80 41 55 0 59 66 69 85 92 82 35 5 39 37 88 27 21 12 69 40 95 57 24 52 70 26 6 5 7 84 2 82 48 25 2 67 22 72 3 80 55 4 23 59 29 54 58 35 64 85 15 14 21 19 32 25 65 4 81 70 5 80 58 2 47 56 13 41 88 42 97 59 40 77 56 47 68 61 99 30 84 94 45 48 64 81 95 29 42 20 53 37 47 73 73 97 62 56 23 11 8 59 21 70 48 70 8 97 72 3 26 6 23 66 85 94 50 60 41 61 38 19 61 12 86 41 21 79 3 56 92 77 75 90 83 37 78 13 26 93 64 5 95 55 7 34 12 43 12 55 93 45 59 21 51 35 72 4 68 79 18 63 17 87 55 65 91 23 34 83 52 13 26 78 3 50 71 23 43 23 21 64 87 76 30 19 23 20 85 7 83 12 70 2 83 49 5 5 84 84 36 77 88 7 10 58 4 37 40 32 43 63 31 88 58 66 86 1 2 53 5 7 94 45 67 5 48 48 48 37 26 20 39 76 86 95 2 56 84 98 68 18 19 87 3 63 91 10 98 78 50 46 8 91 87 97 68 50 
31 77 87 77 88 8 2 71 94 41 98 88 29 87 87 60 96 71 24 20 81 36 12 2 6 78 86 30 95 20 30 67 44 44 89 3 8 85 24 76 86 29 1 42 91 59 0 6 85 47 74 73 82 9 86 64 95 54 45 26 93 41 8 63 66 15 56 38 67 44 65 85 18 72 19 83 38 92 76 93 19 31 60 35 75 65 88 48 46 52 84 7 49 54 81 25 17 14 15 60 93 87 22 18 18 31 43 29 6 83 90 21 36 81 73 11 36 17 35 74 86 54 75 72 49 56 21 79 6 38 13 40 28 50 34 96 55 51 49 84 97 62 5 83 84 94 56 63 57 91 61 39 72 70 13 28 19 54 35 93 83 95 44 95 37 84 36 7 87 31 11 31 56 37 56 62 20 51 93 46 76 57 32 94 60 76 31 90 81 42 78 4 28 7 10 67 68 83 75 36 57 45 60 72 9 78 35 72 73 94 82 35 62 79 66 56 10 60 2 48 58 3 20 26 54 12 9 30 43 42 93 83 54 26 28 39 42 48 78 38 78 56 38 70 51 61 23 90 94 55 6 83 84 35 60 37 26 32 17 41 56 88 83 39 12 61 13 59 6 27 20 36 42 14 85 64 71 66 52 1 56 29 99 31 83 15 77 35 82 68 45 16 60 56 26 25 84 96 76 43 
72 39 12 47 67 65 35 9 38 16 99 23 10 47 69 35 69 70 28 32 24 22 14 38 69 24 32 5 30 75 50 46 16 66 83 4 8 75 61 73 92 59 53 86 94 66 6 0 48 51 74 86 68 38 20 28 90 58 81 4 1 88 15 72 84 45 58 74 26 30 64 80 56 10 95 15 78 57 72 81 72 81 38 20 20 32 61 43 83 68 32 98 16 22 61 70 54 61 62 35 30 29 17 5 47 92 3 90 29 18 31 6 85 99 78 20 99 61 89 82 5 51 72 34 8 71 90 57 48 51 61 26 38 30 91 80 83 56 13 54 43 30 74 61 69 39 39 70 33 80 37 3 46 9 86 87 6 97 41 74 45 18 1 65 87 47 26 42 53 33 81 58 65 66 16 65 96 59 4 85 85 53 55 54 82 91 55 89 50 11 60 99 5 58 18 52 14 2 49 20 46 16 31 57 71 65 67 6 25 13 76 49 25 41 1 87 86 1 47 23 76 52 61 24 50 4 81 52 62 75 45 58 13 32 84 43 19 44 61 27 44 70 34 17 11 39 33 79 85 81 36 13 4 20 32 46 91 74 91 72 13 94 97 31 31 55 40 5 32 84 59 49 25 1 27 11 99 73 22 74 30 49 89 24 13 98 59 50 21 4 7 45 38 43 87 34 73 18 89 39 
4 92 66 50 20 56 3 32 45 38 54 50 55 38 67 70 98 83 31 10 65 87 29 25 21 72 20 60 17 26 73 46 75 68 85 23 49 41 1 93 5 33 2 42 79 69 85 48 0 30 85 69 67 15 41 24 93 59 75 23 83 52 65 53 17 43 58 51 23 48 37 1 14 56 20 58 6 75 64 16 99 79 18 16 31 96 2 62 24 34 40 9 86 99 72 35 75 52 82 48 93 87 29 68 37 19 10 26 47 98 37 10 69 81 12 63 23 84 15 52 45 56 15 10 80 65 23 21 40 84 70 25 4 70 24 4 64 39 82 52 97 57 9 29 2 34 23 71 43 78 82 4 50 8 9 33 66 6 44 64 50 92 14 23 49 81 97 70 16 5 77 69 86 83 86 75 32 51 10 32 64 57 28 40 99 71 62 90 78 54 75 79 69 68 46 14 60 57 62 55 65 90 98 4 43 11 14 73 50 45 55 78 35 81 83 8 5 31 56 42 40 9 10 29 81 93 16 1 33 42 39 50 66 57 62 39 34 8 96 15 25 87 88 71 30 74 70 61 13 72 34 82 4 60 77 55 38 54 31 1 68 83 14 95 32 94 90 14 1 55 58 25 45 86 95 79 97 26 59 97 38 66 54 79 67 57 4 2 53 49 28 23 24 68 28 24 38 49 7 4 
71 70 94 12 37 3 18 26 61 8 70 56 2 37 23 51 87 16 69 71 72 52 4 83 53 81 96 32 23 43 35 66 32 26 14 86 21 1 29 27 8 4 24 19 45 85 47 51 30 0 8 55 79 21 58 68 56 59 46 85 99 50 56 86 28 93 73 47 48 43 82 81 30 59 46 83 99 95 65 57 45 66 35 19 22 41 26 73 71 4 63 52 23 79 3 26 47 75 31 23 90 81 3 97 16 26 78 21 82 9 54 34 42 57 77 23 75 94 86 95 19 50 34 5 27 17 59 17 9 35 5 43 4 71 51 44 92 75 75 41 31 56 61 60 30 86 28 9 48 11 90 98 59 33 4 54 5 89 90 81 86 18 59 67 46 54 32 1 92 51 25 52 97 86 72 32 16 69 38 32 2 2 64 17 66 85 79 55 69 20 77 6 14 39 24 76 22 24 37 73 44 8 32 52 52 93 4 88 80 40 69 72 10 24 91 22 57 29 73 12 20 70 70 52 93 79 85 37 69 18 2 39 91 68 13 9 86 64 40 49 60 99 98 59 58 10 69 78 46 48 65 14 94 47 60 67 22 77 33 24 76 35 46 44 31 84 26 22 38 76 53 63 58 87 19 36 98 62 90 51 23 40 10 44 14 95 67 78 98 94 80 1 9 7 52 6 99 81 29 71 
22 99 16 9 18 91 86 35 16 83 21 89 29 11 3 98 29 96 26 30 18 91 98 1 60 22 52 78 17 44 20 78 49 28 89 14 83 45 71 25 68 33 17 33 65 92 74 74 85 8 0 39 53 23 96 2 3 73 12 73 23 74 40 22 90 57 58 22 5 10 11 18 91 85 57 36 1 44 94 43 20 89 76 52 56 38 88 44 58 26 34 30 39 47 50 18 13 18 49 1 2 97 58 98 98 10 91 11 81 52 24 22 18 20 71 56 65 61 9 77 68 68 42 32 16 23 43 51 58 2 50 53 88 5 99 1 45 60 49 53 39 25 21 31 97 17 17 44 28 93 50 92 6 16 94 54 18 64 22 53 88 33 73 16 20 76 57 66 9 73 70 19 47 55 15 72 59 43 62 51 6 68 64 74 39 57 24 48 81 67 49 23 32 66 5 50 54 40 37 74 28 17 33 47 92 1 70 54 82 39 95 38 97 87 63 70 52 29 24 99 36 71 28 24 18 17 9 38 11 26 84 42 38 1 12 8 47 67 26 16 58 24 94 3 33 73 39 54 88 2 30 59 1 93 50 31 25 39 97 3 12 59 92 60 54 79 54 69 72 69 17 71 95 91 94 70 55 50 58 66 43 4 35 24 53 60 56 7 52 50 38 64 75 61 25 28 17 2 10 83 
50 34 52 62 22 5 12 55 93 39 36 4 7 51 74 93 74 19 94 33 65 65 71 7 37 94 69 9 60 98 97 8 87 3 91 84 3 28 68 31 30 39 20 28 27 82 73 86 69 55 39 0 13 70 40 87 13 49 83 96 79 47 65 44 95 57 35 33 26 10 7 68 85 53 25 40 48 88 4 71 70 35 74 55 33 34 11 48 3 59 82 6 58 40 49 61 46 78 34 70 75 9 56 75 87 67 41 49 98 16 25 77 58 75 10 21 79 49 53 55 61 30 15 89 97 83 28 79 68 35 11 89 89 98 85 48 98 21 70 18 9 57 68 18 28 36 57 16 52 20 21 19 9 73 90 13 18 21 41 11 22 31 39 5 68 87 41 31 14 3 93 50 3 61 85 22 77 40 25 44 21 84 38 64 14 61 28 26 1 99 39 60 82 85 74 7 81 67 10 9 30 25 84 45 24 53 88 64 32 55 75 35 92 46 29 53 95 20 25 32 76 76 91 65 55 96 89 84 27 73 5 49 84 90 74 79 50 92 63 89 45 44 29 81 17 32 37 19 43 80 49 63 90 16 99 55 49 46 93 45 96 56 18 50 20 94 98 45 87 95 69 25 33 39 51 40 71 63 38 91 42 6 71 75 86 46 84 23 6 8 90 53 76 81 42 21 66 52 72 31 
58 44 99 75 78 17 94 98 42 48 39 29 45 78 2 22 35 22 51 86 13 4 29 68 3 61 16 92 33 81 25 39 11 47 73 11 82 24 70 78 53 28 55 86 76 35 82 68 67 79 53 13 0 60 15 71 30 35 36 21 97 53 26 6 54 12 8 50 13 82 72 24 43 39 33 24 63 32 59 35 68 9 77 19 67 79 70 53 87 7 94 83 42 65 97 95 51 42 92 82 69 99 29 59 66 35 36 98 1 93 16 97 55 51 57 38 61 90 6 61 18 34 39 95 10 84 93 19 27 61 97 13 90 1 65 40 71 63 21 14 18 51 60 39 95 8 28 27 66 82 43 91 85 35 82 36 13 39 79 38 81 5 96 92 57 81 32 13 10 31 79 47 29 76 97 93 49 47 94 74 76 96 77 19 81 77 76 48 64 56 68 96 1 3 20 85 8 78 32 35 39 55 41 43 59 87 17 68 78 7 5 59 69 40 30 75 22 28 85 3 52 48 58 9 97 2 42 23 41 98 85 30 71 35 53 97 6 28 95 20 71 55 24 18 50 20 77 60 6 43 31 73 72 7 68 53 31 47 42 12 16 94 17 21 10 20 55 21 61 99 80 83 96 59 10 52 14 10 70 92 5 6 16 79 44 54 80 5 54 52 63 93 19 26 58 25 8 39 97 77 
4 27 87 24 27 78 54 97 64 61 50 25 68 20 34 86 84 10 68 95 85 9 75 82 69 48 39 29 43 55 94 20 22 27 48 57 76 69 10 51 26 68 99 36 19 5 9 38 15 21 23 70 60 0 52 96 10 47 55 32 52 64 93 42 70 19 77 56 88 22 90 38 24 22 40 6 96 66 48 66 26 41 56 81 76 38 9 99 50 90 14 91 46 40 43 12 10 76 80 20 44 67 39 36 43 46 18 60 89 19 48 4 18 40 73 81 60 12 79 26 20 51 51 18 48 65 59 10 15 72 39 89 21 89 6 18 46 74 82 44 23 64 71 26 65 18 53 41 95 59 18 61 35 57 8 43 35 27 93 3 57 48 6 94 9 65 2 38 14 13 59 44 67 33 16 70 54 31 39 28 18 97 43 79 27 40 16 83 75 48 76 6 58 59 3 21 13 97 70 14 61 66 48 53 86 79 32 46 7 91 49 68 58 50 10 24 97 63 63 19 45 75 15 68 75 20 76 50 83 49 81 48 27 71 37 14 56 55 24 52 94 97 65 33 70 20 37 48 26 93 22 21 59 73 94 38 10 22 97 86 37 68 39 57 88 32 97 91 74 41 63 85 22 5 63 94 47 96 25 83 83 76 63 91 63 5 53 37 31 12 32 13 9 24 26 38 7 32 94 12 
69 57 46 89 33 69 60 71 8 61 82 21 33 46 81 76 59 3 3 87 39 60 90 5 27 99 55 94 30 83 20 53 92 78 52 93 52 12 14 43 1 30 4 61 17 39 86 20 41 58 96 40 15 52 0 16 97 80 64 20 28 51 18 85 87 78 80 61 23 68 30 8 97 80 50 48 49 85 27 59 46 15 29 6 56 70 67 32 48 59 67 65 18 13 7 19 78 23 12 54 44 42 25 81 72 27 84 36 23 66 96 72 25 8 91 55 88 91 37 37 73 15 41 21 8 68 62 90 97 41 26 72 28 78 66 36 56 62 53 34 99 27 66 55 67 62 69 37 2 4 89 18 96 81 88 23 27 11 99 89 93 63 6 27 12 84 78 92 66 12 96 7 64 19 10 93 35 36 40 70 35 38 12 63 71 86 34 33 24 43 63 83 80 79 14 35 18 12 60 80 73 44 11 1 81 60 30 31 12 81 40 53 5 73 70 22 82 44 97 81 41 14 74 35 57 1 53 73 80 40 68 54 55 22 67 25 62 74 15 87 96 56 20 41 13 15 83 32 30 45 3 33 73 65 60 74 1 93 1 7 53 99 90 79 59 97 38 86 88 44 15 91 69 11 11 47 10 90 88 14 67 41 41 39 32 67 89 68 14 82 13 44 67 13 66 67 89 29 60 58 
25 70 64 90 9 31 83 6 3 49 59 66 30 35 8 44 49 79 99 85 77 2 16 13 22 19 68 88 17 39 91 60 24 45 98 41 93 33 62 94 93 58 72 68 73 37 64 28 24 68 2 87 71 96 16 0 22 54 14 28 23 56 22 18 26 11 29 87 11 85 52 30 5 95 73 50 4 22 6 66 97 23 26 75 53 66 38 45 32 84 75 67 48 95 91 79 21 35 10 28 87 60 42 7 13 28 27 4 2 11 19 48 12 44 50 51 86 67 84 58 66 40 82 61 88 17 68 15 37 41 24 73 43 59 83 44 27 53 23 18 8 12 4 39 18 87 43 80 43 13 47 1 22 79 45 41 7 96 22 23 52 19 64 24 58 24 25 93 60 60 96 29 90 56 94 93 19 95 75 31 98 2 5 93 68 55 61 6 68 51 32 21 39 10 42 71 3 38 77 16 82 15 20 85 49 31 71 61 47 76 46 25 30 89 97 10 90 46 77 95 1 80 91 7 97 58 23 37 36 49 76 9 86 7 13 88 88 59 84 19 92 91 11 43 39 36 26 21 35 27 70 31 69 88 51 90 1 16 46 40 50 13 61 25 13 7 47 17 50 96 76 9 94 80 47 6 50 71 31 84 3 45 57 17 34 94 6 79 16 94 41 90 33 87 79 56 4 72 77 3 
44 74 43 83 9 53 12 64 47 83 13 88 70 36 64 4 10 79 86 84 38 10 42 15 45 83 44 82 44 20 1 33 45 79 64 40 98 48 23 2 37 55 87 12 41 88 95 90 93 56 3 13 30 10 97 22 0 52 83 94 13 80 80 65 8 63 26 83 46 35 65 10 65 14 95 76 64 28 40 29 53 2 23 16 15 4 21 31 6 30 86 74 83 12 19 49 66 1 69 72 38 78 66 69 93 77 5 36 55 99 86 97 5 94 76 28 45 58 17 96 6 24 2 2 32 77 90 64 48 77 79 33 41 81 99 46 31 70 95 97 29 76 68 96 21 93 22 66 43 65 35 67 95 13 36 53 67 16 39 88 10 18 89 58 16 9 11 73 50 77 88 88 64 73 55 58 45 46 63 68 17 39 53 19 76 58 83 6 65 11 96 70 57 32 33 37 49 90 35 42 69 90 71 83 36 14 86 55 94 29 92 34 50 40 30 53 96 91 57 9 26 72 83 80 20 23 5 20 38 83 47 16 34 20 39 31 4 64 68 87 18 31 54 40 6 83 2 31 80 14 93 59 87 9 65 20 80 59 63 13 34 7 41 1 99 4 75 40 84 79 5 64 38 91 39 16 74 97 64 72 93 47 96 92 80 57 69 38 84 94 31 49 44 40 52 76 10 51 73 33 
77 53 23 83 21 85 84 95 76 9 76 10 13 8 70 85 15 7 57 12 38 62 14 59 43 15 33 6 16 7 79 29 25 84 29 45 54 21 6 24 78 67 44 44 83 27 54 58 59 59 73 49 35 47 80 54 52 0 94 21 66 55 91 38 61 89 25 1 68 67 94 31 4 23 40 11 1 11 37 2 63 65 19 40 92 32 26 57 81 94 84 68 42 28 62 29 62 69 48 84 92 41 17 78 53 13 63 16 73 24 80 42 43 70 81 14 2 57 5 93 32 61 61 89 90 50 81 50 19 12 68 22 89 86 82 87 53 40 53 14 10 99 79 47 27 64 87 3 97 46 14 68 38 37 55 64 66 59 50 49 60 27 3 27 45 30 35 73 63 53 76 73 96 1 52 40 61 25 96 81 35 37 56 32 67 81 57 24 21 57 60 28 28 90 81 35 59 75 71 82 8 36 30 75 14 44 61 28 98 17 56 26 20 46 81 49 74 23 32 21 17 18 60 29 71 10 46 36 85 55 82 86 97 81 90 21 41 27 77 10 78 5 15 20 7 7 31 74 24 35 53 51 50 86 42 17 10 63 86 70 93 66 57 60 27 66 92 12 79 28 43 32 50 37 66 45 75 24 72 77 61 98 88 35 60 66 41 36 79 3 95 57 95 43 5 88 51 60 92 27 
27 90 83 6 69 37 4 25 53 86 54 12 91 72 6 7 32 97 19 85 84 25 2 5 43 28 73 68 18 5 85 25 27 78 28 67 32 62 72 11 37 56 42 13 55 21 45 81 75 46 12 83 36 55 64 14 83 94 0 37 46 10 14 59 86 88 21 9 60 83 56 25 93 73 70 49 80 33 91 5 83 6 71 44 20 22 20 96 99 90 2 1 70 30 58 58 80 45 19 97 71 33 61 1 20 4 6 55 53 20 45 95 76 79 60 13 2 8 16 24 99 1 4 28 63 9 34 80 15 72 55 77 97 60 29 79 57 7 71 23 76 6 72 38 1 32 44 83 48 83 34 70 24 47 95 62 63 69 92 3 25 78 4 61 69 67 5 93 86 48 13 46 47 58 66 29 13 34 66 21 2 18 10 23 34 98 19 17 91 17 95 5 52 61 88 75 13 21 6 23 67 7 25 75 32 72 33 41 14 35 50 4 44 34 13 81 46 85 4 17 22 15 38 34 26 96 63 75 2 35 58 11 71 43 60 5 86 64 8 83 85 22 72 63 18 50 20 94 29 45 68 74 99 40 1 78 58 23 70 80 60 35 30 57 52 24 69 57 97 4 22 4 74 21 25 88 38 68 41 73 18 66 66 6 48 71 17 51 65 67 97 38 24 69 57 7 97 20 62 41 
53 28 41 43 83 99 84 47 67 69 25 22 16 2 43 2 25 60 13 97 44 38 52 85 49 62 34 94 69 94 58 39 86 47 60 75 59 69 18 12 88 86 15 64 52 12 26 4 23 85 73 96 21 32 20 28 94 21 37 0 31 16 47 90 66 34 8 82 93 1 19 39 73 21 23 44 43 96 66 88 77 48 51 7 59 68 95 60 38 97 34 64 70 94 11 60 61 53 25 98 73 95 71 19 28 96 97 79 12 11 12 93 96 92 99 4 32 69 49 78 27 85 83 64 75 18 51 34 64 63 46 89 11 47 77 18 18 26 3 28 17 38 25 79 97 23 11 37 38 14 80 80 32 63 43 28 18 66 58 99 98 14 4 1 27 38 80 61 57 38 50 31 11 52 53 47 53 26 59 35 83 2 28 96 26 59 22 79 51 29 60 19 19 11 86 59 78 6 85 54 44 52 83 4 7 80 57 2 80 14 11 12 82 1 81 99 91 25 26 38 8 41 47 25 16 7 80 66 82 3 63 74 55 96 7 64 92 29 68 42 35 8 57 46 39 75 75 82 27 62 44 49 58 97 10 27 75 15 84 18 11 88 33 61 7 10 60 96 2 53 17 92 72 26 83 25 66 6 87 68 58 12 94 67 96 12 43 58 76 61 25 37 79 76 10 84 6 44 85 94 
81 44 45 47 55 60 1 21 26 40 96 59 75 4 16 66 25 37 25 96 88 96 77 94 54 27 93 52 5 58 67 89 27 30 95 77 47 22 38 7 85 52 91 21 5 69 93 1 83 99 23 79 97 52 28 23 13 66 46 31 0 65 88 39 20 50 94 96 78 78 72 23 31 94 19 6 50 39 86 62 81 93 9 70 13 15 86 24 97 59 84 69 33 92 84 32 80 23 57 76 51 35 58 8 85 42 88 26 6 62 18 58 75 2 60 46 2 9 47 17 4 88 96 93 39 45 86 13 9 30 16 28 41 16 70 10 25 78 45 65 40 8 96 14 64 70 67 41 80 69 62 24 94 81 69 12 28 44 67 76 11 69 17 36 60 51 31 85 38 68 78 88 69 83 34 2 62 26 43 37 57 47 68 13 71 33 56 7 3 19 94 12 98 69 19 68 20 93 25 92 58 61 67 52 53 83 20 61 75 20 65 84 54 44 74 3 21 62 43 99 35 81 45 7 16 58 18 69 89 40 47 64 29 49 81 64 68 88 54 65 67 65 10 15 66 4 33 76 96 9 76 39 73 89 51 96 13 68 78 76 23 60 78 13 48 19 80 23 65 75 62 53 99 44 62 86 61 95 26 5 72 7 32 89 58 55 15 72 80 55 87 40 13 58 84 51 41 96 13 79 
42 2 17 22 86 32 94 23 38 64 23 88 93 47 36 97 23 26 38 83 78 71 84 50 5 69 37 94 21 4 29 73 43 49 79 29 52 75 7 77 19 26 11 93 87 40 41 88 52 50 74 47 53 64 51 56 80 55 10 16 65 0 84 19 47 49 1 80 4 9 9 85 81 81 9 3 22 84 30 62 13 94 82 71 38 33 55 64 23 57 43 98 40 82 85 65 73 62 12 36 96 63 89 64 11 39 35 92 97 45 61 66 65 46 91 43 72 21 63 12 59 99 36 68 62 63 28 40 70 54 12 9 37 55 16 60 37 90 58 75 50 7 31 13 4 73 88 49 52 44 59 6 11 93 68 49 98 7 19 28 31 43 68 65 6 69 62 97 23 46 42 57 93 97 51 66 32 7 16 91 25 9 82 54 27 7 44 66 30 55 22 3 38 17 88 69 85 97 35 88 10 2 94 49 49 68 20 20 93 30 58 70 27 7 95 98 76 37 47 11 38 62 69 92 79 19 49 83 32 12 72 8 81 73 74 34 24 96 58 31 13 90 10 84 79 13 67 91 81 41 1 5 75 76 52 13 54 27 60 35 96 64 17 21 50 87 92 65 91 84 2 44 1 90 69 65 30 88 55 42 28 36 26 84 90 65 71 90 50 2 98 73 46 21 1 69 85 8 76 22 
83 83 18 52 94 36 86 1 4 55 34 95 17 62 47 19 75 6 70 29 14 52 72 22 17 80 13 48 77 91 83 91 97 64 60 67 5 91 29 4 41 10 87 63 32 95 8 15 65 56 40 65 26 93 18 22 80 91 14 47 88 84 0 92 66 17 49 73 31 67 69 96 27 14 55 77 61 45 78 56 2 59 40 32 11 49 40 40 59 18 82 36 95 85 83 94 72 99 33 26 58 75 17 40 53 82 35 85 74 9 6 35 97 61 74 5 9 92 56 28 17 2 90 89 25 10 13 42 87 21 39 30 24 62 82 2 57 18 88 35 24 35 42 43 92 6 86 24 20 65 28 49 55 64 6 35 53 48 3 26 22 57 49 2 22 98 10 10 52 60 40 69 97 42 81 1 99 35 74 21 25 32 89 60 65 13 63 28 94 7 87 1 4 29 75 68 11 3 61 68 40 78 90 81 87 10 22 98 67 72 29 31 54 27 27 68 28 46 94 89 4 58 22 27 16 16 9 79 19 83 44 56 92 6 29 35 99 43 69 65 94 97 63 49 21 51 71 41 51 85 9 95 30 8 57 8 42 37 99 20 25 96 98 3 2 37 13 82 32 39 22 88 81 97 7 60 66 50 4 44 36 77 39 86 69 86 29 94 85 10 40 18 12 67 70 96 98 75 38 73 
16 95 89 74 75 33 52 70 26 14 25 65 24 7 82 54 26 62 65 90 44 83 56 41 50 85 55 88 31 91 6 94 18 13 51 14 4 98 58 20 84 54 29 71 15 57 63 72 53 86 22 44 6 42 85 18 65 38 59 90 39 19 92 0 63 7 55 66 97 17 19 12 82 37 26 1 68 33 82 57 92 22 77 74 33 33 67 62 11 77 69 52 45 41 83 11 49 79 64 55 1 54 51 25 99 22 90 95 54 56 91 20 70 62 22 59 60 2 76 93 19 90 65 65 93 2 57 67 62 35 34 24 59 74 65 47 59 49 43 10 6 94 77 97 16 59 91 55 11 57 81 15 42 31 56 12 54 73 18 88 76 8 71 43 55 22 11 56 84 99 83 38 22 25 59 95 19 34 84 6 39 22 7 31 52 70 27 8 90 85 26 67 46 13 25 62 95 27 90 48 22 59 41 2 17 81 75 60 62 10 10 84 41 42 29 63 17 25 10 58 60 72 74 86 6 16 29 12 55 89 89 58 10 65 87 94 11 6 79 85 4 84 2 34 6 64 88 44 61 44 97 12 98 94 19 71 98 81 99 10 69 34 54 12 90 44 75 76 82 4 95 41 86 96 44 54 81 26 26 91 86 40 25 64 14 47 16 16 76 35 7 43 49 25 75 70 92 76 60 81 
65 97 1 43 90 51 92 23 85 62 31 79 16 4 24 8 20 9 59 37 91 84 10 82 21 76 89 41 95 10 64 68 76 60 11 11 25 73 78 70 29 86 90 14 73 24 66 84 17 28 90 95 54 70 87 26 8 61 86 66 20 47 66 63 0 54 20 74 90 4 17 31 59 37 32 3 87 52 59 19 96 30 12 9 76 79 43 78 71 77 26 71 38 41 36 28 66 4 58 60 14 10 31 40 97 58 78 75 70 34 74 77 68 37 47 87 21 80 21 21 76 46 70 18 17 18 94 89 24 5 49 49 24 41 25 74 98 95 3 83 30 11 95 58 81 52 50 61 78 40 81 14 28 46 53 96 29 37 82 4 12 72 57 70 18 11 74 65 2 19 33 40 32 53 58 52 85 84 98 80 42 60 81 42 58 31 8 3 99 62 13 77 75 11 57 20 34 43 83 50 59 8 43 90 30 37 5 27 5 32 98 68 27 42 83 47 45 45 7 38 49 96 73 66 23 27 52 34 68 38 73 31 53 21 20 48 40 55 81 63 72 85 24 68 13 13 14 88 40 99 56 46 54 9 75 11 71 72 30 74 57 41 18 26 54 49 72 96 45 57 10 6 44 74 52 27 24 5 16 33 86 14 17 34 29 22 10 91 59 95 57 47 19 15 49 86 81 69 22 66 
69 27 98 14 24 52 33 28 65 41 88 88 12 9 21 71 97 7 1 18 28 74 81 18 20 60 36 18 67 6 71 79 18 46 92 65 3 72 55 62 29 14 27 19 98 52 15 45 43 93 57 57 12 19 78 11 63 89 88 34 50 49 17 7 54 0 8 18 93 92 9 98 56 68 42 46 71 61 71 88 57 12 83 40 99 76 79 35 96 69 21 50 66 6 72 50 28 43 73 92 54 59 7 6 34 54 4 75 5 91 48 23 28 86 59 75 89 93 68 49 14 49 10 48 41 44 32 3 74 91 54 13 21 71 78 79 66 18 38 9 99 90 43 62 58 86 49 31 67 24 24 26 96 90 43 28 57 28 16 87 11 56 47 59 18 7 11 12 38 64 53 18 63 77 68 87 89 11 41 48 86 85 38 14 28 45 95 20 70 51 93 84 42 60 26 78 20 3 28 88 81 28 18 23 69 53 42 69 95 95 70 33 2 88 38 23 21 95 97 8 13 17 99 60 46 65 71 1 30 63 64 78 43 94 6 62 63 49 24 4 86 34 75 19 6 14 87 19 54 63 81 79 25 17 97 77 54 29 38 43 23 7 27 37 91 89 36 57 1 71 15 59 30 71 3 29 40 3 51 9 36 27 10 59 92 89 21 72 7 94 8 67 99 77 45 49 3 53 91 15 
26 85 83 19 95 6 87 26 1 74 1 72 5 37 5 47 75 21 65 96 47 6 8 67 34 9 92 37 72 93 5 86 43 49 85 63 31 17 13 46 52 78 99 92 1 70 56 58 58 73 58 35 8 77 80 29 26 25 21 8 94 1 49 55 20 8 0 33 29 97 51 34 51 93 43 24 60 76 39 14 20 22 66 21 28 51 44 89 12 69 91 26 85 42 44 68 76 91 60 32 12 8 24 40 29 75 99 5 99 62 9 59 28 96 61 21 81 63 93 48 87 60 38 62 2 57 27 95 10 93 35 60 11 13 23 88 83 99 70 37 67 24 4 55 33 21 55 50 23 83 73 99 37 21 57 60 93 12 48 66 35 48 5 21 13 81 70 64 87 89 54 11 50 8 82 33 93 26 91 67 23 99 69 63 60 15 76 10 12 8 90 66 3 70 18 43 17 95 19 96 77 31 34 43 7 85 22 70 15 83 15 80 24 31 16 88 29 77 5 90 62 76 5 60 37 53 52 94 18 56 81 80 32 66 9 51 39 47 67 11 86 35 74 47 48 63 83 99 3 97 21 45 70 27 59 77 43 79 73 58 43 39 10 8 16 80 43 32 39 50 15 16 54 12 61 33 64 99 81 44 44 37 23 62 99 38 88 62 93 66 65 23 34 29 42 43 7 59 48 85 
99 31 72 24 91 34 85 65 53 75 88 87 72 85 24 26 62 57 14 22 69 58 28 54 65 3 95 48 3 57 30 2 53 67 23 75 55 40 40 32 81 71 96 25 96 26 38 74 51 47 22 33 50 56 61 87 83 1 9 82 96 80 73 66 74 18 33 0 9 65 35 76 41 89 38 35 21 59 40 71 32 19 43 77 64 53 1 41 78 89 17 96 91 54 64 31 76 71 35 34 26 4 4 12 76 31 32 60 80 52 80 61 56 85 4 17 47 5 86 89 58 45 18 88 22 79 36 14 64 78 48 8 84 22 50 38 8 35 49 63 31 12 4 92 41 7 87 46 63 72 60 52 70 11 42 83 50 88 84 79 68 52 2 6 99 89 26 4 35 99 56 44 20 16 18 80 79 98 49 32 62 77 1 65 84 54 79 5 62 76 28 88 25 96 60 3 84 47 37 81 30 5 50 40 99 56 48 22 10 71 52 52 29 36 99 86 77 99 48 20 62 73 1 59 32 89 26 86 44 25 58 83 65 59 63 94 30 62 75 43 99 85 89 58 92 30 22 66 9 95 40 62 68 78 13 33 76 57 58 25 85 79 94 53 78 55 46 79 44 4 46 4 90 6 65 36 31 20 53 46 77 86 99 57 30 96 49 34 91 49 75 6 72 42 36 38 2 72 11 30 
88 65 15 46 14 1 82 46 82 69 36 83 95 49 26 35 86 14 22 11 5 19 45 47 85 81 11 52 97 99 69 43 54 13 38 3 29 38 93 11 8 14 65 8 44 6 67 26 23 48 5 26 13 88 23 11 46 68 60 93 78 4 31 97 90 93 29 9 0 96 13 33 29 93 93 29 11 30 23 66 39 37 33 49 51 49 52 30 98 17 19 42 47 56 54 87 73 77 58 79 43 89 15 13 93 30 87 41 17 4 79 97 89 80 22 87 19 12 83 38 27 56 42 82 59 93 27 75 58 50 38 55 98 73 62 48 58 7 27 29 3 27 6 45 44 58 24 32 14 44 87 67 11 11 33 29 81 16 55 36 78 20 58 57 83 46 66 28 92 65 43 88 86 56 28 1 93 2 37 26 98 79 3 79 61 80 64 16 89 95 63 87 69 24 90 20 54 43 29 68 22 82 5 48 45 45 62 50 33 30 23 77 24 99 53 62 89 78 11 74 34 17 12 85 42 71 1 82 56 39 8 82 59 75 94 93 57 91 65 37 96 2 21 25 25 86 12 20 68 27 76 49 96 22 49 25 89 2 11 56 67 15 63 82 34 83 68 53 91 95 73 90 33 98 26 98 92 65 49 29 4 68 85 36 43 41 17 85 86 77 27 37 12 25 11 67 37 75 62 76 
8 23 37 96 12 10 6 39 47 25 46 1 25 82 47 56 8 94 38 80 99 46 6 33 46 25 97 26 23 71 38 54 74 45 30 24 28 60 49 84 3 68 39 82 61 5 44 30 48 43 10 10 82 22 68 85 35 67 83 1 78 9 67 17 4 92 97 65 96 0 99 12 39 61 94 66 4 69 90 30 65 72 28 66 47 58 4 89 78 1 56 56 83 75 62 44 25 62 13 91 77 62 36 62 33 38 15 96 1 22 16 66 51 59 77 34 78 33 69 14 88 92 49 15 86 39 56 26 49 44 33 14 15 19 35 67 98 49 64 25 23 87 34 50 88 19 62 79 75 5 85 90 10 41 46 3 33 26 40 15 79 33 73 94 48 10 91 44 85 18 72 4 55 73 2 33 80 34 19 58 82 28 37 59 40 64 2 1 88 3 97 73 18 64 77 75 1 40 27 22 21 24 7 18 34 67 36 31 32 78 32 7 28 21 61 58 90 97 79 19 20 27 71 75 88 64 97 20 67 88 62 80 59 65 20 90 97 99 16 68 46 42 83 89 49 28 20 87 69 19 10 69 66 50 41 43 2 94 29 75 93 90 20 47 49 65 54 38 91 59 9 63 70 35 97 55 86 4 82 1 65 6 12 65 40 78 53 28 52 36 11 70 76 82 39 31 38 98 22 87 
27 99 27 53 43 32 12 58 85 26 64 43 81 15 32 72 54 4 99 62 32 63 47 9 35 63 88 76 26 92 99 3 88 69 13 56 42 75 79 1 93 79 44 13 71 7 65 64 37 82 11 7 72 90 30 52 65 94 56 19 72 9 69 19 17 9 51 35 13 99 0 33 71 93 6 22 54 53 71 62 27 1 43 67 88 36 27 91 66 90 65 91 9 78 58 73 61 34 34 58 90 85 30 88 84 84 47 52 60 32 69 1 10 9 32 43 1 51 50 5 35 59 49 33 2 54 24 3 20 84 23 22 38 59 46 74 99 94 65 40 88 67 24 24 17 20 5 70 93 63 3 58 64 37 87 52 14 53 67 58 29 91 31 53 73 77 34 54 92 44 56 38 44 76 92 33 35 6 48 21 50 30 79 67 9 5 49 4 33 52 13 11 86 48 66 40 51 31 59 38 60 18 43 78 92 73 95 48 73 74 41 27 85 25 65 32 39 83 42 23 90 30 7 31 54 77 50 77 61 23 29 48 2 59 44 9 21 6 42 94 83 87 7 10 27 43 25 61 69 92 20 41 40 81 27 75 70 45 1 21 64 84 47 46 63 50 47 58 81 95 54 55 17 16 55 55 44 65 56 12 68 96 79 58 45 92 97 64 87 76 69 24 14 56 67 52 52 51 82 11 
26 53 33 34 11 36 70 53 18 34 9 35 38 16 26 64 89 79 15 40 59 87 79 33 36 33 68 87 55 30 45 12 97 64 21 50 40 75 81 34 85 59 68 29 15 84 85 80 1 81 18 68 24 38 8 30 10 31 25 39 23 85 96 12 31 98 34 76 33 12 33 0 57 79 12 87 78 61 20 14 4 41 4 97 71 28 39 36 26 9 54 19 57 90 80 23 28 71 7 87 40 57 94 34 68 83 49 43 81 8 64 34 28 95 39 6 99 7 84 91 58 19 86 20 95 49 29 12 80 28 41 34 37 32 67 28 7 28 8 64 10 78 42 46 87 11 40 56 15 90 15 29 21 51 9 13 43 95 6 54 62 49 16 42 36 51 34 83 7 10 56 43 72 22 75 14 25 7 87 31 82 70 31 88 69 93 82 33 90 33 6 84 66 60 24 81 27 38 54 62 81 47 28 43 25 58 66 56 85 75 61 39 4 73 26 18 91 82 86 21 88 56 89 43 23 93 54 24 34 85 13 94 95 41 20 4 36 43 2 1 80 47 7 53 69 89 66 65 80 49 89 17 11 54 3 40 97 13 84 45 65 71 37 85 38 85 23 59 9 61 3 63 35 23 86 60 1 15 11 38 56 19 24 6 33 16 24 48 62 17 93 70 73 82 89 17 30 84 76 51 
23 4 2 55 89 89 10 53 55 19 42 67 64 49 19 95 62 6 18 89 90 79 96 75 89 61 31 66 29 53 54 75 41 8 67 10 39 4 60 53 44 74 93 57 35 2 18 56 14 30 91 85 43 24 97 5 65 4 93 73 31 81 27 82 59 56 51 41 29 39 71 57 0 18 83 78 75 2 45 13 87 8 86 57 61 82 83 28 10 35 21 78 24 83 82 6 55 90 54 34 38 41 32 77 84 65 80 7 70 36 77 92 20 70 27 91 62 66 3 65 73 39 26 15 5 47 60 83 67 74 20 44 41 84 89 16 74 50 53 63 17 40 97 16 53 89 49 55 9 76 3 10 36 35 46 99 45 45 94 57 35 27 1 7 58 45 53 30 81 68 82 11 91 3 70 38 38 44 87 12 87 69 30 32 68 84 22 61 41 94 5 51 49 79 29 81 29 51 51 45 34 85 86 49 84 96 63 90 92 69 57 90 74 14 13 41 14 71 57 18 11 2 29 18 49 83 31 8 5 14 77 98 35 48 67 84 57 57 67 21 5 57 41 77 45 7 47 8 5 93 14 62 44 6 53 55 97 13 62 34 7 44 61 88 46 24 54 18 33 24 35 28 72 38 48 41 16 83 16 87 75 47 5 16 2 91 66 70 43 13 50 11 44 78 15 27 74 60 44 67 
10 71 49 15 25 61 47 33 36 79 15 58 61 44 12 12 76 82 91 91 42 87 70 32 25 96 67 12 30 45 50 61 7 4 53 81 23 87 29 15 27 16 19 32 9 82 72 10 56 59 85 53 39 22 80 95 14 23 73 21 94 81 14 37 37 68 93 89 93 61 93 79 18 0 32 49 12 5 98 16 38 86 26 58 59 33 17 6 86 98 23 11 53 67 70 64 79 44 73 92 86 18 64 69 74 60 77 79 19 13 20 58 61 2 10 52 52 32 40 80 16 92 55 14 50 67 72 35 65 40 20 12 65 71 42 7 93 18 72 52 36 82 18 74 72 99 69 55 57 98 61 70 4 40 95 21 31 21 69 98 72 12 78 44 67 40 12 77 4 44 88 31 94 21 44 93 23 49 60 21 67 28 57 97 80 72 95 75 39 87 63 22 57 99 83 62 83 22 67 41 45 64 31 69 92 95 19 47 30 5 44 59 14 45 47 21 77 75 9 55 79 79 65 89 96 27 38 61 33 2 23 39 58 15 91 92 83 39 89 74 32 14 27 84 96 90 72 66 94 91 48 52 79 4 39 33 80 89 62 26 78 66 52 95 80 68 35 26 22 78 43 67 91 16 21 33 59 70 66 33 46 87 4 85 80 2 73 8 84 7 7 49 55 69 21 83 18 89 50 86 
68 13 89 58 48 39 75 70 79 47 63 93 82 44 54 13 69 91 90 72 64 67 51 60 61 45 39 91 19 87 14 92 1 30 16 12 84 94 83 65 75 63 89 91 29 48 19 95 20 46 57 25 33 40 50 73 95 40 70 23 19 9 55 26 32 42 43 38 93 94 6 12 83 32 0 72 64 15 52 60 39 38 24 50 51 76 73 27 40 66 26 28 14 33 43 35 80 86 23 75 61 38 34 51 8 86 63 94 71 1 70 20 97 82 94 4 61 34 92 36 59 70 54 64 44 45 90 52 16 35 95 40 50 40 97 31 79 6 65 99 5 35 96 71 10 11 13 49 85 25 4 96 92 3 54 80 70 71 97 21 21 64 20 85 5 58 62 3 56 61 45 45 14 22 43 18 28 5 19 94 63 98 81 78 56 10 7 71 77 96 98 9 40 46 51 4 93 66 57 58 22 76 28 99 65 51 2 4 69 85 29 34 2 12 56 94 79 24 44 3 12 27 86 98 2 34 35 95 77 45 91 76 25 3 36 35 97 11 96 72 78 40 75 25 41 23 90 80 34 97 79 44 20 21 42 32 78 78 76 80 27 90 17 5 60 19 1 96 27 56 41 60 73 52 32 93 38 16 10 69 58 54 43 42 90 2 7 64 27 46 98 25 52 53 91 96 12 64 2 49 
24 40 23 62 69 12 94 80 61 79 11 7 50 58 46 50 18 40 23 84 97 51 65 50 13 21 31 17 98 5 27 90 4 87 3 5 32 62 18 87 50 19 37 53 37 25 83 15 58 83 36 40 24 6 48 50 76 11 49 44 6 3 77 1 3 46 24 35 29 66 22 87 78 49 72 0 71 74 91 62 37 63 27 56 63 76 30 98 12 6 31 30 33 2 40 7 85 9 28 77 37 90 5 18 36 24 88 18 3 42 44 97 30 60 94 71 64 58 28 56 79 47 33 30 36 35 61 36 59 3 99 10 74 39 60 31 90 42 50 87 77 97 14 11 24 10 84 32 92 20 58 68 52 87 56 38 62 69 63 69 83 15 91 44 73 25 4 11 47 97 80 49 37 90 13 35 5 42 73 85 33 52 79 7 42 80 76 24 57 12 18 32 42 3 59 12 75 38 99 76 59 79 80 92 52 40 75 10 98 58 19 45 73 83 23 25 73 58 35 93 88 40 55 42 55 28 6 62 88 94 8 91 45 22 72 56 81 35 12 63 47 96 83 3 47 8 40 26 68 85 90 87 30 93 6 94 92 84 49 28 59 21 52 48 62 69 15 18 31 97 40 96 9 99 10 44 79 31 7 98 50 16 34 14 49 65 24 61 86 76 74 48 69 13 72 36 46 88 18 52 
28 84 35 41 44 45 33 6 51 8 30 71 79 86 7 80 44 99 21 46 83 22 88 12 82 86 45 90 36 37 74 42 80 63 42 33 17 42 64 98 30 85 39 82 79 2 38 78 6 99 1 48 63 96 49 4 64 1 80 43 50 22 61 68 87 71 60 21 11 4 54 78 75 12 64 71 0 49 49 42 43 14 60 96 16 12 90 91 10 59 13 78 77 39 33 21 36 19 53 18 63 5 64 27 51 79 40 51 90 53 49 71 21 5 2 1 24 66 92 20 47 61 64 33 23 22 87 94 89 69 35 95 19 52 49 63 88 96 25 91 43 62 58 40 89 90 73 79 39 75 36 28 76 72 40 17 34 86 4 85 10 22 95 61 87 69 15 92 6 71 49 41 97 90 6 75 6 16 54 66 97 24 82 70 22 80 64 90 43 69 48 40 46 9 25 81 29 26 46 73 63 65 9 9 72 59 8 90 83 96 4 19 44 9 49 65 31 4 58 21 34 43 54 47 98 61 28 7 55 11 64 57 77 24 46 42 31 64 93 87 88 3 39 42 14 49 53 85 12 54 23 48 44 8 9 8 99 72 39 12 33 70 97 44 12 13 21 85 20 64 42 15 79 82 87 15 46 69 33 59 64 16 30 93 74 67 80 39 91 13 34 91 54 89 12 51 32 94 98 97 
38 49 95 73 92 44 39 34 47 78 31 3 12 68 21 68 29 8 51 13 55 94 61 12 37 92 65 73 61 11 71 11 94 63 58 88 5 71 8 69 55 21 77 78 6 67 92 57 75 95 44 88 32 66 85 22 28 11 33 96 39 84 45 33 52 61 76 59 30 69 53 61 2 5 15 74 49 0 60 24 19 58 84 88 25 2 82 57 63 6 19 63 80 96 76 39 54 24 24 73 45 5 7 77 78 21 51 64 55 57 84 3 41 7 91 83 50 83 71 38 6 2 48 93 24 79 85 10 77 34 80 77 25 13 11 11 22 13 30 82 63 78 64 64 14 4 7 12 59 65 91 34 90 45 25 61 44 1 87 31 16 65 45 62 51 6 49 5 3 71 72 32 29 71 96 80 50 50 10 57 23 34 59 53 33 86 30 58 79 86 95 4 17 77 91 13 58 52 71 30 70 57 57 52 51 98 69 92 95 59 61 65 42 81 87 72 73 48 99 75 75 44 20 50 95 94 76 68 45 92 23 17 91 36 12 7 54 6 59 41 98 13 12 85 88 41 99 20 13 64 35 75 69 80 51 68 25 96 98 53 88 88 76 98 15 62 86 41 54 51 77 20 65 69 8 37 68 30 33 17 16 16 57 54 40 53 73 97 26 97 4 56 67 37 65 86 17 80 56 41 
58 62 22 66 14 8 43 65 24 9 38 13 1 47 6 55 18 33 73 20 88 73 33 55 39 90 90 67 78 87 96 57 33 36 2 6 44 31 48 53 33 66 79 34 30 22 76 72 64 65 94 4 59 48 27 6 40 37 91 66 86 30 78 82 59 71 39 40 23 90 71 20 45 98 52 91 49 60 0 33 14 73 84 39 1 81 74 4 37 89 41 98 43 7 58 32 67 14 74 70 89 93 48 76 74 99 18 31 65 81 18 86 25 79 12 45 35 99 90 28 8 45 84 37 11 81 38 40 59 23 33 43 72 99 58 48 90 20 67 98 50 24 11 96 3 34 10 85 31 87 47 90 42 60 36 67 70 21 53 94 96 84 20 61 70 81 45 22 59 7 19 67 64 51 66 37 10 78 16 79 5 20 87 55 58 98 12 81 36 55 41 24 55 51 4 34 39 88 1 19 69 22 97 91 30 98 38 49 37 21 62 90 49 55 47 23 9 53 70 62 54 23 20 48 94 4 62 48 77 92 35 31 98 85 85 92 26 18 87 67 49 15 17 67 27 55 25 26 17 51 24 14 24 80 39 39 41 94 33 78 46 8 90 96 79 51 30 60 67 18 64 25 57 43 97 24 59 53 78 49 91 57 92 44 94 85 56 62 80 20 56 16 76 27 71 2 16 38 57 5 
84 71 69 23 7 63 64 54 66 39 98 91 48 51 68 70 53 11 49 45 40 71 88 9 16 8 17 32 26 84 44 14 35 8 98 55 32 84 85 27 68 8 87 72 12 72 93 81 16 57 43 71 35 66 59 66 29 2 5 88 62 62 56 57 19 88 14 71 66 30 62 14 13 16 60 62 42 24 33 0 86 5 86 4 77 55 8 78 16 47 39 62 84 20 38 92 70 61 29 90 63 59 42 76 98 14 64 32 4 46 67 61 88 7 9 44 9 95 14 61 17 98 75 88 24 1 18 38 96 65 54 44 68 9 93 84 94 73 47 29 89 51 96 20 19 78 71 94 83 16 44 7 11 55 94 86 73 69 73 6 88 17 76 29 12 55 20 45 98 17 19 82 45 29 95 95 11 93 76 46 76 23 19 55 6 26 48 49 80 62 36 39 86 93 82 35 66 47 73 18 87 55 80 34 10 24 52 4 70 36 96 25 78 59 51 7 88 92 6 46 89 83 85 18 53 33 76 24 48 55 54 27 69 13 85 64 18 27 18 68 3 2 18 48 49 67 34 37 20 33 38 94 96 87 10 86 98 69 19 48 86 36 71 65 42 51 27 30 73 22 42 36 79 20 25 65 71 14 58 89 58 56 16 49 19 94 18 93 51 70 1 66 76 18 31 38 3 44 19 82 
39 14 68 3 3 57 24 54 1 50 40 5 24 3 12 82 49 69 11 20 72 77 28 10 86 19 99 7 69 23 5 78 28 43 63 94 95 82 90 22 42 54 99 23 15 3 19 72 99 45 20 70 68 26 46 97 53 63 83 77 81 13 2 92 96 57 20 32 39 65 27 4 87 38 39 37 43 19 14 86 0 36 41 24 34 21 71 69 61 86 97 10 98 32 32 19 84 14 28 91 49 77 77 7 83 79 74 74 54 18 37 16 57 60 60 28 14 14 60 42 98 42 17 81 87 97 26 20 5 87 80 73 28 98 49 65 58 38 34 54 13 7 55 53 16 92 29 14 34 40 72 94 80 12 98 80 19 87 80 54 86 72 74 88 37 82 31 52 54 54 42 97 57 3 90 24 73 39 42 13 57 95 63 50 46 32 53 89 81 56 72 64 79 67 21 91 67 91 20 24 58 23 30 17 80 84 5 29 24 33 87 29 34 27 81 6 15 11 14 50 64 66 38 61 35 89 21 51 14 38 40 89 20 14 20 51 3 99 57 86 80 29 12 82 29 53 40 63 50 24 22 48 62 28 65 15 12 47 91 52 41 16 83 3 8 14 49 38 2 78 94 22 93 99 69 44 25 16 33 38 44 50 12 62 11 14 13 47 63 29 58 11 15 23 84 18 23 58 70 66 
9 37 49 87 68 97 41 54 33 15 11 1 82 1 45 42 92 45 24 85 37 81 45 73 90 49 76 14 52 55 12 19 13 56 46 49 81 80 19 49 38 9 50 81 57 80 31 81 79 66 89 35 9 41 15 23 2 65 6 48 93 94 59 22 30 12 22 19 37 72 1 41 8 86 38 63 14 58 73 5 36 0 60 91 58 71 83 86 9 32 68 54 75 40 18 83 62 20 12 62 51 98 92 37 83 23 78 84 84 32 90 56 43 34 27 39 68 74 99 86 69 2 14 7 65 22 19 90 39 58 41 22 44 29 38 65 64 92 42 25 33 55 26 25 96 51 51 98 57 33 87 42 19 99 96 43 3 74 4 36 2 65 14 79 49 81 28 88 35 40 57 13 85 50 30 5 10 88 37 28 45 82 21 26 88 77 50 90 3 72 11 76 19 41 9 92 76 19 73 2 14 68 2 32 60 25 95 31 53 73 37 92 99 49 68 18 54 99 55 33 70 20 19 30 78 74 92 40 50 17 33 49 49 37 58 90 33 37 83 19 68 76 77 82 52 60 11 75 30 40 45 62 13 20 1 70 29 82 96 40 68 57 95 60 20 45 54 42 26 36 20 40 74 87 7 42 60 89 28 70 50 13 85 41 55 25 65 9 88 35 89 77 92 65 56 90 83 91 42 86 
33 24 19 2 94 94 64 13 13 18 68 35 91 82 45 32 95 99 97 64 40 37 45 90 84 77 68 39 42 50 49 26 84 76 44 3 26 65 53 80 25 33 5 66 20 55 60 38 18 35 76 74 77 56 29 26 23 19 71 51 9 82 40 77 12 83 66 43 33 28 43 4 86 26 24 27 60 84 84 86 41 60 0 52 30 35 54 78 31 86 3 18 66 58 20 58 69 10 8 87 93 48 17 9 12 84 18 11 44 58 86 61 31 85 14 49 10 12 83 61 67 39 13 45 8 6 56 76 72 94 47 72 18 71 31 97 14 13 23 5 21 75 37 43 45 74 15 10 52 33 35 70 42 4 23 78 9 48 57 14 14 79 41 71 21 24 70 8 63 28 62 9 29 84 55 99 23 23 66 76 56 30 8 10 79 80 74 6 14 87 29 87 7 96 82 51 94 1 74 68 86 34 58 66 81 58 29 68 78 69 84 92 79 60 24 45 62 25 59 20 97 11 87 31 4 32 59 89 44 13 30 61 56 92 45 28 30 44 82 62 68 75 26 31 5 16 17 81 36 90 13 29 54 52 7 30 52 17 84 29 65 80 47 12 46 52 6 47 91 14 36 55 41 15 3 27 23 83 65 92 79 40 58 86 35 44 2 35 45 63 65 52 82 70 47 5 97 62 9 6 
35 23 98 73 5 53 64 81 91 46 55 77 13 59 27 83 60 82 66 42 71 69 44 96 43 37 32 86 26 85 11 3 94 97 4 52 36 20 30 55 57 89 92 66 3 4 35 20 16 19 52 55 19 81 6 75 16 40 44 7 70 71 32 74 9 40 21 77 49 66 67 97 57 58 50 56 96 88 39 4 24 91 52 0 99 69 34 96 66 59 19 59 93 66 82 27 66 20 72 52 89 62 22 89 40 51 1 90 90 79 35 70 71 38 28 78 29 23 52 91 61 95 31 31 37 13 88 75 97 41 68 96 80 52 53 97 60 82 89 44 91 25 66 51 96 64 24 87 59 35 90 55 75 71 26 25 69 64 99 6 82 17 17 93 98 99 38 64 15 66 46 59 88 29 75 39 4 49 96 25 44 93 64 7 62 45 73 87 98 47 12 71 57 61 2 5 22 97 35 29 21 53 36 9 36 43 19 47 2 28 32 99 83 28 29 2 44 90 28 31 92 82 72 57 52 45 77 18 76 72 3 53 19 93 37 85 72 12 57 28 35 92 57 38 67 26 14 94 89 56 7 7 90 54 54 11 7 86 51 39 98 50 82 92 36 29 75 99 1 83 72 48 16 27 37 96 14 39 47 14 1 43 74 76 36 21 11 80 98 46 92 9 88 32 15 36 77 62 7 39 
11 67 12 52 29 25 32 97 76 58 78 9 57 19 86 34 22 80 13 64 17 37 25 73 90 63 1 5 55 4 51 97 91 66 48 29 44 62 13 68 38 51 99 72 97 23 75 20 31 22 56 33 67 76 56 53 15 92 20 59 13 38 11 33 76 99 28 64 51 47 88 71 61 59 51 63 16 25 1 77 34 58 30 99 0 58 90 24 98 11 41 23 25 17 33 17 3 21 90 94 81 5 48 44 55 67 17 49 60 51 86 15 38 38 64 37 74 41 20 73 38 28 46 23 48 65 6 18 43 6 49 36 65 58 15 74 1 96 26 48 82 42 90 83 12 53 8 23 9 33 29 92 82 77 10 48 60 12 73 90 94 35 75 59 61 4 10 78 9 10 40 95 10 16 48 72 37 79 56 50 82 69 80 97 61 17 53 56 74 79 82 96 90 85 81 24 45 23 1 45 44 58 60 11 43 20 34 81 66 15 85 49 51 18 70 20 18 56 14 32 28 82 59 28 49 74 3 13 87 56 74 43 98 95 80 90 82 18 96 33 80 48 37 65 60 85 11 55 84 21 21 94 66 50 75 17 90 91 2 89 82 89 52 42 60 78 42 19 56 65 37 80 54 44 14 60 61 67 78 78 76 64 3 29 79 13 82 27 62 32 77 99 3 70 94 25 75 50 11 51 
24 93 12 72 36 44 19 34 26 78 46 24 82 46 57 74 87 98 21 31 11 77 19 48 67 55 24 30 92 54 94 1 6 88 88 86 65 94 28 77 93 41 37 32 55 59 65 32 96 41 38 34 79 38 70 66 4 32 22 68 15 33 49 33 79 76 51 53 49 58 36 28 82 33 76 76 12 2 81 55 21 71 35 69 58 0 15 86 35 92 6 11 26 88 57 63 79 43 13 68 26 55 30 98 99 49 84 8 99 2 66 77 37 33 83 87 13 36 96 87 74 30 1 99 38 66 20 30 20 35 62 6 12 86 72 36 31 87 23 90 85 26 78 91 53 66 29 69 88 18 27 11 35 56 10 28 54 16 83 17 31 63 97 92 70 90 37 35 33 89 20 78 94 84 98 50 41 21 48 14 10 50 1 66 30 6 35 77 55 83 14 93 14 34 87 14 70 30 27 39 35 29 78 32 11 28 47 50 28 43 55 62 77 60 22 42 75 79 41 55 17 99 15 52 17 54 93 7 32 42 48 93 95 34 59 3 82 87 47 85 2 82 47 65 34 39 8 46 27 99 51 73 4 21 25 61 13 30 30 24 67 80 97 53 85 77 9 73 43 8 83 25 58 9 66 47 85 35 8 20 62 25 37 96 46 86 80 23 29 35 37 62 71 58 72 9 37 74 17 36 
16 96 53 88 83 52 41 52 56 88 74 62 29 66 81 10 72 20 86 52 26 45 76 74 97 31 84 21 99 27 96 98 58 49 5 30 65 65 60 44 69 37 48 31 60 29 88 61 2 26 88 11 70 9 67 38 21 26 20 95 86 55 40 67 43 79 44 1 52 4 27 39 83 17 73 30 90 82 74 8 71 83 54 34 90 15 0 99 10 96 58 87 32 11 35 24 9 31 17 66 64 34 6 78 30 13 43 52 50 59 66 62 98 69 52 49 47 87 15 81 29 97 33 14 14 37 55 28 95 64 22 42 83 10 5 26 25 84 45 78 55 17 54 85 42 94 16 75 7 67 38 45 24 70 68 8 22 44 59 20 53 17 91 92 72 25 68 89 56 87 40 3 53 14 47 98 40 68 8 50 74 21 46 73 95 85 49 46 96 45 87 48 83 20 70 25 3 48 10 76 44 38 53 53 97 58 35 59 61 47 52 83 28 84 56 47 88 80 93 56 64 48 15 99 84 8 62 75 20 2 57 79 20 3 30 4 52 21 26 43 69 68 51 33 12 62 18 4 56 27 91 47 44 42 8 51 24 19 35 23 83 18 14 60 31 65 67 57 43 10 81 13 45 18 22 77 93 27 93 61 15 8 66 71 70 38 43 2 98 10 54 62 16 66 13 85 50 53 75 84 
88 54 77 78 78 11 6 56 70 27 69 28 36 28 54 89 93 50 22 12 48 48 80 77 75 3 78 93 96 33 2 87 51 2 40 61 98 58 1 33 3 43 41 99 30 54 48 43 62 73 44 48 53 99 32 45 31 57 96 60 24 64 40 62 78 35 89 41 30 89 91 36 28 6 27 98 91 57 4 78 69 86 78 96 24 86 99 0 21 63 51 27 36 17 66 19 51 48 3 70 84 12 78 89 21 72 23 13 95 53 89 65 96 78 75 49 77 88 8 72 24 56 87 17 79 80 12 4 27 75 85 85 22 68 7 6 60 26 32 2 28 3 23 32 82 77 66 78 4 39 26 21 80 16 80 82 75 52 7 74 62 52 80 62 70 99 54 84 35 29 39 38 70 13 61 50 9 7 81 66 52 11 66 64 7 34 31 34 9 17 64 39 8 74 52 80 17 40 58 14 38 57 49 81 33 68 2 84 34 3 98 81 41 93 40 19 80 77 78 80 14 28 81 76 54 10 96 47 23 9 73 32 89 93 97 86 37 63 91 99 1 14 57 85 93 54 23 78 21 84 34 49 19 92 34 74 97 30 85 62 3 7 47 38 50 56 53 54 43 92 61 97 17 28 50 59 87 14 14 18 50 4 51 83 89 34 38 51 73 86 40 90 58 56 36 4 67 5 53 51 
26 10 69 63 47 95 93 81 6 32 24 16 81 97 38 75 10 67 47 54 12 45 1 12 40 4 90 55 80 1 53 29 35 58 69 47 32 63 8 46 73 4 65 25 7 58 46 83 24 71 58 3 87 50 48 32 6 81 99 38 97 23 59 11 71 96 12 78 98 78 66 26 10 86 40 12 10 63 37 16 61 9 31 66 98 35 10 21 0 44 64 85 48 97 63 79 31 51 76 14 74 55 30 95 15 58 90 80 27 5 15 2 70 5 98 45 25 53 62 37 16 23 95 64 41 4 75 53 12 98 59 89 77 20 5 48 18 23 11 8 63 9 73 99 96 47 7 60 86 58 66 71 52 32 37 45 28 48 4 1 26 79 59 40 98 75 39 85 54 75 66 59 85 55 8 66 64 23 18 54 93 84 99 30 73 18 69 55 61 78 13 45 17 49 47 17 5 21 38 1 5 50 2 1 62 21 94 12 39 84 66 54 57 3 57 25 91 41 19 64 17 72 58 4 21 43 78 3 95 43 41 77 91 30 42 18 11 83 90 12 21 29 26 59 29 29 24 24 49 18 50 57 2 59 64 33 34 33 44 20 41 65 33 48 64 88 34 95 19 85 43 12 26 4 49 90 43 33 38 19 51 91 72 16 66 44 17 78 37 53 35 14 82 59 59 24 39 53 72 95 
72 42 46 49 79 50 80 55 15 59 82 12 9 84 47 96 11 62 32 32 79 52 55 70 95 7 10 61 98 16 59 91 86 81 6 18 24 66 82 61 44 37 76 15 97 35 52 68 34 4 26 59 7 90 59 84 30 94 90 97 59 57 18 77 77 69 69 89 17 1 90 9 35 98 66 6 59 6 89 47 86 32 86 59 11 92 96 63 44 0 53 17 56 34 61 50 78 61 70 10 47 6 22 20 68 64 31 53 38 56 15 14 46 92 54 32 95 75 90 29 95 49 1 21 57 61 74 73 37 96 43 34 91 10 57 34 72 12 3 28 52 13 3 47 27 93 72 66 57 86 90 14 59 79 57 61 21 33 9 18 11 54 18 45 57 28 57 25 20 75 46 11 26 84 65 12 75 86 99 78 15 2 61 12 10 46 43 79 83 5 86 48 55 85 34 61 35 26 10 10 80 84 82 26 42 47 70 58 78 15 95 38 87 60 62 33 86 75 23 38 43 69 89 75 58 84 9 9 14 77 43 46 52 91 43 34 71 1 75 15 49 19 99 68 88 61 75 55 2 67 79 33 58 49 68 52 80 56 24 6 61 53 47 8 56 31 73 61 73 52 27 96 25 82 60 86 37 17 33 59 68 23 57 56 87 89 45 92 96 38 48 93 31 70 42 26 98 4 18 70 
93 58 65 1 7 19 83 13 88 24 65 86 17 59 12 2 21 51 27 75 64 21 47 58 1 66 28 23 48 79 68 3 45 53 72 49 61 71 3 33 54 59 51 47 73 64 84 32 40 63 34 82 94 14 67 75 86 84 2 34 84 43 82 69 26 21 91 17 19 56 65 54 21 23 26 31 13 19 41 39 97 68 3 19 41 6 58 51 64 53 0 59 39 62 72 87 54 54 9 20 45 8 27 66 33 93 74 25 8 34 54 17 46 43 82 11 62 49 26 10 65 21 70 12 34 47 36 41 95 34 92 37 99 12 34 28 51 95 59 66 7 2 34 50 74 82 69 24 80 45 83 18 3 36 61 39 4 14 38 11 54 96 39 63 25 19 41 94 52 3 20 25 16 45 52 68 76 12 55 17 29 26 9 73 49 9 24 57 54 96 18 70 84 3 37 70 57 52 14 99 51 3 35 10 45 47 92 51 4 89 82 10 63 94 15 59 88 50 85 44 35 92 98 56 97 95 44 11 97 50 89 3 62 60 63 94 66 48 25 67 42 5 78 1 11 43 70 47 50 20 3 87 76 33 26 73 72 24 76 41 21 31 33 17 79 90 75 95 67 64 52 61 37 3 84 65 75 49 67 22 13 71 81 42 25 73 26 7 80 32 66 38 95 72 10 2 40 11 14 95 
75 89 90 43 92 11 75 86 3 38 82 54 7 21 65 20 84 26 35 92 44 3 95 95 11 77 40 30 11 54 97 2 96 46 60 93 22 36 73 25 95 49 20 60 2 85 7 98 9 52 30 6 83 91 65 67 74 68 1 64 69 98 36 52 71 50 26 96 42 56 91 19 78 11 28 30 78 63 98 62 10 54 18 59 23 11 87 27 85 17 59 0 12 95 97 59 7 21 18 61 25 50 25 31 86 57 20 99 63 18 81 59 93 35 24 65 46 32 33 39 64 25 52 99 94 53 20 11 75 31 87 69 41 44 14 70 48 4 62 95 23 56 27 36 70 96 16 21 57 34 77 10 30 28 38 90 88 19 7 23 41 46 23 92 13 84 78 11 70 91 28 72 39 86 8 6 59 15 91 23 81 79 73 66 16 86 30 4 2 72 2 99 79 49 30 13 64 61 59 48 89 11 25 89 54 84 27 84 95 73 91 68 68 70 99 3 24 50 16 57 87 22 78 76 96 43 26 85 60 16 91 61 15 53 24 33 64 69 70 16 75 84 96 60 9 84 4 47 71 18 49 99 84 4 6 35 89 41 16 54 66 46 18 78 64 1 10 49 99 44 52 90 89 76 16 32 34 90 96 72 52 36 99 17 18 20 24 47 98 70 59 69 16 89 57 53 97 92 45 93 
63 94 41 40 81 62 41 11 92 43 82 91 22 97 57 12 16 41 59 69 94 47 2 45 33 11 91 84 63 29 57 85 28 96 8 43 74 65 58 45 82 98 69 84 46 15 49 16 86 23 39 58 42 46 18 48 83 42 70 70 33 40 95 45 38 66 85 91 47 83 9 57 24 53 14 33 77 80 43 84 98 75 66 93 25 26 32 36 48 56 39 12 0 3 5 83 33 15 77 9 9 33 15 23 25 33 63 95 53 1 48 44 32 17 75 14 51 5 69 5 13 27 79 87 6 48 19 9 71 36 98 4 44 78 75 72 50 25 36 8 57 82 57 15 31 1 82 17 95 1 61 79 45 16 61 18 5 85 56 11 36 42 2 46 22 29 67 14 50 96 32 99 16 81 76 81 50 98 52 36 2 17 9 96 46 52 24 14 35 69 44 88 77 35 29 37 16 97 83 65 56 90 65 87 90 46 76 86 77 15 83 86 16 1 45 65 77 52 17 23 66 86 44 29 67 64 85 68 52 7 69 2 17 86 96 39 78 66 50 33 58 79 2 71 88 69 11 92 41 77 60 69 4 85 27 64 68 80 88 47 47 29 16 60 2 73 41 96 50 51 91 14 29 49 30 34 19 36 10 87 33 12 72 33 87 12 27 18 40 84 92 87 36 8 90 35 2 49 93 82 
47 77 8 4 21 40 26 82 65 94 33 48 35 44 84 73 47 25 91 11 42 77 20 4 2 36 18 30 61 25 58 94 71 22 34 12 25 33 76 96 30 34 37 99 43 14 54 22 99 79 47 40 65 40 13 95 12 28 30 94 92 82 85 41 41 6 42 54 56 75 78 90 83 67 33 2 39 96 7 20 32 40 58 66 17 88 11 17 97 34 62 95 3 0 21 53 29 85 34 70 20 39 69 90 95 7 88 4 72 68 80 20 99 75 77 39 76 63 44 51 83 90 56 22 96 26 78 85 69 93 52 65 26 29 93 24 72 80 91 71 72 67 94 88 66 84 74 31 58 6 49 72 23 78 58 38 42 83 7 47 50 42 22 79 63 19 28 44 15 64 62 6 88 10 63 89 42 36 30 83 65 98 13 68 75 51 10 78 73 4 6 67 63 91 56 89 41 93 80 64 73 7 22 42 41 29 72 33 78 92 97 81 63 91 54 1 37 37 73 25 90 89 42 22 8 44 40 27 70 34 26 4 8 2 78 83 24 83 71 48 82 43 61 87 64 64 64 28 40 61 36 66 95 16 90 51 7 76 73 62 54 20 56 51 51 52 43 66 22 69 2 85 82 84 53 42 18 92 10 15 28 60 23 35 18 56 85 35 7 17 6 72 23 83 31 16 46 74 77 93 
33 83 8 58 24 7 69 79 99 90 94 61 48 85 23 42 39 56 83 21 24 37 71 22 88 67 76 85 99 83 72 57 90 90 58 35 12 33 47 87 29 69 52 32 82 21 81 61 72 3 50 49 97 43 7 91 19 62 58 11 84 85 83 83 36 72 44 64 54 62 58 80 82 70 43 40 33 76 58 38 32 18 20 82 33 57 35 66 63 61 72 97 5 21 0 48 8 31 95 46 62 27 94 45 42 20 31 1 78 22 93 20 57 30 85 68 62 91 23 40 40 29 80 63 98 52 75 49 44 94 95 14 57 59 65 13 72 80 72 23 25 75 49 35 5 97 47 60 11 60 1 84 29 72 79 53 64 52 62 46 77 71 13 31 45 6 3 38 84 3 19 12 94 20 96 1 89 82 39 93 72 70 8 15 42 22 41 67 38 62 12 75 90 42 86 22 11 94 8 93 50 97 41 42 41 71 58 66 65 56 57 56 4 62 61 95 41 62 55 84 36 79 25 16 5 37 17 52 52 25 28 87 53 21 6 55 8 63 36 84 9 74 7 73 80 92 74 67 11 74 42 19 21 89 61 63 7 57 46 85 51 81 14 55 9 51 69 90 61 32 66 20 3 18 78 90 71 75 91 34 47 52 69 88 1 58 91 15 47 75 53 85 28 5 49 93 50 56 60 54 
89 12 34 44 64 8 50 72 88 82 15 89 46 12 57 24 20 3 70 88 34 46 71 65 27 66 63 61 64 16 93 7 18 74 90 91 98 42 9 49 69 78 11 54 5 19 25 70 35 26 18 61 95 12 19 79 49 29 58 60 32 65 94 11 28 50 68 31 87 44 73 23 6 64 35 7 21 39 32 92 19 83 58 27 17 63 24 19 79 50 87 59 83 53 48 0 84 38 40 56 60 37 81 9 4 74 40 84 73 76 82 51 88 46 21 77 62 88 19 96 19 57 98 91 42 11 80 85 58 88 48 97 81 25 90 49 83 6 15 83 78 82 13 7 39 42 19 59 53 43 86 91 55 30 70 2 73 12 78 93 45 34 25 82 71 20 62 13 50 97 2 24 1 74 6 18 10 90 10 72 92 70 87 44 50 76 53 43 41 98 37 80 65 33 74 8 90 31 10 1 14 3 94 56 8 44 36 58 21 72 91 56 6 21 64 11 22 27 65 15 61 56 25 80 26 52 18 42 27 5 79 66 65 22 91 25 73 6 58 90 54 34 57 96 16 83 89 49 66 99 83 98 58 1 10 15 56 83 81 57 73 7 15 80 15 71 22 52 3 66 71 8 82 52 80 48 2 33 46 39 35 22 4 62 99 3 43 36 86 49 95 35 72 21 67 17 11 22 23 68 
24 37 59 54 72 80 83 85 59 97 31 30 43 99 77 36 61 87 15 73 89 15 35 32 36 76 38 40 71 59 71 66 49 8 58 20 25 91 82 20 75 28 92 45 56 32 17 54 75 47 13 46 51 10 78 21 66 62 80 61 80 73 72 49 66 28 76 76 73 25 61 28 55 79 80 85 36 54 67 70 84 62 69 66 3 79 9 51 31 78 54 7 33 29 8 84 0 79 12 53 11 23 47 93 8 20 19 21 17 28 76 56 38 7 41 52 63 51 3 4 75 89 93 67 57 51 55 48 82 76 23 56 79 79 39 32 63 34 2 27 86 91 27 41 17 62 38 35 19 87 64 5 6 91 23 67 14 31 32 33 93 82 58 69 59 41 49 95 24 88 64 49 89 68 57 98 73 52 73 79 60 67 8 43 81 55 88 58 77 63 70 29 7 21 68 25 42 58 60 30 54 18 65 99 74 16 67 82 15 45 52 89 35 36 75 2 89 47 57 65 96 89 97 39 22 89 28 71 1 7 96 91 70 44 48 40 64 77 63 33 21 87 51 3 77 18 80 33 75 21 11 4 51 35 61 49 47 83 95 92 36 64 36 85 21 54 55 13 71 40 87 98 17 17 55 49 58 91 79 15 63 18 84 52 95 86 23 43 40 37 23 35 98 94 19 23 46 5 15 22 
56 17 8 44 7 13 87 30 25 27 39 84 26 91 75 59 7 6 80 78 47 25 63 44 40 32 61 50 6 26 1 6 66 1 72 18 8 60 37 90 60 40 52 95 76 25 14 61 52 75 18 78 42 76 23 35 1 69 45 53 23 62 99 79 4 43 91 71 77 62 34 71 90 44 86 9 19 24 14 61 14 20 10 20 21 43 31 48 51 61 54 21 15 85 31 38 79 0 79 64 44 99 69 39 58 5 90 27 58 73 12 88 21 64 15 53 26 62 71 91 94 60 69 1 67 84 9 72 70 64 29 40 75 53 35 49 89 59 36 6 38 4 19 19 39 61 11 9 85 69 71 27 80 67 61 67 6 87 19 40 51 15 23 67 20 76 26 70 45 45 84 52 60 95 96 61 8 90 19 66 8 24 80 52 70 28 6 78 4 12 97 39 17 29 99 72 28 93 81 73 89 26 28 86 34 3 88 59 31 86 5 34 91 17 52 88 14 12 78 50 45 96 8 57 92 57 98 80 16 82 98 71 77 8 19 24 81 98 47 48 98 46 56 82 72 91 26 22 72 84 51 87 28 10 1 74 41 93 27 44 56 17 77 27 84 12 94 57 93 60 50 90 70 83 7 45 33 33 43 78 38 46 47 70 68 30 18 9 53 87 46 90 74 49 83 40 60 35 46 92 
66 31 35 75 22 1 47 13 46 47 97 51 36 47 72 30 24 10 84 1 26 85 10 37 31 56 44 79 88 67 40 10 20 15 29 92 43 92 88 84 50 22 93 43 29 65 15 62 82 31 49 34 92 80 12 10 69 48 19 25 57 12 33 64 58 73 60 35 58 13 34 7 54 73 23 28 53 24 74 29 28 12 8 72 90 13 17 3 76 70 9 18 77 34 95 40 12 79 0 78 43 70 61 79 90 90 15 13 23 41 15 55 13 88 18 85 1 20 33 54 86 36 54 3 28 31 64 83 51 22 80 14 81 54 79 8 59 82 73 64 8 56 53 27 37 44 43 93 60 85 81 60 51 15 74 30 15 93 11 53 13 12 8 29 70 77 95 74 31 45 17 12 81 84 22 73 45 45 29 93 23 51 76 94 24 69 19 97 29 32 10 91 41 92 70 85 92 41 85 98 88 18 39 96 71 17 48 56 95 21 41 59 58 51 65 38 30 31 88 18 84 74 23 92 86 7 50 37 50 78 7 60 96 45 81 38 26 67 26 93 17 26 3 50 88 24 27 22 49 90 38 84 99 46 79 22 55 24 88 86 36 97 27 95 2 1 81 46 58 25 76 9 89 70 89 94 7 74 17 2 33 24 95 64 97 68 24 37 72 11 93 86 15 59 86 50 58 58 73 12 
78 85 5 99 65 4 14 64 15 19 88 70 76 38 37 15 32 95 79 39 46 72 5 87 7 20 42 67 49 1 3 18 64 34 48 3 90 81 72 25 68 30 85 85 70 4 60 35 48 23 1 70 82 20 54 28 72 84 97 98 76 36 26 55 60 92 32 34 79 91 58 87 34 92 75 77 18 73 70 90 91 62 87 52 94 68 66 70 14 10 20 61 9 70 46 56 53 64 78 0 85 44 34 59 97 2 4 17 92 63 22 59 73 75 47 32 73 96 31 62 95 2 53 30 82 21 19 18 62 65 44 16 79 29 27 80 96 49 87 10 97 86 73 34 96 21 27 46 67 23 90 5 83 93 37 76 43 92 18 26 93 35 16 80 86 63 90 48 72 17 5 98 46 56 81 22 81 41 26 19 71 66 86 69 2 99 47 61 10 25 79 73 84 19 10 47 6 77 58 65 3 99 38 21 92 95 29 17 64 89 20 54 2 82 74 7 18 68 44 29 95 25 31 56 2 40 93 91 19 94 10 79 44 67 76 99 7 73 58 63 70 23 71 53 82 81 66 67 11 6 53 17 16 25 24 59 23 48 94 83 89 49 66 50 67 55 56 85 74 5 9 13 11 3 54 9 66 79 68 76 16 27 50 71 72 65 27 3 72 8 2 22 22 80 9 48 82 89 50 69 
4 58 6 98 51 52 22 8 78 25 1 39 27 89 51 2 92 81 63 89 31 31 63 60 66 85 39 26 73 61 19 88 27 59 5 88 66 48 58 90 21 76 14 98 56 81 93 30 93 90 2 75 69 44 44 87 38 92 71 73 51 96 58 1 14 54 12 26 43 77 90 40 38 86 61 37 63 45 89 63 49 51 93 89 81 26 64 84 74 47 45 25 9 20 62 60 11 44 43 85 0 34 38 62 74 86 48 55 28 19 44 74 99 6 26 58 68 54 22 43 98 33 35 16 16 37 30 55 46 74 88 32 39 93 67 48 11 57 53 31 75 12 48 88 99 60 40 89 51 15 48 59 1 22 92 47 99 42 88 73 76 1 98 70 44 61 3 98 79 27 5 93 20 89 65 10 9 18 60 65 14 18 93 64 34 72 62 58 24 81 9 91 64 86 32 75 18 53 74 59 16 79 46 84 74 22 94 81 41 16 54 69 47 63 43 72 3 16 84 56 6 9 31 98 99 24 23 69 33 35 64 53 21 2 77 41 90 74 91 54 33 69 3 13 30 50 17 83 32 72 25 45 82 21 32 31 71 94 9 73 44 16 31 78 45 60 41 66 47 27 13 80 18 87 10 48 51 28 82 64 44 40 32 70 37 21 30 81 55 29 49 7 52 1 30 28 52 10 1 37 
1 36 62 76 91 16 81 71 87 40 38 84 54 41 32 50 1 26 26 48 95 94 49 16 80 71 17 66 79 86 73 18 33 79 62 94 59 77 53 49 25 43 83 31 21 70 87 29 87 81 97 9 99 67 42 60 78 41 33 95 35 63 75 54 10 59 8 4 89 62 85 57 41 18 38 90 5 5 93 59 77 98 48 62 5 55 34 12 55 6 8 50 33 39 27 37 23 99 70 44 34 0 22 86 30 7 68 42 11 19 8 32 87 57 84 59 55 31 34 37 24 66 88 56 61 99 24 8 23 22 90 91 12 5 74 29 93 36 35 45 79 91 65 67 8 67 4 52 47 75 88 34 45 13 32 21 72 39 9 38 61 57 26 68 16 25 66 28 50 5 75 12 20 15 87 12 19 87 83 89 51 65 37 28 88 12 7 99 63 46 43 30 95 99 91 1 17 67 1 58 16 47 86 92 97 81 70 28 56 34 81 87 89 86 28 85 92 93 33 73 5 59 31 72 43 14 57 45 35 69 86 22 47 6 69 53 90 7 45 66 57 79 27 53 28 60 38 94 19 49 88 56 7 68 14 28 34 59 70 6 17 54 72 64 93 2 39 53 86 24 49 19 8 59 38 38 99 15 39 42 86 15 36 91 18 18 73 26 10 80 79 41 50 63 3 60 29 82 38 75 
78 42 51 60 10 68 82 83 33 76 67 75 88 7 24 95 84 54 68 6 87 96 47 40 55 45 84 60 56 68 41 13 2 68 52 98 79 40 38 99 23 50 87 48 86 5 22 17 29 3 58 56 29 39 25 42 66 17 61 71 58 89 17 51 31 7 24 4 15 36 30 94 32 64 34 5 64 7 48 42 77 92 17 22 48 30 6 78 30 22 27 25 15 69 94 81 47 69 61 34 38 22 0 56 63 97 54 25 56 26 82 53 6 36 47 14 48 12 67 94 20 69 84 27 10 60 28 75 15 29 55 52 61 9 87 48 14 84 28 7 49 49 80 90 13 9 15 51 1 16 18 2 99 54 74 57 32 98 23 18 95 32 47 42 89 99 80 58 10 12 90 67 31 51 62 27 78 76 6 84 67 5 6 50 94 73 67 74 27 14 10 14 19 1 13 92 24 98 87 1 18 45 5 18 54 2 60 78 20 33 10 67 30 27 29 51 90 90 29 72 18 88 22 97 11 73 14 32 99 34 32 89 5 86 19 46 83 16 11 63 89 78 22 64 22 85 6 21 67 85 41 66 76 55 80 82 40 85 41 77 94 62 32 99 38 17 67 91 79 14 40 99 69 67 82 91 76 48 43 62 8 96 53 62 11 48 65 92 4 75 68 53 24 72 65 80 80 38 50 2 
7 82 77 67 93 82 95 64 92 40 43 96 75 45 29 40 72 72 18 47 26 12 49 69 59 67 85 94 42 18 31 76 85 48 2 68 59 84 72 10 1 6 26 71 83 80 18 5 68 97 98 75 59 36 81 7 69 78 1 19 8 64 40 25 40 6 40 12 13 62 88 34 77 69 51 18 27 77 76 76 7 37 9 89 44 98 78 89 95 20 66 31 23 90 45 9 93 39 79 59 62 86 56 0 55 14 49 6 44 79 66 70 29 11 68 54 79 81 59 11 91 94 44 85 55 96 51 51 86 32 93 93 31 16 14 20 78 84 12 67 21 60 81 82 72 40 1 62 46 28 58 31 97 66 30 74 56 13 2 91 56 67 52 9 71 35 99 21 9 93 53 80 77 79 83 24 82 48 48 28 83 56 8 91 87 64 21 69 63 93 84 67 63 42 86 9 30 61 44 43 58 86 16 12 58 93 42 16 24 34 90 28 88 25 87 60 67 4 17 29 78 6 11 79 93 97 19 55 53 37 10 73 32 18 5 25 54 6 86 36 40 65 69 1 7 82 86 94 3 40 56 6 32 99 97 58 5 66 87 56 84 23 54 40 8 53 37 45 6 46 32 79 14 39 61 7 81 45 33 80 96 30 66 55 29 17 98 76 84 46 32 95 44 15 31 2 43 68 90 99 
53 3 46 75 68 60 50 65 73 7 62 48 67 31 1 28 10 66 20 75 97 51 91 2 45 56 89 99 98 50 52 6 16 54 91 12 13 65 73 30 7 70 20 70 42 58 18 47 37 16 98 87 66 43 72 13 93 53 20 28 85 11 53 99 97 34 29 76 93 33 84 68 84 74 8 36 51 78 74 98 83 83 12 40 55 99 30 21 15 68 33 86 25 95 42 4 8 58 90 97 74 30 63 55 0 25 27 95 52 42 56 73 23 26 60 89 89 30 11 82 12 25 67 3 99 65 47 27 5 98 26 63 90 58 59 76 27 99 88 90 75 89 17 93 8 33 92 64 9 88 75 40 16 97 97 69 47 57 48 41 52 39 41 71 45 27 71 44 83 6 96 57 29 54 50 79 95 39 18 38 3 42 36 28 45 65 18 31 72 52 88 23 40 98 33 52 39 32 37 28 73 96 54 54 98 18 41 22 82 51 70 73 8 90 68 3 86 79 80 47 43 5 70 71 11 3 38 96 81 70 92 88 22 76 95 97 92 27 54 57 58 12 72 78 38 92 32 86 62 58 61 82 22 32 61 5 66 47 10 45 73 64 37 6 37 83 91 60 33 86 11 38 33 40 64 34 86 9 15 31 20 68 28 63 18 22 49 74 3 9 1 45 74 88 59 57 30 33 52 45 
86 86 97 92 86 67 52 45 39 69 19 6 78 59 40 58 68 56 55 72 38 73 81 15 82 86 19 80 89 80 58 10 79 23 75 70 18 86 68 10 3 19 74 18 36 2 31 92 19 26 10 67 35 46 27 28 77 13 4 96 42 39 82 22 58 54 75 31 30 38 84 83 65 60 86 24 79 21 99 14 79 23 84 51 67 49 13 72 58 64 93 57 33 7 20 74 20 5 90 2 86 7 97 14 25 0 7 42 22 95 77 1 73 84 50 19 23 90 68 22 92 51 53 73 13 44 65 48 42 1 13 77 29 17 80 51 1 56 81 84 55 5 3 54 79 61 27 72 73 10 55 10 95 99 41 20 82 70 83 17 8 82 30 23 18 76 30 44 58 7 32 47 25 37 4 54 73 74 77 43 30 33 38 64 36 56 70 65 3 76 39 5 9 16 4 30 87 40 68 18 57 22 8 64 64 32 6 91 5 12 10 15 58 14 21 38 6 48 43 11 89 10 8 49 54 61 36 86 13 10 45 10 17 17 91 38 75 26 68 90 58 17 92 37 93 9 42 51 72 47 27 78 5 67 6 85 26 29 42 79 29 60 81 2 9 59 58 67 93 60 2 68 33 16 9 44 52 66 56 6 30 61 36 66 6 73 25 53 36 80 9 75 74 14 81 54 85 70 76 41 
71 94 22 6 34 16 15 70 84 40 1 60 61 34 62 20 66 64 38 94 7 69 11 83 17 96 66 61 30 74 63 44 83 95 25 60 35 69 99 42 19 99 13 55 77 47 43 3 10 78 91 41 36 18 84 27 5 63 6 97 88 35 35 90 78 4 99 32 87 15 47 49 80 77 63 88 40 51 18 64 74 78 18 1 17 84 43 23 90 31 74 20 63 88 31 40 19 90 15 4 48 68 54 49 27 7 0 60 45 22 98 27 58 82 61 33 7 82 96 61 97 2 10 95 43 28 28 91 93 54 51 55 14 22 15 96 12 18 61 82 84 80 4 66 65 96 81 81 24 61 95 71 69 99 81 57 86 87 33 36 80 27 44 43 27 39 85 24 99 50 8 71 76 11 83 48 7 64 50 33 37 81 60 16 29 70 76 80 33 92 40 6 3 88 37 2 67 7 24 1 1 10 42 30 3 66 57 27 93 39 17 25 43 3 48 95 99 60 36 34 80 82 98 83 20 8 49 97 93 21 41 5 10 33 58 64 30 82 69 80 62 29 20 88 57 5 7 54 45 55 2 90 4 33 96 31 51 59 70 7 12 11 50 28 13 28 94 62 91 21 70 34 59 42 94 78 39 84 46 41 51 79 29 3 77 16 76 35 20 68 8 48 87 17 76 39 35 54 40 12 
3 37 93 27 72 62 31 76 21 47 46 12 53 66 33 33 3 8 1 58 23 95 71 78 92 60 10 50 38 19 44 1 56 58 41 17 80 70 59 89 26 97 11 52 33 56 29 90 26 21 11 49 98 60 36 4 36 16 55 79 26 92 85 95 75 75 5 60 41 96 52 43 7 79 94 18 51 64 31 32 74 84 11 90 49 8 52 13 80 53 25 99 95 4 1 84 21 27 13 17 55 42 25 6 95 42 60 0 91 89 83 70 26 12 28 57 53 62 64 13 70 87 26 25 87 73 25 88 48 70 79 21 55 13 39 95 27 15 80 58 85 51 51 49 31 83 2 64 84 20 9 97 91 28 15 24 63 43 81 77 77 27 73 44 20 82 72 54 37 55 85 44 76 93 21 28 87 66 11 91 1 84 15 2 4 13 53 51 44 35 60 88 70 83 14 45 45 11 12 7 27 50 52 91 68 12 22 35 77 38 1 75 34 35 64 35 86 95 8 83 82 98 23 21 71 20 80 48 74 29 58 17 46 80 10 93 76 27 77 80 82 59 48 10 87 29 96 21 57 69 12 68 49 33 83 19 64 57 20 98 75 57 1 69 56 40 70 80 78 85 21 49 55 81 90 41 86 94 45 6 88 1 84 59 90 35 46 56 62 98 16 6 49 87 58 80 74 87 23 46 
77 47 72 68 9 65 11 89 25 22 83 36 50 22 67 12 66 69 81 18 30 80 26 69 62 63 15 72 1 41 14 86 53 18 97 71 9 26 36 76 16 22 14 30 5 13 6 29 47 82 81 98 1 89 23 2 55 73 53 12 6 97 74 54 70 5 99 80 17 1 60 81 70 19 71 3 90 55 65 4 54 84 44 90 60 99 50 95 27 38 8 63 53 72 78 73 17 58 23 92 28 11 56 44 52 22 45 91 0 10 81 32 3 15 79 9 14 6 78 7 83 87 25 65 96 92 88 36 29 2 85 98 31 76 40 74 13 30 56 51 85 47 33 85 40 97 72 30 6 63 9 59 72 88 23 12 94 54 79 6 77 80 11 33 98 19 98 92 14 80 33 62 53 10 22 53 79 57 34 26 80 31 97 29 81 91 60 43 70 28 34 61 66 22 55 83 7 55 90 23 92 30 83 85 51 24 29 45 32 49 17 26 4 77 74 78 7 4 72 51 83 78 83 87 84 68 44 23 2 69 38 35 10 12 48 35 83 1 99 74 56 29 25 49 73 72 40 70 92 68 76 40 63 26 57 91 48 59 95 96 39 91 38 48 87 47 62 28 1 38 68 54 86 63 87 78 4 59 18 30 17 64 14 54 98 10 36 83 13 20 37 59 41 57 21 71 18 33 73 74 
92 81 93 32 52 20 86 35 72 68 95 52 37 90 59 52 48 87 62 47 84 63 20 32 77 77 56 55 95 92 35 89 57 17 37 4 34 68 59 47 32 54 75 96 92 41 83 18 98 9 52 16 93 19 66 11 99 24 20 11 62 45 9 56 34 91 62 52 4 22 32 8 36 13 1 42 53 57 81 46 18 32 58 79 51 2 59 53 5 56 34 18 1 68 22 76 28 73 41 63 19 19 26 79 42 95 22 89 10 0 55 89 93 33 96 8 94 44 11 43 24 88 98 40 7 75 76 34 2 28 45 50 3 68 88 59 85 42 96 54 34 66 63 48 24 19 84 12 54 70 78 49 5 89 59 18 67 42 68 31 32 5 18 13 63 25 9 9 27 78 75 16 64 56 91 53 89 19 4 2 59 62 77 33 54 77 94 57 29 71 26 15 56 79 7 63 51 90 18 10 91 20 79 94 63 66 84 78 63 77 15 97 14 96 8 6 53 48 59 52 16 46 41 55 86 79 23 69 98 65 20 98 92 94 36 11 14 61 36 41 85 61 29 44 28 87 28 14 36 6 55 82 36 70 92 50 74 1 4 18 98 15 74 12 61 5 66 9 47 66 4 29 29 99 21 32 56 57 91 83 6 75 84 98 51 73 79 88 79 70 62 48 60 86 54 19 21 21 30 82 
22 28 26 12 34 45 5 15 28 74 72 85 61 58 47 88 87 40 62 38 32 49 9 57 84 81 31 70 1 78 36 18 23 7 52 39 56 16 47 67 63 33 79 11 78 88 90 31 37 54 24 25 16 48 96 19 86 80 45 12 18 61 6 91 74 48 9 80 79 16 69 64 77 20 70 44 49 84 18 67 37 90 86 35 86 66 66 89 15 15 54 81 48 80 93 82 76 12 15 22 44 8 82 66 56 77 98 83 81 55 0 56 86 25 73 96 56 7 58 33 44 85 77 87 2 30 70 84 6 38 33 75 92 66 89 30 45 40 24 83 22 24 82 90 82 71 80 73 2 88 86 30 94 37 64 32 67 17 52 23 41 11 15 80 81 91 84 12 29 21 78 77 39 78 64 67 97 27 81 42 85 16 39 51 49 67 87 94 19 81 93 55 13 91 16 59 68 53 49 73 78 94 9 15 61 15 84 79 22 73 75 24 3 32 81 28 61 27 52 25 56 50 93 20 52 45 52 20 72 10 52 48 38 67 63 92 7 18 99 68 68 98 13 80 10 88 61 18 16 61 39 3 86 59 41 95 64 17 23 18 78 42 50 3 59 22 10 31 79 57 58 51 79 60 31 9 55 26 4 90 50 63 63 16 43 80 58 61 67 25 44 75 18 95 33 26 31 24 73 61 
76 73 98 4 62 88 8 60 38 25 71 74 96 1 80 86 26 58 4 88 88 83 65 38 85 96 8 43 76 95 17 64 58 34 88 40 21 9 83 77 19 42 27 84 76 42 21 6 10 34 22 77 97 4 72 48 97 42 95 93 58 66 35 20 77 23 59 61 97 66 1 34 92 58 20 97 71 3 86 61 16 56 61 70 15 77 62 65 2 14 17 59 44 20 20 51 56 88 55 59 74 32 53 70 73 1 27 70 32 89 56 0 52 85 70 86 5 13 63 11 5 2 9 39 85 43 14 99 29 37 8 67 85 4 14 48 57 23 35 44 88 87 3 18 24 74 5 32 98 8 82 11 1 29 64 66 93 70 6 78 10 94 67 75 54 48 4 1 26 50 45 86 70 22 69 97 44 95 91 64 58 7 48 46 42 12 25 26 87 46 99 85 51 80 35 88 59 83 97 22 24 41 64 6 19 35 65 48 86 13 25 10 9 87 95 75 53 94 60 5 80 20 72 93 17 67 38 38 10 24 95 35 85 76 86 17 15 66 88 80 84 9 28 32 50 91 38 82 67 60 76 4 89 81 54 18 40 47 56 10 15 30 42 57 31 15 49 34 75 14 73 77 53 58 47 21 50 83 19 47 59 43 78 98 25 37 2 71 78 90 22 66 89 52 6 43 8 95 59 6 
8 29 2 55 8 62 55 89 96 72 97 13 48 78 38 65 20 74 17 88 98 36 3 30 3 13 83 16 16 62 63 27 76 95 84 64 13 93 1 74 62 97 86 28 41 97 36 85 69 42 18 58 55 18 25 12 5 43 76 96 75 65 97 70 68 28 28 56 89 51 10 28 20 61 97 30 21 41 25 88 57 43 31 71 38 37 98 96 70 46 46 93 32 99 57 88 38 21 13 73 99 87 6 29 23 73 58 26 3 93 86 52 0 46 73 76 90 24 6 56 86 3 8 31 24 85 4 83 19 89 27 22 80 27 1 89 51 53 97 87 56 51 28 42 79 69 21 26 29 23 74 87 33 22 59 2 94 83 35 3 78 23 90 72 53 95 44 90 73 54 20 68 95 70 1 99 36 6 44 65 29 78 51 69 21 81 5 29 28 54 96 33 24 54 75 12 83 26 59 76 9 26 56 43 49 40 72 20 75 16 22 49 52 8 82 36 67 39 5 10 71 3 41 39 10 14 17 68 18 37 26 87 87 90 76 46 82 91 64 41 42 4 14 30 81 37 37 67 46 75 57 9 31 12 90 80 62 47 59 34 57 83 7 13 90 65 28 41 30 93 60 48 99 53 46 60 22 20 70 24 85 22 43 86 76 55 10 15 13 69 45 60 64 34 35 1 36 10 85 95 
78 3 14 2 60 22 60 34 83 33 54 36 70 68 54 77 5 78 54 74 54 13 73 48 87 81 4 37 51 81 96 29 64 16 68 74 65 99 2 77 55 28 79 41 27 59 81 99 81 57 20 75 51 40 8 44 94 70 79 92 2 46 61 62 37 86 96 85 80 59 9 95 70 2 82 60 5 7 79 7 60 34 85 38 38 33 69 78 5 92 43 35 17 75 30 46 7 64 88 75 6 57 36 11 26 84 82 12 15 33 25 85 46 0 24 95 51 64 39 10 14 39 97 79 28 35 87 73 87 76 96 74 23 20 55 57 59 32 92 62 3 96 74 91 66 42 86 30 22 70 21 77 44 94 84 35 56 82 41 90 11 12 94 10 17 62 22 42 6 2 36 10 95 21 44 5 14 21 77 27 57 37 63 81 20 78 22 26 43 94 95 78 7 76 45 23 91 19 92 64 69 6 6 1 43 77 62 58 98 79 83 81 16 58 27 70 74 83 73 8 51 10 97 43 66 32 38 9 27 74 86 65 70 64 78 26 22 36 45 48 41 69 76 78 88 46 90 89 49 98 31 79 52 92 66 23 39 5 81 68 58 33 85 91 42 65 37 68 65 67 79 2 9 88 35 82 61 87 88 86 76 92 77 58 79 7 92 29 13 72 46 53 44 76 92 52 62 98 85 24 
73 14 39 14 42 1 85 25 17 13 1 17 35 16 91 61 53 39 78 4 16 82 65 70 35 19 22 39 6 84 86 88 32 49 3 11 36 66 76 99 89 28 65 60 31 40 73 78 12 77 71 10 57 73 91 50 76 81 60 99 60 91 74 22 47 59 61 4 22 77 32 39 27 10 94 94 2 91 12 9 60 27 14 28 64 83 52 75 98 54 82 24 75 77 85 21 41 15 18 47 26 84 47 68 60 50 61 28 79 96 73 70 73 24 0 48 65 92 24 74 57 20 14 46 75 4 30 44 76 82 77 11 11 13 82 14 2 61 60 11 29 49 68 30 14 43 9 89 84 46 73 80 24 56 45 46 72 90 24 73 9 5 88 57 94 86 70 52 5 4 13 66 75 80 90 11 49 94 86 55 22 12 43 11 75 25 4 31 60 22 53 38 86 32 13 66 55 48 71 25 90 47 95 45 44 59 89 38 34 9 40 50 96 77 45 43 81 45 87 60 36 85 29 15 11 39 46 67 4 60 22 88 16 70 94 70 45 46 49 86 30 2 59 90 29 94 78 88 44 51 68 56 50 70 51 78 9 23 7 16 44 85 90 36 69 95 90 53 23 93 90 41 73 2 95 83 71 41 18 68 54 23 61 57 35 33 33 5 54 65 52 26 55 71 71 18 18 65 97 37 
76 42 86 60 28 64 99 4 55 87 43 10 62 71 89 9 71 32 25 51 84 32 94 6 77 19 74 43 65 4 97 2 44 53 68 80 13 40 88 41 29 76 98 56 81 77 11 20 63 23 56 21 38 81 55 51 28 14 13 4 46 43 5 59 87 75 21 17 87 34 43 6 91 52 4 71 1 83 45 44 28 39 49 78 37 87 49 49 45 32 11 65 14 39 68 77 52 53 85 32 58 59 14 54 89 19 33 57 9 8 96 86 76 95 48 0 56 30 96 53 91 51 51 51 91 94 89 27 19 30 80 12 26 49 72 64 86 97 91 98 72 14 62 94 42 82 64 69 31 68 59 2 3 33 39 48 2 43 59 51 42 39 81 41 69 88 3 62 56 34 75 81 22 4 18 13 71 8 30 85 11 25 9 92 99 71 55 63 46 34 42 22 68 46 33 85 91 93 84 72 12 20 55 55 11 2 96 7 95 59 1 30 12 99 93 61 79 64 64 48 4 38 83 65 80 19 9 24 60 86 3 64 27 88 12 32 26 29 41 17 49 67 36 81 96 64 94 93 22 1 49 85 22 61 57 73 45 78 37 67 14 75 22 45 71 78 8 73 38 51 21 26 67 48 65 86 50 48 56 7 89 10 17 48 89 12 1 92 84 89 68 20 2 10 44 20 82 28 93 93 
77 37 28 57 52 95 42 42 97 66 41 85 33 4 34 40 5 77 65 64 87 71 20 35 86 9 23 40 4 2 66 78 96 95 65 15 17 32 42 41 63 97 51 80 76 56 36 99 23 75 65 79 61 60 88 86 45 2 2 32 2 72 9 60 21 89 81 47 19 78 1 99 62 52 61 64 24 50 35 9 14 68 10 29 74 13 47 77 25 95 62 46 51 76 62 62 63 26 1 73 68 55 48 79 89 23 7 53 14 94 56 5 90 51 65 56 0 51 21 83 22 81 87 20 71 56 7 72 35 91 59 87 76 70 78 19 96 45 79 53 81 58 26 44 11 50 67 10 84 26 83 28 9 94 90 57 6 86 75 34 91 28 90 1 44 38 6 94 74 36 55 62 81 42 79 17 92 60 22 95 31 27 41 61 48 69 31 34 81 77 54 65 4 1 23 38 66 31 54 8 71 19 33 34 36 87 66 22 58 45 71 5 78 41 14 17 87 47 66 90 85 99 90 71 83 8 53 42 64 20 11 12 34 8 76 89 99 79 65 21 31 17 31 27 13 27 57 96 25 39 9 42 53 71 84 5 86 4 90 91 44 1 2 98 71 18 37 28 56 10 29 46 60 87 86 13 79 77 96 70 65 34 74 6 91 86 98 40 41 8 34 9 99 93 48 14 32 54 94 14 
44 41 39 82 41 85 36 31 53 8 40 59 48 48 35 85 23 60 20 64 16 3 74 28 44 60 13 52 84 45 66 34 35 18 28 32 49 84 99 9 4 22 30 30 41 47 17 61 84 94 61 49 90 12 91 67 58 57 8 69 9 21 92 2 80 93 63 5 12 33 51 7 66 32 34 58 66 83 99 95 14 74 12 23 41 36 87 88 53 75 49 32 5 63 91 88 51 62 20 96 54 31 12 81 30 90 82 62 6 44 7 13 24 64 92 30 51 0 5 16 91 45 59 97 43 73 2 72 28 58 76 17 36 55 53 74 3 36 26 82 63 79 16 6 18 58 26 7 8 49 95 74 46 24 41 88 96 10 43 60 44 78 82 31 73 33 2 13 64 10 82 91 81 24 21 87 25 39 68 29 46 21 52 47 51 81 1 77 94 71 29 23 34 4 33 79 90 16 3 51 4 8 49 78 74 23 17 82 95 45 73 98 67 94 75 44 39 5 44 83 30 5 57 16 44 69 51 71 87 47 33 75 93 61 67 34 45 2 34 27 68 77 7 67 93 34 52 92 1 88 28 59 26 95 43 59 7 7 57 31 68 2 78 63 9 12 83 19 59 86 87 13 36 83 98 14 26 31 16 70 86 80 18 30 66 14 25 29 56 25 56 7 66 31 13 28 70 89 13 60 
21 19 85 9 72 2 57 23 74 3 25 49 19 43 26 98 63 82 72 61 79 71 67 64 23 47 16 51 77 38 67 81 76 53 21 97 35 26 22 45 83 22 62 32 84 68 35 89 15 86 9 53 6 79 37 84 17 5 16 49 47 63 56 76 21 68 93 86 83 69 50 84 3 40 92 28 92 71 90 14 60 99 83 52 20 96 15 8 62 90 26 33 69 44 23 19 3 71 33 31 22 34 67 59 11 68 96 64 78 11 58 63 6 39 24 96 21 5 0 42 13 27 60 14 32 57 17 46 21 19 28 32 65 98 1 26 96 16 58 11 3 61 35 83 30 53 76 52 96 48 54 55 26 30 86 16 4 75 38 6 54 62 12 7 53 34 59 34 18 50 81 95 20 27 21 99 58 51 95 7 78 20 85 78 24 79 54 57 40 13 83 15 89 52 89 29 18 25 95 57 47 2 33 86 44 76 12 94 73 69 44 20 65 11 75 38 30 43 74 37 47 66 12 86 30 37 11 50 11 40 57 67 15 64 61 34 37 43 14 31 77 67 47 98 65 73 96 99 72 44 16 77 65 85 12 43 85 25 85 26 66 2 58 44 33 7 19 7 52 61 70 64 39 63 80 73 2 23 75 46 70 33 86 80 39 93 45 50 26 78 29 58 7 86 75 66 28 43 83 39 
31 98 34 39 46 85 14 54 6 97 41 22 92 2 79 19 60 28 63 53 36 86 32 63 72 72 91 11 50 63 85 16 97 31 28 98 84 84 20 1 80 81 45 29 65 61 74 82 52 95 77 55 61 26 37 58 96 93 24 78 17 12 28 93 21 49 48 89 38 14 5 91 65 80 36 56 20 38 28 61 42 86 61 91 73 87 81 72 37 29 10 39 5 51 40 96 4 91 54 62 43 37 94 11 82 22 61 13 7 43 33 11 56 10 74 53 83 16 42 0 54 18 14 66 7 29 90 62 52 69 41 95 87 65 91 19 97 19 40 79 93 97 66 96 32 58 4 12 79 31 54 31 41 16 52 73 41 12 45 93 56 17 59 20 58 35 29 44 30 8 80 7 32 57 67 71 76 68 44 16 4 13 22 35 24 11 30 76 67 80 7 13 1 81 66 92 16 86 41 4 16 55 28 33 24 40 44 51 6 10 77 68 65 78 73 43 61 4 95 38 86 30 6 35 42 37 54 87 50 13 14 3 67 99 49 99 69 83 60 43 84 31 67 85 10 50 30 58 29 68 73 37 84 55 27 10 8 8 77 47 29 92 67 86 9 4 42 11 89 75 61 53 81 30 23 16 47 38 94 33 36 67 50 89 57 33 37 44 10 62 38 57 88 40 44 73 78 75 28 84 
37 39 2 5 95 61 12 97 67 21 93 48 92 82 20 4 41 90 54 49 7 26 66 12 22 98 47 13 79 63 70 48 57 3 15 30 72 23 37 14 31 79 17 62 8 99 86 5 45 19 68 61 18 20 73 66 6 32 99 27 4 59 17 19 76 14 87 58 27 88 35 58 73 16 59 79 47 6 8 17 98 69 67 61 38 74 29 24 16 95 65 64 13 83 40 19 75 94 86 95 98 24 20 91 12 92 97 70 83 24 44 5 86 14 57 91 22 91 13 54 0 29 72 94 57 43 29 50 36 60 33 59 17 2 1 61 48 67 52 4 32 72 98 62 4 40 17 31 85 71 48 45 30 78 71 6 76 20 22 89 28 84 14 80 15 6 51 92 60 14 66 79 52 28 61 62 12 48 18 36 94 53 22 41 87 37 71 43 21 20 19 77 68 64 59 36 85 37 7 33 78 11 4 83 87 10 62 80 95 35 67 81 88 45 30 73 80 84 69 21 44 6 42 67 80 61 23 31 33 84 99 27 78 21 7 86 49 65 86 61 90 63 36 83 45 94 47 66 47 50 79 41 16 61 73 67 9 45 73 98 27 33 31 71 80 88 64 99 6 88 85 95 1 83 23 22 20 91 30 78 78 61 57 99 70 77 78 26 33 43 23 23 85 71 79 61 75 69 22 9 
8 64 32 71 10 77 53 92 81 4 73 72 74 48 84 47 70 40 5 52 2 25 65 59 80 75 37 57 64 22 79 78 2 38 18 21 46 99 55 51 2 45 57 58 53 30 54 51 56 50 68 30 34 51 15 40 24 61 1 85 88 99 2 90 46 49 60 45 56 92 59 19 39 92 70 47 61 2 45 98 42 2 39 95 28 30 97 56 23 49 21 25 27 90 29 57 89 60 36 2 33 66 69 94 25 51 2 87 87 88 85 2 3 39 20 51 81 45 27 18 29 0 81 65 44 39 67 22 12 8 16 10 95 76 58 80 41 65 5 76 57 38 43 61 13 18 55 60 65 61 94 25 23 27 26 67 26 63 26 56 98 96 39 6 30 94 16 78 68 72 77 91 23 23 37 4 62 2 15 33 74 96 57 96 26 29 75 28 33 33 81 38 46 12 76 90 34 40 96 46 22 73 38 25 16 30 58 75 20 12 86 80 85 94 90 84 44 17 74 98 51 46 28 2 38 68 48 48 33 40 64 27 78 25 5 52 32 46 17 6 33 35 82 97 7 86 33 78 87 18 17 60 1 91 90 52 6 3 74 20 87 56 30 34 29 95 66 84 36 25 17 80 52 67 53 32 40 44 87 55 76 78 44 91 50 75 80 9 48 65 35 63 28 89 77 14 89 77 82 98 
46 47 39 77 89 23 67 92 95 86 32 57 82 17 53 41 71 9 5 7 9 53 69 9 98 65 30 72 20 25 65 74 50 51 77 56 21 76 49 90 62 81 51 23 66 84 75 72 15 34 42 15 39 51 41 82 2 61 4 83 96 36 90 65 70 10 38 18 42 49 49 86 26 55 54 33 64 48 84 75 17 14 13 31 46 1 33 87 95 1 70 52 79 56 80 98 93 69 54 53 35 88 84 44 67 53 10 26 25 98 77 9 8 97 14 51 87 59 60 14 72 81 0 43 62 79 87 97 8 22 12 66 64 10 76 62 41 43 82 26 35 47 9 1 71 76 21 40 15 44 97 39 7 1 16 60 62 72 39 15 20 29 35 58 26 74 48 4 6 38 74 55 94 3 69 74 92 80 65 27 42 57 4 67 45 60 94 11 13 62 82 41 59 27 79 99 21 13 68 57 62 37 48 20 17 19 67 74 49 74 68 56 56 72 12 99 57 76 56 56 6 1 9 41 77 28 83 85 20 96 52 33 43 14 80 48 90 13 90 62 73 24 29 50 88 77 70 47 31 35 41 56 20 54 73 87 14 86 12 89 17 5 90 5 58 4 14 91 9 68 19 45 76 73 66 77 18 86 54 24 12 67 12 60 26 11 12 62 1 82 59 62 47 14 8 84 67 19 8 28 
69 90 29 74 47 15 22 83 51 95 5 52 13 69 76 32 24 4 72 64 83 37 46 54 48 78 72 75 74 97 43 38 86 57 92 72 55 33 72 98 37 8 31 45 55 94 72 34 10 5 32 89 95 18 21 61 2 89 28 64 93 68 89 65 18 48 62 88 82 15 33 20 15 14 64 30 33 93 37 88 81 7 45 31 23 99 14 17 64 21 12 99 87 22 63 91 67 1 3 30 16 56 27 85 3 73 95 25 65 40 87 39 31 79 46 51 20 97 14 66 94 65 43 0 30 14 28 33 21 94 37 37 77 83 22 68 34 3 54 70 80 72 66 2 12 8 46 57 44 89 97 29 91 87 11 48 5 67 96 79 56 45 43 16 45 18 58 52 28 57 22 51 61 1 40 69 54 91 20 6 53 77 62 88 63 11 37 97 20 83 13 27 18 61 16 93 39 36 5 76 16 39 11 38 76 25 85 89 94 36 98 16 5 7 63 24 35 35 93 15 97 2 8 31 3 3 68 50 21 48 28 12 58 28 90 32 48 46 50 29 92 28 48 52 33 80 18 40 18 2 44 55 54 43 22 58 21 42 39 30 94 19 14 97 74 35 78 29 65 5 88 70 26 50 65 99 69 48 47 55 1 65 62 82 80 48 52 6 3 21 30 77 67 23 29 97 98 64 43 69 
58 3 76 6 59 25 82 98 3 36 30 68 42 22 85 96 77 15 84 94 12 2 92 37 60 79 42 94 91 60 29 25 41 91 11 99 20 62 64 47 29 3 7 92 82 45 49 8 80 27 16 97 10 48 8 88 32 90 63 75 39 62 25 93 17 41 2 22 59 86 2 95 5 50 44 36 23 24 11 24 87 65 8 37 48 38 14 79 41 57 34 94 6 96 98 42 57 67 28 82 16 61 10 55 99 13 43 87 96 7 2 85 24 28 75 91 71 43 32 7 57 44 62 30 0 47 63 76 18 99 74 47 72 52 22 58 29 89 6 89 26 88 68 65 92 84 96 37 81 13 84 74 59 77 54 15 42 9 9 6 79 46 80 87 41 43 9 57 12 95 63 57 4 38 13 79 79 23 86 94 58 27 4 48 39 36 67 12 30 67 82 25 11 40 46 15 35 92 67 23 77 75 90 99 35 10 74 42 59 22 47 99 22 35 57 45 30 72 36 6 53 51 77 88 87 9 27 74 57 47 59 83 28 33 87 54 34 39 8 66 33 6 54 27 19 90 62 73 70 40 76 58 70 40 91 7 77 15 5 98 91 70 91 54 57 12 97 84 61 11 21 47 15 44 40 37 24 74 79 11 60 42 28 1 77 68 80 76 14 29 24 46 29 10 24 99 65 4 40 64 
83 99 32 80 22 47 95 37 90 18 36 4 58 62 64 43 32 99 70 2 79 90 94 75 72 47 41 99 58 8 1 26 65 67 90 31 88 50 18 19 73 46 15 88 89 48 56 71 65 17 23 83 84 65 68 17 77 50 9 18 45 63 10 2 18 44 57 79 93 39 54 49 47 67 45 35 22 79 81 1 97 22 6 13 65 66 37 80 4 61 47 53 48 26 52 11 51 84 31 21 37 99 60 96 65 44 28 73 92 75 30 43 85 35 4 94 56 73 57 29 43 39 79 14 47 0 95 17 55 65 47 72 72 36 70 13 15 40 72 6 66 86 98 12 12 47 48 34 85 11 78 37 9 96 78 66 65 60 6 8 90 13 76 63 78 90 76 18 5 72 7 60 46 82 69 60 35 37 70 37 12 84 62 59 79 48 92 21 50 30 54 16 87 94 51 67 25 19 3 42 55 43 10 75 10 53 98 2 35 51 86 74 91 90 5 17 20 87 67 20 3 48 13 24 68 96 71 78 58 78 63 81 23 54 49 56 81 79 7 92 63 10 18 5 48 20 43 25 25 94 72 6 90 53 32 4 49 34 13 36 61 89 97 24 65 13 18 64 90 16 49 9 52 29 89 13 84 62 67 58 12 25 10 33 55 10 60 62 74 68 33 84 67 44 15 89 81 19 49 60 
97 29 52 85 55 33 35 7 33 18 36 93 71 30 97 63 59 10 80 25 81 52 23 13 64 2 75 91 48 58 95 5 51 66 59 85 27 94 22 14 24 55 92 79 54 64 21 90 23 59 43 28 93 59 62 68 90 81 34 51 86 28 13 57 94 32 27 36 27 56 24 29 60 72 90 61 87 85 38 18 26 19 56 88 6 20 55 12 75 74 36 20 19 78 75 80 55 9 64 19 30 24 28 51 47 65 28 25 88 76 70 14 4 87 30 89 7 2 17 90 29 67 87 28 63 95 0 80 89 24 92 11 15 33 5 36 40 50 67 75 64 96 76 35 5 85 73 47 87 60 94 95 94 98 80 30 57 9 40 8 44 58 53 76 21 12 71 3 7 88 62 86 47 62 12 52 99 93 43 34 94 7 50 31 33 72 22 11 12 49 55 98 1 10 24 21 56 72 28 19 53 63 9 81 39 95 46 82 2 47 1 49 77 68 3 22 13 70 62 55 92 38 49 24 86 78 30 41 57 53 88 14 44 65 4 8 32 34 16 31 45 83 33 71 50 88 79 88 75 22 1 36 18 24 57 29 43 77 63 59 48 41 27 5 20 96 60 63 89 56 72 45 39 22 30 65 11 42 35 21 11 45 75 94 55 60 45 67 90 39 6 15 17 13 88 48 45 75 92 2 
14 79 67 60 1 81 62 39 8 56 49 51 3 45 80 24 28 76 61 23 93 96 98 27 36 36 73 1 68 97 56 16 57 87 75 97 90 97 25 34 57 66 63 43 70 81 79 57 21 17 51 79 19 10 90 15 64 50 80 34 13 40 42 67 89 3 95 14 75 26 3 12 83 35 52 36 94 10 40 38 20 90 76 75 18 30 28 4 53 73 41 11 9 85 49 85 48 72 83 18 55 8 75 51 27 48 91 88 36 34 84 99 83 73 44 27 72 72 46 62 50 22 97 33 76 17 80 0 70 21 72 89 57 51 61 80 1 18 81 95 88 9 5 4 76 10 96 91 22 21 89 17 14 18 79 23 23 10 64 54 76 13 22 48 32 53 67 97 68 11 74 36 48 19 3 1 93 66 97 45 3 40 7 50 67 1 4 45 57 88 46 26 52 93 90 61 66 24 5 79 4 13 94 90 97 60 51 92 20 67 88 23 65 27 92 38 23 88 19 93 47 91 49 95 25 88 29 49 10 8 50 75 62 25 64 65 90 57 55 43 30 5 32 64 85 16 17 96 97 3 70 81 23 18 39 56 89 26 96 95 56 80 16 50 15 50 98 70 29 32 59 70 94 40 93 80 59 7 68 32 95 83 72 11 31 4 25 89 97 44 16 38 45 17 52 12 89 61 73 34 
11 76 68 32 20 71 92 99 90 44 31 54 35 97 99 17 73 79 98 89 40 63 55 77 30 83 60 84 66 79 25 95 33 6 8 35 98 95 8 83 12 60 72 86 92 95 6 48 40 9 58 68 27 15 97 37 48 19 15 64 9 70 87 62 24 74 10 64 58 49 20 80 67 65 16 59 89 77 59 96 5 39 72 97 43 20 95 27 12 37 95 75 71 69 44 58 82 70 51 62 46 23 15 86 5 42 93 48 29 2 6 29 19 87 76 19 35 28 21 52 36 12 8 21 18 55 89 70 0 55 54 40 25 86 40 12 27 71 29 82 56 54 9 88 73 70 8 2 21 45 65 79 30 55 53 3 47 25 81 93 6 33 77 82 26 56 34 45 56 75 82 65 60 37 6 35 46 4 75 28 63 85 56 72 77 13 15 71 58 92 52 46 94 96 89 66 52 38 40 24 25 32 84 66 80 63 21 20 27 87 19 35 46 92 1 52 38 99 63 68 2 3 68 38 28 63 8 21 1 79 61 52 68 25 41 71 26 78 76 2 62 32 43 10 57 74 51 25 8 62 25 15 88 48 70 5 38 94 81 9 80 8 89 20 55 42 55 53 70 53 77 58 56 42 97 53 18 44 12 54 50 36 85 83 21 30 23 59 89 76 67 20 83 6 19 30 40 45 81 27 
24 59 33 91 20 55 86 32 86 53 48 88 81 67 42 89 31 82 54 49 7 42 62 3 54 66 58 26 11 28 27 55 63 15 40 95 80 7 75 37 39 52 88 44 60 29 38 51 84 35 2 35 61 72 41 41 77 12 72 63 30 54 21 35 5 91 93 78 50 44 84 28 74 40 35 3 69 34 23 65 87 58 94 41 6 35 64 75 98 96 34 31 36 93 94 88 76 64 22 65 74 22 29 32 98 1 54 70 2 28 38 37 89 76 82 30 91 58 19 69 60 8 22 94 99 65 24 21 55 0 74 7 63 49 73 13 65 7 50 19 82 28 22 8 28 9 95 76 32 81 86 74 32 97 36 12 7 42 62 5 49 27 53 61 87 98 86 4 58 38 73 22 15 51 85 53 10 30 63 15 60 63 64 70 22 43 52 24 57 55 23 91 39 55 11 76 15 32 44 53 39 70 87 70 85 79 75 87 23 68 59 51 44 74 98 8 25 20 3 75 3 45 36 89 28 49 50 43 1 52 95 2 76 36 97 78 38 90 53 54 58 86 38 38 67 52 70 26 16 92 73 14 52 60 49 71 39 6 41 49 7 41 44 69 57 62 2 33 74 79 5 75 3 37 15 14 71 29 52 14 77 69 70 4 33 21 71 23 98 20 79 54 53 71 75 10 53 20 24 51 
82 43 75 8 86 25 61 63 37 96 1 80 67 35 39 32 19 65 33 35 27 68 48 86 35 7 2 22 1 32 4 26 85 12 3 6 87 24 66 75 65 56 71 80 59 42 13 61 70 5 50 11 97 39 26 24 79 68 55 46 16 12 39 34 49 54 35 48 38 33 23 41 20 20 95 99 35 80 33 54 80 41 47 68 49 62 22 85 59 43 92 87 98 52 95 48 23 29 80 44 88 90 55 93 26 13 51 79 85 45 33 8 27 96 77 80 59 76 28 41 33 16 12 37 74 47 92 72 54 74 0 43 32 80 36 26 72 82 81 73 96 13 73 66 80 22 95 19 35 25 31 5 84 96 37 5 92 44 63 96 24 21 37 96 80 11 61 51 26 94 11 94 16 52 34 33 17 41 34 65 86 15 63 90 54 75 75 70 19 49 87 9 69 36 84 42 85 36 52 65 68 29 95 72 89 60 22 9 86 35 6 22 69 55 42 53 17 71 53 15 1 9 90 68 19 13 37 5 89 17 79 81 83 30 2 37 29 85 36 41 11 47 48 49 39 31 68 61 30 77 8 62 81 37 71 4 19 16 43 50 64 12 3 11 87 95 86 10 30 46 58 8 1 72 15 82 29 60 87 93 34 87 49 42 72 43 65 18 91 48 40 76 47 81 96 17 44 28 75 35 
8 27 33 67 28 78 93 48 67 26 80 93 88 89 40 98 57 74 88 23 74 67 25 71 14 49 21 69 95 97 19 33 24 43 68 11 7 21 16 94 77 13 27 62 61 20 40 26 25 43 53 89 13 89 72 73 33 22 77 89 28 9 30 24 49 13 60 8 55 14 22 34 44 12 40 10 95 77 43 44 73 22 72 96 36 6 42 85 89 34 37 69 4 65 14 97 56 40 14 16 32 91 52 93 63 77 55 21 98 50 75 67 22 74 11 12 87 17 32 95 59 10 66 37 47 72 11 89 40 7 43 0 35 93 29 51 43 26 52 85 73 79 32 87 17 50 78 81 87 60 42 70 90 52 26 56 19 98 60 12 82 62 21 68 68 77 86 4 87 93 68 94 41 2 58 35 73 52 39 80 37 38 62 97 88 18 12 35 42 89 38 26 16 96 91 96 45 71 24 78 8 30 24 7 20 30 22 85 51 52 66 82 67 41 37 90 82 98 39 92 51 51 39 42 23 43 21 35 68 2 40 20 80 25 10 28 21 47 71 12 93 47 62 95 98 28 93 89 25 15 57 30 28 72 13 24 49 30 61 40 7 40 94 22 33 8 39 55 91 78 18 34 22 21 5 56 81 56 47 35 51 32 57 38 87 3 55 55 92 37 50 54 84 23 41 20 18 47 30 99 
25 22 98 33 98 90 99 63 74 90 8 40 72 87 7 76 45 84 7 40 77 43 24 21 70 64 98 41 8 46 12 48 71 79 57 54 69 88 41 93 39 77 31 48 83 53 28 38 4 4 88 89 90 21 28 43 41 89 97 11 41 37 24 59 24 21 11 84 98 15 38 37 41 65 50 74 19 25 72 68 28 44 18 80 65 12 83 22 77 91 99 41 44 26 57 81 79 75 81 79 39 12 61 31 90 29 14 55 31 3 92 85 80 23 11 26 76 36 65 87 17 95 64 77 72 72 15 57 25 63 32 35 0 34 40 24 21 70 50 73 84 36 33 81 36 66 95 81 37 1 45 54 41 43 37 67 81 30 30 89 53 42 50 12 11 64 9 83 58 43 38 19 98 38 94 50 35 32 50 47 98 76 11 33 80 91 15 3 48 48 13 29 72 70 81 80 21 20 20 26 47 10 98 70 30 57 10 34 69 17 84 49 12 25 92 50 60 96 64 52 98 11 13 65 59 98 7 32 44 15 15 4 37 16 71 41 50 66 98 25 81 74 33 67 5 34 59 76 21 13 56 7 36 57 2 26 58 4 74 79 58 45 46 73 68 75 33 21 72 22 38 54 10 32 26 72 99 98 38 94 62 32 36 15 61 24 43 84 58 68 3 28 75 92 18 79 76 96 34 31 
75 59 6 47 22 36 92 35 12 30 53 81 15 78 9 84 37 16 3 19 65 55 27 48 48 12 18 2 57 38 86 8 89 15 44 94 22 90 6 37 88 39 51 84 90 37 50 30 70 71 5 98 1 89 78 59 81 86 60 47 16 55 62 74 41 71 13 22 73 19 59 32 84 71 40 39 52 13 99 9 98 29 71 52 58 86 10 68 20 10 12 44 78 29 59 25 79 53 54 29 93 5 9 16 58 17 22 13 76 68 66 4 27 20 13 49 70 55 98 65 2 76 10 83 52 36 33 51 86 49 80 93 34 0 52 50 88 47 74 34 11 39 55 47 3 5 57 55 49 94 32 14 82 62 19 27 93 59 82 28 20 25 63 85 7 14 97 1 17 30 68 22 19 3 80 94 9 37 23 73 33 81 93 65 25 61 3 24 97 95 55 94 81 36 68 12 53 44 24 2 1 40 82 69 25 86 51 98 15 72 49 91 94 48 42 69 82 39 63 94 4 84 28 19 83 15 1 92 12 17 4 72 26 90 37 15 88 15 5 3 69 76 92 31 31 93 65 76 64 90 41 99 45 97 69 89 7 21 85 77 4 18 44 15 79 94 8 68 40 56 98 56 55 27 55 68 93 72 75 57 61 82 4 25 54 31 28 62 91 94 71 45 27 5 42 21 41 29 7 92 
93 17 1 76 95 58 75 72 36 52 10 83 27 98 1 7 60 65 41 64 35 53 34 47 91 87 33 7 12 59 96 59 42 85 98 67 45 4 16 79 3 13 2 58 9 47 34 91 24 51 99 85 65 6 66 83 99 82 29 77 70 16 82 65 25 78 23 50 62 35 46 67 89 42 97 60 49 11 58 93 49 38 31 53 15 72 5 7 5 57 34 14 75 93 65 90 39 35 79 27 67 74 87 14 59 80 15 39 40 88 89 14 1 55 82 72 78 53 1 91 1 58 76 22 22 70 5 61 40 73 36 29 40 52 0 57 26 11 53 71 11 15 92 56 51 84 35 21 47 47 28 6 3 18 30 54 67 37 75 16 31 86 42 32 28 64 78 99 48 76 75 34 56 25 71 1 95 62 65 95 59 18 76 34 35 82 33 65 51 36 83 68 76 91 39 63 12 19 46 50 50 88 13 33 92 12 57 31 84 69 4 64 61 79 9 54 93 62 28 35 61 76 10 60 93 48 53 10 42 4 44 49 98 92 28 1 60 92 1 32 35 12 81 41 19 62 32 18 95 25 41 51 32 59 80 91 36 69 78 93 90 9 3 63 97 97 37 53 36 35 14 55 91 52 65 17 29 28 24 5 18 47 90 31 34 5 47 11 69 14 72 42 69 55 35 46 70 56 52 13 
21 93 38 83 19 32 9 43 43 68 25 83 40 39 88 19 89 53 6 75 27 72 84 1 6 82 2 15 51 43 11 47 39 1 33 58 50 62 10 70 85 11 39 34 82 73 96 80 4 44 1 48 40 18 36 44 46 87 79 18 10 60 2 47 74 79 88 38 48 67 74 28 16 7 31 31 63 11 48 84 65 65 97 97 74 36 26 6 48 34 28 70 72 24 13 49 32 49 8 80 48 29 48 20 76 51 96 95 74 59 30 48 89 57 14 64 19 74 26 19 61 80 62 68 58 13 36 80 12 13 26 51 24 50 57 0 27 54 7 30 58 66 27 54 62 19 26 36 29 30 87 69 56 15 12 82 81 62 68 88 70 4 54 42 85 93 50 26 68 2 91 88 98 33 10 70 54 52 15 79 53 17 22 53 87 27 16 85 81 98 33 59 63 29 71 42 70 40 11 70 68 36 3 90 58 58 15 9 77 87 81 56 61 36 38 53 28 67 15 18 96 88 8 73 84 88 3 16 55 70 99 68 11 99 96 50 15 22 33 66 48 42 46 33 90 96 91 73 3 22 7 94 78 84 66 89 65 42 1 19 62 73 88 26 3 76 29 76 93 71 35 6 4 6 12 72 39 70 64 92 78 86 71 21 27 98 30 94 20 50 94 88 78 58 86 52 39 35 67 85 
33 38 73 45 68 40 76 21 40 48 52 3 91 11 43 46 57 48 22 89 83 31 95 53 55 59 87 21 16 29 66 76 27 4 61 87 97 49 93 36 41 12 71 37 25 73 55 83 64 92 45 98 71 46 56 27 31 53 57 18 25 37 57 59 98 66 83 8 58 98 99 7 74 93 79 90 88 22 90 94 58 64 14 60 1 31 25 60 18 72 51 48 50 72 72 83 63 89 59 96 11 93 14 78 27 1 12 27 13 85 45 57 51 59 2 86 96 3 96 97 48 41 41 34 29 15 40 1 27 65 72 43 21 88 26 27 0 74 20 96 33 75 74 61 67 90 71 53 30 36 61 35 49 20 81 42 39 60 62 13 8 73 96 22 93 71 14 1 23 94 29 90 47 62 79 62 38 84 33 16 32 74 73 91 77 39 40 32 33 12 25 73 33 82 92 44 61 16 18 68 54 74 74 93 13 51 17 19 19 89 65 96 91 31 5 18 68 70 66 53 52 36 65 72 33 35 80 44 32 70 40 23 5 25 82 22 74 30 33 70 71 81 66 19 49 29 13 38 80 84 65 32 82 51 13 94 85 35 2 90 99 97 60 13 7 34 69 37 26 98 69 67 74 30 54 59 11 87 88 73 46 27 6 58 13 95 43 99 5 96 25 98 37 25 29 19 71 87 86 42 
13 12 44 65 36 15 82 91 53 21 86 31 59 22 19 65 84 27 4 18 39 29 41 98 98 95 82 34 32 96 91 62 2 60 25 21 12 59 8 64 29 47 67 74 57 97 51 56 39 75 60 21 63 74 62 53 70 40 7 26 78 90 18 49 95 18 99 35 7 49 94 28 50 18 6 42 96 13 20 73 38 92 13 82 96 87 84 26 23 12 95 4 25 80 80 6 34 59 82 49 57 36 84 84 99 56 18 15 30 42 40 23 53 32 61 97 45 36 16 19 67 65 43 3 89 40 50 18 71 7 82 26 70 47 11 54 74 0 81 97 18 63 41 33 38 55 33 11 96 60 3 50 40 8 24 9 46 45 68 64 45 1 30 86 2 53 98 57 47 26 76 53 89 44 61 24 41 27 79 33 21 21 23 26 49 51 5 11 46 8 6 46 79 36 2 21 39 83 94 54 14 7 84 33 93 6 33 6 67 99 68 32 35 66 70 77 74 38 10 13 91 23 32 89 44 91 78 31 60 73 34 55 53 87 81 97 2 68 24 27 90 67 18 54 2 29 50 48 5 41 4 29 50 22 83 62 6 59 82 44 81 40 98 97 26 17 76 13 65 3 10 35 44 11 25 98 12 28 14 92 42 64 82 42 97 77 60 90 69 60 39 20 81 2 50 58 95 68 27 91 
66 23 25 38 96 94 28 51 94 72 92 86 46 17 45 54 57 54 12 8 92 24 19 6 33 28 35 74 62 21 13 49 1 72 2 47 43 32 7 96 82 57 74 80 31 62 49 13 82 75 49 70 21 82 53 23 95 53 71 3 45 58 88 43 3 38 70 49 27 64 65 8 53 72 65 50 25 30 67 47 34 42 23 89 26 23 45 32 11 3 59 62 36 91 72 15 2 36 73 87 53 35 28 12 88 81 61 80 56 96 24 35 97 92 60 91 79 26 58 40 52 5 82 54 6 72 67 81 29 50 81 52 50 74 53 7 20 81 0 60 81 59 77 36 39 30 8 39 50 43 83 28 93 6 66 79 7 19 74 22 89 80 92 76 34 27 24 59 83 69 29 30 79 4 65 5 1 39 22 3 98 23 94 48 56 14 44 56 23 23 52 87 44 92 56 62 28 84 69 17 48 63 2 27 76 5 12 59 96 8 76 28 45 84 34 20 19 72 60 61 4 35 4 88 46 67 80 24 66 74 49 93 42 41 90 39 22 48 19 10 28 97 40 66 96 9 20 7 65 11 62 27 36 18 74 75 7 76 51 22 83 40 5 94 94 69 5 92 84 7 96 43 66 89 23 38 10 32 2 3 28 88 89 92 82 83 57 92 83 99 3 24 49 15 11 50 33 50 79 7 
95 7 17 48 30 49 26 23 85 80 76 48 83 79 44 86 2 17 80 28 9 10 15 17 13 31 47 67 56 23 8 68 37 93 26 33 62 59 51 31 22 63 57 50 60 56 84 54 52 41 53 18 14 44 34 18 97 14 23 28 65 75 35 10 83 9 37 63 29 25 40 64 63 52 99 87 91 82 98 29 54 25 5 44 48 90 78 2 8 28 66 95 8 71 23 83 27 6 64 10 31 45 7 67 90 84 82 58 51 54 83 44 87 62 11 98 53 82 11 79 4 76 26 70 89 6 75 95 82 19 73 85 73 34 71 30 96 97 60 0 37 11 29 67 54 85 87 51 51 11 81 74 50 29 86 32 13 58 80 5 18 82 61 94 70 15 80 24 82 53 57 41 85 12 32 12 73 67 77 42 81 51 86 9 61 3 46 53 25 31 2 78 62 97 4 40 81 36 12 42 26 43 84 88 88 36 49 15 12 82 38 6 14 14 57 91 74 16 10 31 93 68 27 57 19 78 76 86 86 96 76 44 34 74 17 41 79 61 97 47 15 13 58 20 42 2 91 38 14 33 60 10 41 1 25 74 35 93 84 58 73 18 50 92 22 97 8 55 87 30 75 83 49 80 63 98 84 71 16 97 75 37 48 97 13 17 91 70 5 62 16 63 54 33 6 39 10 10 88 69 
61 97 97 74 23 14 87 3 21 9 15 66 85 8 94 44 49 26 68 87 19 9 39 45 28 18 41 26 13 40 60 81 37 49 64 35 18 25 90 94 38 99 26 66 77 23 97 43 97 31 39 9 18 23 99 8 29 10 76 17 40 50 24 6 30 99 67 31 3 23 88 10 17 36 5 77 43 63 50 89 13 33 21 91 82 85 55 28 63 52 7 23 57 72 25 78 86 38 8 97 75 79 49 21 75 55 84 85 85 34 22 88 56 3 29 72 81 63 3 93 32 57 35 80 26 66 64 88 56 82 96 73 84 11 11 58 33 18 81 37 0 37 78 75 13 46 34 97 65 92 13 22 42 53 22 37 78 69 93 99 39 83 86 36 97 1 92 35 21 70 68 62 12 34 66 80 83 86 49 49 74 35 26 22 6 6 12 44 54 1 60 20 5 69 25 86 87 13 81 54 91 91 71 1 46 86 75 38 84 40 52 83 18 64 43 49 39 9 35 24 57 58 14 75 22 17 26 29 4 14 15 72 62 26 3 61 91 97 65 27 51 37 27 43 24 66 81 17 76 12 61 69 47 22 82 89 41 29 6 75 50 94 83 55 9 10 74 61 46 68 44 46 32 72 54 50 47 58 37 39 73 30 39 26 91 2 41 73 5 24 48 93 54 52 30 50 76 37 98 66 
25 15 97 91 57 20 37 64 74 24 82 42 53 54 6 51 9 8 7 79 25 46 64 30 92 59 22 48 82 2 52 5 42 10 15 94 18 39 17 1 95 70 24 12 88 11 62 30 57 56 25 57 51 64 27 12 76 99 6 38 8 7 35 94 11 90 24 12 27 87 67 78 40 82 35 97 62 78 24 51 7 55 75 25 42 26 17 3 9 13 2 56 82 67 75 82 91 4 56 86 12 91 49 60 89 5 80 51 47 66 24 87 51 96 49 14 58 79 61 97 72 38 47 72 88 86 96 9 54 28 13 79 36 39 15 66 75 63 59 11 37 0 80 64 69 70 5 18 95 95 73 86 53 83 86 87 61 33 18 27 3 63 68 51 21 10 87 14 24 75 87 50 40 82 17 75 96 81 60 68 40 93 61 4 73 74 99 38 62 64 71 28 30 33 57 7 85 39 88 51 96 12 54 24 99 14 84 65 5 5 87 63 38 23 9 30 82 47 31 43 81 1 17 98 50 44 70 59 62 63 19 71 43 47 60 71 52 97 86 41 57 30 78 12 58 18 62 70 29 20 98 12 96 31 49 38 58 92 98 66 28 66 55 13 16 24 65 21 89 42 5 20 10 92 27 85 97 64 81 66 78 11 70 46 91 54 98 99 34 82 18 56 15 71 12 34 30 70 82 36 
83 88 42 85 11 16 15 1 8 61 62 57 14 54 3 43 55 25 76 3 6 94 7 49 99 44 65 98 62 1 77 58 89 8 11 56 44 73 65 8 64 79 74 47 97 8 5 74 9 61 21 68 60 71 66 4 68 79 72 25 96 31 42 77 95 43 4 4 6 34 24 42 97 18 96 14 58 64 11 96 55 26 37 66 90 78 54 23 73 3 34 27 57 94 49 13 27 19 53 73 48 65 80 81 17 3 4 51 33 63 82 3 28 74 68 62 26 16 35 66 98 43 9 66 68 98 76 5 9 22 73 32 33 55 92 27 74 41 77 29 78 80 0 22 43 34 10 33 61 70 41 51 95 53 50 89 41 27 40 53 73 30 84 65 88 25 48 90 94 22 25 1 78 18 91 25 39 29 26 68 68 97 9 86 79 45 60 83 6 68 90 14 74 99 67 12 23 45 68 62 23 2 13 51 96 70 31 16 27 4 4 89 44 28 31 28 71 28 11 30 29 76 6 30 94 43 2 38 72 69 30 20 79 1 30 68 46 92 83 26 51 21 64 84 60 51 10 99 92 38 6 10 75 94 88 29 50 72 65 68 34 19 56 66 88 71 56 64 92 96 65 31 8 54 4 28 31 78 58 95 21 62 74 53 28 6 22 56 89 52 35 7 45 32 90 25 54 63 60 33 
98 76 25 16 43 98 4 93 53 57 41 42 10 68 63 14 24 5 47 51 56 46 72 51 70 72 89 2 48 13 23 55 17 24 59 41 5 17 43 69 40 19 8 48 10 59 83 61 29 60 31 18 39 26 55 39 96 47 38 79 14 13 43 97 58 62 55 92 45 50 24 46 16 74 71 11 40 64 96 20 53 25 43 51 83 91 85 32 99 47 50 36 15 88 35 7 41 19 27 34 88 67 90 82 93 54 66 49 85 48 90 18 42 91 30 94 44 6 83 96 62 61 1 2 65 12 35 4 88 8 66 87 81 47 56 54 61 33 36 67 75 64 22 0 96 43 77 30 23 78 45 35 25 13 28 96 25 42 37 64 3 18 68 96 44 29 99 26 93 43 86 9 97 21 23 22 44 90 55 44 42 42 76 42 11 49 78 95 96 83 52 88 44 55 86 90 91 7 11 82 60 33 34 23 92 30 67 25 36 8 92 87 93 72 39 68 25 52 20 19 36 1 99 52 95 77 26 76 69 25 75 13 52 80 87 15 60 9 95 83 36 9 93 37 16 48 50 20 94 86 84 18 90 24 31 4 64 51 83 77 32 38 94 56 9 56 73 74 11 20 8 45 8 28 94 2 17 27 52 92 32 18 49 3 3 52 63 45 3 21 30 49 60 13 35 4 73 34 41 91 
3 36 22 66 73 42 93 6 70 10 13 80 26 78 37 8 94 10 17 17 46 70 53 87 18 47 19 22 72 28 34 19 69 23 48 70 20 8 93 37 89 18 94 68 82 21 84 69 2 30 97 28 95 65 67 18 21 27 1 97 64 4 92 16 81 58 33 41 44 88 17 87 53 72 10 24 89 14 3 19 16 96 45 96 12 53 42 82 96 27 74 70 31 66 5 39 17 39 37 96 99 8 13 72 8 79 65 31 40 24 82 24 79 66 14 42 11 18 30 32 4 13 71 12 92 12 5 76 73 28 80 17 36 3 51 62 67 38 39 54 13 69 43 96 0 51 63 97 4 4 1 64 34 50 26 8 98 82 94 25 63 44 54 58 62 30 35 70 70 46 15 21 72 23 37 44 60 76 74 44 69 61 23 80 56 71 32 92 14 50 5 32 29 74 20 20 50 48 88 9 30 27 99 97 66 35 71 39 81 43 2 91 25 74 47 8 77 8 79 80 32 22 91 14 58 67 29 5 19 66 15 91 82 67 48 1 44 10 21 32 9 96 42 74 91 61 38 79 53 80 43 59 72 62 82 46 36 14 96 32 49 10 81 59 61 33 66 45 85 93 54 86 32 61 43 42 26 34 95 49 24 82 27 46 93 32 79 37 96 78 27 4 75 10 81 6 39 56 78 47 
93 64 28 53 32 36 85 73 58 47 28 45 48 13 95 1 54 26 64 44 3 21 15 18 31 36 18 62 36 6 19 98 54 99 39 14 6 67 15 40 31 56 85 79 45 70 94 39 34 86 17 36 8 18 62 87 93 64 32 23 70 73 6 59 52 86 21 7 58 19 20 11 89 99 11 10 90 4 34 78 92 51 74 64 53 66 94 77 47 93 82 96 1 84 97 42 62 61 44 21 60 67 9 40 33 61 96 83 97 19 71 74 69 42 43 82 50 58 53 58 40 18 76 8 84 47 85 10 70 9 22 50 66 5 84 19 90 55 30 85 46 70 34 43 51 0 47 20 21 23 53 65 54 78 93 36 65 39 9 97 41 89 86 3 72 21 79 55 50 34 37 11 80 40 27 26 30 66 53 54 68 54 32 49 11 67 98 78 51 79 82 62 38 65 4 65 69 95 50 53 99 56 99 78 21 24 55 72 32 8 3 36 39 64 1 30 68 20 14 57 26 29 90 85 32 12 72 28 11 64 83 53 23 91 2 76 40 6 49 4 77 82 46 31 62 28 91 25 23 62 85 74 19 71 6 46 24 33 26 38 91 73 78 7 35 28 63 67 85 35 59 3 74 52 90 9 76 72 51 5 49 10 78 65 64 21 77 33 37 76 8 8 80 2 88 92 22 54 38 5 
99 33 47 70 13 26 73 53 63 61 45 95 65 87 60 6 71 37 5 80 25 92 44 97 34 7 51 62 37 55 37 49 22 7 14 75 51 20 99 17 71 65 63 49 56 48 56 39 23 28 17 57 28 53 69 43 22 87 44 11 67 88 86 91 50 49 55 87 24 62 5 40 49 69 13 84 73 7 10 71 29 51 15 24 8 29 16 66 7 72 69 16 82 74 47 19 38 11 43 27 40 4 15 1 92 27 81 2 72 84 80 5 21 86 9 64 67 26 76 4 17 55 21 46 96 48 73 96 8 95 95 78 95 57 35 26 71 33 8 87 34 5 10 77 63 47 0 57 42 14 50 43 41 15 21 54 73 31 10 38 56 48 38 58 68 87 60 75 45 25 89 20 2 52 29 45 87 32 70 80 53 81 82 73 8 53 91 3 90 68 52 46 50 78 82 33 58 29 47 78 17 89 74 79 19 76 51 90 86 19 44 1 6 59 81 85 50 10 54 19 59 79 45 70 80 12 20 36 4 8 58 54 53 14 50 94 41 99 9 39 92 27 34 82 75 58 37 65 12 17 99 62 37 42 56 5 69 56 55 25 37 61 18 6 7 31 48 14 45 9 22 46 53 53 45 97 78 52 67 20 54 84 8 85 11 93 73 4 79 34 84 18 2 61 50 43 24 15 39 96 
11 92 36 67 83 52 44 10 90 66 1 80 89 86 84 14 24 90 20 12 48 8 80 58 58 19 17 20 96 66 47 27 93 33 76 27 33 44 43 39 18 58 66 1 68 70 63 70 71 9 44 16 27 41 37 80 66 3 83 37 41 49 24 55 61 31 50 46 32 79 70 56 55 55 49 32 79 12 85 94 14 98 10 87 23 69 75 78 60 66 24 21 17 31 60 59 35 9 93 46 89 52 51 62 64 72 81 64 30 12 73 32 26 30 89 69 10 7 52 12 31 60 40 57 37 34 47 91 2 76 19 81 81 55 21 36 53 11 39 51 97 18 33 30 97 20 57 0 79 28 45 9 11 52 5 85 44 8 35 38 92 40 40 65 58 18 74 5 64 64 91 20 17 98 10 36 15 88 62 6 16 94 63 5 77 14 5 14 76 55 47 8 15 2 83 87 9 97 76 65 1 4 82 75 58 47 17 8 30 61 90 8 36 67 16 98 33 18 96 91 93 58 46 52 70 57 21 8 51 10 6 36 40 38 11 90 38 88 64 84 25 30 20 34 17 82 16 64 50 25 76 29 5 35 62 45 52 90 99 95 94 20 73 80 80 30 36 58 48 43 58 19 76 47 63 82 34 77 23 56 68 34 53 85 77 17 93 50 82 68 53 94 63 85 2 33 32 42 77 40 
55 50 63 90 8 35 9 95 84 63 55 87 40 29 20 9 43 81 41 78 58 18 84 33 14 45 32 10 98 26 23 27 24 88 43 56 42 97 44 33 34 88 70 9 86 8 57 33 43 48 28 52 66 95 2 43 43 97 48 38 80 52 20 11 78 67 23 63 14 75 93 15 9 57 85 92 39 59 31 83 34 57 52 59 9 88 7 4 86 57 80 57 95 58 11 53 19 85 60 67 51 47 1 46 9 73 24 84 6 54 2 98 29 22 84 31 84 8 96 79 85 65 15 44 81 85 87 22 21 32 35 87 37 49 47 29 30 96 50 51 65 95 61 23 4 21 42 79 0 51 69 26 80 19 22 19 63 62 59 40 68 71 97 98 58 5 9 15 96 64 52 47 38 22 12 5 51 74 13 58 40 7 28 35 13 99 13 85 75 99 84 11 60 30 24 77 84 94 64 47 11 37 21 77 12 16 27 49 73 24 84 34 82 7 29 18 1 5 77 13 28 9 40 99 98 70 20 70 87 12 21 64 1 61 50 88 3 92 96 5 3 15 27 50 79 41 79 41 67 41 90 92 78 14 54 84 36 48 90 39 14 65 28 20 13 18 93 55 82 56 56 69 50 25 44 21 61 60 92 15 66 77 56 97 45 12 50 39 41 93 8 21 95 88 49 28 24 53 97 91 
97 1 69 29 88 23 56 98 17 22 65 34 86 14 24 39 69 53 38 14 40 64 41 79 3 41 20 20 65 8 33 25 92 69 43 69 84 90 41 88 38 59 90 43 61 97 91 80 78 11 93 20 82 59 4 13 65 46 83 14 69 44 65 57 40 24 83 72 44 5 63 90 76 98 25 20 75 65 87 16 40 33 33 35 33 18 67 39 58 86 45 34 1 6 60 43 87 69 85 23 15 75 16 28 88 10 61 20 63 70 88 8 23 70 46 68 26 49 48 31 71 61 44 89 13 11 60 21 45 81 25 60 1 94 47 30 36 60 43 11 92 95 70 78 4 23 14 28 51 0 15 16 18 12 30 42 18 74 71 65 32 80 68 56 4 14 19 14 96 60 74 50 63 40 92 84 50 10 26 52 68 69 82 86 90 77 74 5 76 45 79 42 11 65 65 42 55 9 1 3 28 36 87 56 43 96 39 25 52 11 46 32 14 10 40 16 52 52 16 64 7 44 9 84 88 85 58 58 61 59 46 76 89 80 12 7 98 53 59 73 99 11 34 25 28 97 12 57 61 13 47 96 59 39 59 19 38 40 72 64 12 65 38 94 56 29 30 51 47 80 54 84 83 28 32 87 13 90 37 44 66 57 40 58 12 65 85 67 80 23 87 54 27 65 34 38 70 48 25 82 
83 23 63 20 9 34 18 12 29 14 17 55 22 62 31 67 62 70 63 95 80 40 22 2 74 82 80 44 24 6 54 64 50 83 55 86 13 74 88 58 23 49 48 70 37 72 61 37 82 90 50 21 43 18 89 47 35 14 34 80 62 59 28 81 81 24 73 60 87 85 3 15 3 61 4 58 36 91 47 44 72 87 35 90 29 27 38 26 66 90 83 77 61 49 1 86 64 71 81 90 48 88 18 58 75 55 95 9 9 78 86 82 74 21 73 59 83 95 54 54 48 94 97 97 84 78 94 89 65 86 31 42 45 32 28 87 61 3 83 81 13 73 41 45 1 53 50 45 69 15 0 90 61 92 44 44 54 78 68 57 82 38 55 97 97 38 24 86 26 90 22 70 26 8 3 84 52 93 95 94 2 24 18 91 45 92 60 33 71 17 95 95 84 62 22 19 48 35 12 51 1 81 97 60 4 6 14 62 14 7 50 27 2 47 16 21 30 56 85 66 4 56 85 58 45 60 14 99 30 49 12 57 7 76 66 66 1 25 37 1 99 54 69 70 86 20 42 26 35 64 31 1 49 74 29 28 60 16 21 77 81 42 55 7 83 86 23 94 16 54 7 45 86 42 89 89 23 59 23 51 54 11 78 42 23 64 75 73 75 10 49 95 20 73 86 26 33 90 40 78 
87 98 33 18 62 62 61 99 46 23 91 16 46 7 18 60 31 55 59 39 38 62 61 22 35 48 96 13 93 59 44 33 52 97 41 72 12 4 87 61 87 22 80 65 91 3 39 3 4 98 92 19 91 61 18 1 67 68 70 80 24 6 49 15 14 26 99 52 67 90 58 29 10 70 96 68 28 34 90 7 94 42 70 55 92 11 45 21 71 14 18 10 79 72 84 91 5 27 60 5 59 34 2 31 40 10 71 97 59 49 30 11 87 77 80 2 28 74 55 31 45 25 39 29 74 37 95 17 79 74 5 70 54 14 6 69 35 50 28 74 22 86 51 35 64 65 43 9 26 16 90 0 66 20 69 50 43 15 14 63 15 17 97 44 85 86 28 34 31 31 71 29 79 89 9 97 86 35 26 45 62 51 13 18 76 22 58 71 1 89 85 79 44 1 30 79 93 54 5 55 70 93 94 50 97 71 95 54 35 51 91 13 29 57 64 32 58 21 15 97 35 43 37 81 79 91 44 97 37 48 8 66 65 80 56 92 64 90 73 69 39 28 57 84 27 21 32 73 41 37 16 43 47 92 94 96 73 1 67 1 15 29 82 86 99 4 92 79 53 86 29 5 37 71 78 32 8 41 92 43 64 60 85 9 57 36 32 67 33 40 14 91 7 84 48 73 16 38 33 49 
71 71 46 6 24 79 33 41 83 28 18 28 45 58 99 98 73 26 6 1 52 57 97 95 52 41 41 79 1 99 95 43 70 12 97 21 28 11 51 30 11 77 67 37 25 26 72 46 50 59 6 9 85 35 96 22 95 38 24 32 94 11 55 42 28 96 37 70 11 10 64 21 36 4 92 52 76 90 42 11 80 19 42 75 82 35 24 80 52 59 3 30 45 23 29 55 6 80 51 83 1 45 99 97 16 95 69 91 72 5 94 1 33 44 24 3 9 46 26 41 30 23 7 91 59 9 94 14 30 32 84 90 41 82 3 56 49 40 93 50 42 53 95 25 34 54 41 11 80 18 61 66 0 59 71 48 5 16 98 74 93 18 89 98 21 91 75 24 20 98 80 82 77 74 42 21 22 29 91 14 79 75 27 38 30 78 10 40 55 71 49 41 84 92 57 22 6 24 55 85 95 47 42 42 37 82 64 33 1 99 49 15 8 10 72 60 55 63 60 90 21 5 33 63 86 69 98 3 48 91 88 4 38 57 35 73 46 69 51 81 21 35 85 58 15 53 94 15 83 86 81 91 13 10 74 8 26 57 25 24 66 5 20 3 16 70 66 57 95 56 25 56 30 5 74 35 21 45 19 32 24 90 69 59 64 88 20 53 61 1 96 91 11 87 73 82 29 70 25 50 
67 37 89 80 35 8 99 92 82 26 60 38 89 46 40 67 27 42 80 72 10 50 23 1 16 75 31 79 66 20 31 31 54 26 57 6 60 33 27 51 11 92 58 63 16 6 70 9 8 33 16 73 35 57 81 79 13 37 47 63 81 93 64 31 46 90 21 11 11 41 37 51 35 40 3 87 72 45 60 55 12 99 4 71 77 56 70 16 32 79 36 28 16 78 72 30 91 67 15 93 22 13 54 66 97 99 99 28 88 89 37 29 22 94 56 33 94 24 30 16 78 27 1 87 77 96 98 18 55 97 96 52 43 62 18 15 20 8 6 29 53 83 53 13 50 78 15 52 19 12 92 20 59 0 9 32 19 59 79 91 52 31 50 12 28 16 19 35 3 23 68 59 98 52 53 67 54 83 57 73 46 30 93 21 76 7 79 13 83 4 31 86 90 60 88 35 77 57 11 17 13 94 53 41 5 97 91 70 92 55 4 9 18 32 21 33 77 34 98 52 69 87 92 3 68 5 73 76 56 9 17 64 9 60 87 10 49 94 66 43 38 60 77 24 16 38 21 49 53 99 79 20 2 55 80 96 55 1 31 11 11 50 59 77 17 2 89 3 47 32 37 30 70 30 96 71 63 94 28 90 66 32 35 26 10 24 47 49 43 86 64 22 8 71 94 74 44 70 61 11 
72 19 43 11 95 33 84 77 69 18 91 6 84 62 56 6 36 19 87 27 38 43 49 77 8 73 54 38 97 68 31 3 1 89 99 88 89 2 92 54 21 44 9 53 41 23 13 86 9 4 94 90 82 8 88 45 36 55 95 43 69 68 6 56 53 43 57 42 33 46 87 9 46 95 54 56 40 25 36 94 98 96 23 26 10 10 68 80 37 57 61 38 61 58 79 70 23 61 74 37 92 32 74 30 97 41 81 15 23 59 64 64 59 84 45 39 90 41 86 52 71 26 16 11 54 78 80 79 53 36 37 26 37 19 30 12 81 24 66 86 22 86 50 28 26 93 21 5 22 30 44 69 71 9 0 49 79 54 22 73 77 18 64 59 57 56 16 90 98 68 18 17 80 58 15 36 99 67 49 33 73 36 34 16 22 92 76 60 33 55 68 11 66 6 79 57 6 82 35 62 38 56 89 44 99 93 31 80 84 77 6 1 79 10 21 37 18 36 87 85 69 74 25 13 74 58 22 10 57 30 73 10 26 51 13 65 4 7 86 21 89 9 41 37 10 61 63 42 82 95 95 25 48 53 13 22 12 31 67 8 81 75 20 96 13 63 76 65 33 32 29 91 96 19 61 42 58 56 84 40 37 29 77 44 18 54 79 45 3 94 64 85 43 92 39 54 25 23 6 64 
49 28 58 30 4 4 28 88 68 33 96 65 69 52 24 26 89 12 75 93 9 44 86 22 72 58 66 75 90 62 16 80 61 94 70 61 63 98 11 74 67 43 18 92 73 66 28 87 33 54 54 13 36 43 23 41 53 64 62 28 12 49 35 12 96 28 60 83 29 3 52 13 99 21 80 38 17 61 67 86 80 43 78 25 48 28 8 82 45 61 39 90 18 38 53 2 67 67 30 76 47 21 57 74 69 20 57 24 12 18 32 66 2 35 46 48 57 88 16 73 6 67 60 48 15 66 30 23 3 12 5 56 67 27 54 82 42 9 79 32 37 87 89 96 8 36 54 85 19 42 44 50 48 32 49 0 19 26 97 50 31 75 78 24 17 51 38 67 48 15 9 46 80 96 67 87 78 44 16 16 43 9 12 78 11 97 84 91 14 40 99 50 42 12 90 92 56 16 69 23 96 75 99 67 89 88 66 86 79 25 97 20 51 61 41 37 82 19 90 65 86 58 24 16 23 78 90 36 42 32 81 51 45 18 76 84 79 75 39 28 63 50 35 82 47 9 54 3 60 19 44 50 28 6 24 70 59 42 48 16 35 15 71 44 72 3 96 33 77 34 86 91 31 14 96 78 96 73 41 61 27 52 82 23 19 98 91 89 97 62 25 30 99 81 81 33 17 1 61 95 
55 29 26 18 56 68 96 62 62 94 38 35 68 94 17 89 95 81 45 77 70 96 72 85 77 59 51 8 75 30 97 26 13 96 1 82 74 76 34 82 45 76 42 69 89 85 19 6 66 5 18 18 13 35 27 7 67 66 63 18 28 98 53 54 29 57 93 50 81 33 14 43 45 31 70 62 34 44 70 73 19 3 9 69 60 54 22 75 28 21 4 88 5 42 64 73 14 6 15 43 99 72 32 56 47 82 86 63 94 67 67 93 94 56 72 2 6 96 4 41 76 26 62 5 42 65 57 23 47 7 92 19 81 93 67 81 39 46 7 13 78 61 41 25 98 65 73 44 63 18 54 43 5 19 79 19 0 24 15 74 16 97 91 79 23 29 79 19 14 28 30 81 26 95 17 76 24 93 16 82 60 97 40 6 13 76 82 73 12 47 25 3 99 53 91 36 46 22 45 96 76 39 94 11 62 16 55 63 84 69 79 33 49 62 80 94 97 51 51 57 43 16 11 46 12 13 51 32 26 71 72 34 54 83 44 9 13 40 11 23 86 9 67 38 63 69 67 73 91 27 26 25 21 88 78 30 1 69 52 29 42 98 20 64 36 16 81 96 70 7 20 58 43 16 12 96 11 74 2 98 37 66 33 60 54 11 59 53 21 57 3 92 93 97 2 95 51 57 21 28 
16 53 33 82 69 96 53 3 84 15 73 43 71 7 10 7 22 4 11 95 16 86 96 92 13 85 85 7 78 98 33 11 20 16 17 91 84 96 67 6 4 22 69 77 24 94 54 97 6 89 64 21 39 27 11 96 16 59 69 66 44 7 48 73 37 28 12 88 16 26 53 95 45 21 71 69 86 1 21 69 87 74 48 64 12 16 44 52 48 33 14 19 85 83 52 12 31 87 93 92 42 39 98 13 57 70 87 43 54 42 17 70 83 82 90 43 86 10 75 12 20 63 72 67 9 60 9 10 25 42 44 98 30 59 37 62 60 45 19 58 69 33 27 42 82 39 31 8 62 74 78 15 16 59 54 26 24 0 87 72 64 37 27 34 30 75 82 56 95 23 56 50 18 21 33 46 34 91 97 4 10 47 87 66 59 72 75 40 99 32 17 22 1 75 27 72 44 88 43 53 26 45 38 96 12 15 98 7 14 92 35 56 81 98 41 66 96 53 19 12 58 64 90 46 27 81 64 60 57 36 51 10 54 49 2 24 42 60 65 5 49 42 10 48 41 30 71 23 62 60 80 90 37 28 22 88 21 2 83 51 2 71 60 56 87 52 94 78 11 21 74 81 82 89 74 51 55 43 48 48 2 68 92 91 17 36 27 45 1 4 91 32 97 52 5 15 2 11 21 40 
6 95 34 47 16 58 51 23 70 86 84 88 36 58 92 16 61 2 7 89 57 90 38 80 22 4 4 64 89 90 85 29 28 94 51 58 16 96 40 85 37 91 16 11 9 50 35 41 44 90 22 41 79 93 99 22 39 50 92 58 67 19 3 18 82 16 48 84 55 40 67 6 94 69 97 63 4 87 53 73 80 4 57 99 73 83 59 7 4 9 38 7 56 7 62 78 32 19 11 18 88 9 23 2 48 83 33 81 79 68 52 6 35 41 24 59 75 43 38 45 22 26 39 96 9 6 40 64 81 62 63 60 30 82 75 68 62 68 74 80 93 18 40 37 94 9 10 35 59 71 68 14 98 79 22 97 15 87 0 16 22 33 60 28 8 50 16 69 14 50 60 78 82 32 67 87 97 47 51 57 80 57 61 3 80 88 72 48 7 39 79 98 90 39 45 43 93 67 42 1 37 8 26 38 78 71 11 83 66 42 28 96 80 51 28 43 28 93 11 79 59 72 64 16 92 86 13 44 59 68 50 6 49 66 45 16 19 82 74 45 59 63 40 74 36 85 37 58 75 64 74 75 43 7 86 15 82 86 5 12 34 12 14 7 80 73 98 61 77 91 27 19 78 27 58 62 10 2 20 80 93 27 7 61 47 74 97 13 14 78 76 27 93 65 10 83 30 53 52 12 
18 51 7 8 25 97 81 83 39 53 82 45 35 41 31 75 33 18 33 55 67 59 85 53 67 30 29 98 88 62 41 15 13 72 49 73 49 79 37 29 22 66 21 92 92 60 93 74 64 81 53 11 38 3 89 23 88 49 3 99 76 28 26 88 4 87 66 79 36 15 58 54 57 98 21 69 85 31 94 6 54 36 14 6 90 17 20 74 1 18 11 23 11 47 46 93 33 40 53 26 73 38 18 91 41 17 36 77 6 31 23 78 3 90 73 51 34 60 6 93 89 56 15 79 6 8 8 54 93 5 96 12 89 28 16 88 13 64 22 5 99 27 53 64 25 97 38 38 40 65 57 63 74 91 73 50 74 72 16 0 45 9 12 87 4 95 26 82 85 30 15 30 51 37 76 48 76 22 23 17 12 3 63 71 83 17 35 87 87 20 89 47 64 61 33 2 62 50 99 68 73 13 58 60 75 90 82 99 29 45 11 38 29 56 6 72 81 72 57 25 20 17 26 47 38 4 82 25 84 92 88 60 20 76 36 44 92 70 26 57 13 79 8 74 32 58 51 62 89 59 64 52 49 98 70 1 14 91 70 45 99 42 56 22 70 28 46 37 61 39 74 53 72 88 28 69 17 95 34 2 91 28 6 24 92 95 10 85 42 38 5 25 80 85 35 38 76 76 26 88 
43 47 66 18 95 47 92 94 75 26 40 91 25 8 49 60 91 51 41 17 38 98 67 57 10 58 16 90 49 50 32 33 88 80 12 95 89 36 47 70 43 83 3 47 22 41 83 45 50 86 88 22 81 57 93 52 10 60 25 98 11 31 22 76 12 11 35 68 78 79 29 62 35 72 21 83 10 16 96 88 86 2 14 82 94 31 53 62 26 11 54 41 36 50 77 45 93 51 13 93 76 61 95 56 52 8 80 77 77 32 41 10 78 11 9 42 91 44 54 56 28 98 20 56 79 90 44 76 6 49 24 82 53 20 31 70 8 45 89 18 39 3 73 3 63 41 56 92 68 32 82 15 93 52 77 31 16 64 22 45 0 29 87 52 87 68 25 92 62 41 36 67 65 95 72 69 46 35 39 81 4 41 77 66 32 54 91 17 64 56 16 87 1 54 69 90 43 7 88 40 31 62 20 83 73 94 45 71 34 28 66 67 61 15 4 49 93 97 73 55 61 89 90 25 33 90 9 34 59 17 3 30 4 68 45 11 52 3 37 60 95 53 62 98 80 13 10 32 48 60 4 31 13 87 97 47 76 62 13 93 93 96 84 95 33 48 26 96 82 14 97 38 53 22 71 46 46 55 45 92 53 78 37 29 12 36 82 20 47 11 74 66 78 74 42 67 81 88 35 47 
21 8 52 87 63 90 80 99 64 61 44 43 62 5 50 20 87 91 9 63 23 22 57 67 37 45 74 83 5 96 35 7 17 68 79 29 61 54 54 85 68 6 36 38 97 61 95 18 92 18 33 31 5 48 63 19 18 27 78 14 69 43 57 8 72 56 48 52 20 33 91 49 27 12 64 15 22 65 84 17 72 65 79 17 35 63 17 52 79 54 96 46 42 42 71 34 82 15 12 35 1 57 32 67 39 82 27 27 80 5 11 94 23 12 5 39 28 78 62 17 84 96 29 45 46 13 58 13 33 27 21 62 42 25 86 4 73 1 80 82 83 63 30 18 44 89 48 40 71 80 38 17 18 31 18 75 97 37 33 9 29 0 45 19 98 15 42 98 47 84 58 85 3 21 86 12 67 78 93 4 70 1 23 81 16 71 85 36 65 47 76 52 3 54 77 63 29 7 72 4 67 23 98 88 34 96 65 94 60 97 9 99 89 21 19 5 41 43 8 91 94 5 53 44 96 46 88 13 24 78 65 58 49 55 82 13 15 43 33 36 11 92 13 4 58 24 2 56 98 19 84 7 41 79 23 96 9 38 49 27 80 7 53 77 34 48 59 78 28 19 57 63 5 29 92 76 2 81 90 23 15 93 84 71 8 69 77 5 66 42 31 18 43 80 38 66 82 18 4 98 
49 86 32 62 27 22 27 48 73 84 71 45 88 93 38 51 19 19 67 74 76 27 51 92 60 26 42 88 57 52 66 72 70 70 15 93 67 43 63 62 64 76 22 36 71 38 44 1 14 59 73 39 96 6 6 64 89 3 4 4 17 68 49 71 57 47 5 2 58 73 31 16 1 78 20 91 95 45 20 76 74 14 41 17 75 97 91 80 59 18 39 23 2 22 13 25 58 23 8 16 98 26 47 52 41 30 44 73 11 18 15 67 90 94 88 81 90 82 12 59 14 39 35 43 80 76 53 22 77 53 37 21 50 63 42 54 96 30 92 61 86 68 84 68 54 86 38 40 97 68 55 97 89 50 64 78 91 27 60 12 87 45 0 69 63 64 17 81 31 71 61 41 12 37 93 36 18 32 18 59 60 36 68 53 80 27 79 14 42 34 93 73 6 26 75 20 89 62 51 36 56 77 4 74 21 98 15 19 51 51 26 76 5 62 14 70 32 96 56 53 96 87 9 50 91 10 74 62 77 95 87 12 40 98 24 78 88 1 85 92 61 40 45 52 9 3 25 83 48 63 11 41 5 58 38 53 55 35 40 77 2 94 91 67 69 84 57 94 98 92 99 1 90 5 84 11 46 58 9 73 33 84 66 24 64 67 63 72 48 90 93 40 44 22 62 8 86 47 36 80 
23 17 8 65 99 93 38 30 13 69 91 53 74 8 52 23 10 46 96 57 19 23 66 89 72 61 42 92 4 73 35 96 97 6 32 22 99 79 40 34 43 16 48 92 39 19 95 65 23 67 16 5 92 94 27 24 58 27 61 1 36 65 2 43 70 59 21 6 57 94 53 42 7 44 85 44 61 62 61 29 88 79 71 93 59 92 92 62 40 45 63 92 46 79 31 82 69 67 29 80 70 68 42 9 71 23 43 44 33 13 80 75 72 10 57 41 1 31 7 20 80 6 58 16 87 63 76 48 82 61 96 68 12 85 32 42 22 86 76 94 36 51 65 96 58 3 58 65 98 56 97 44 98 12 59 24 79 34 28 87 52 19 69 0 44 18 19 48 40 80 3 94 22 47 9 2 67 8 77 2 46 71 2 65 92 61 24 13 11 72 26 63 10 68 15 44 33 71 91 21 26 56 32 65 39 23 32 63 45 20 3 13 18 92 84 68 11 18 60 14 85 27 7 57 61 12 51 67 56 3 32 23 1 67 98 93 98 67 87 86 88 60 69 6 67 49 59 86 43 34 93 61 67 88 37 14 48 91 71 49 50 23 32 66 22 22 9 86 60 35 78 14 65 6 67 99 64 21 80 8 72 89 77 21 13 65 97 90 78 95 81 74 13 9 92 46 32 27 7 61 
14 30 14 8 48 85 25 96 35 90 24 89 21 19 22 3 30 45 73 54 7 91 89 79 46 9 52 1 74 12 75 44 90 42 33 2 28 39 94 93 68 6 49 92 21 61 37 87 49 46 20 68 57 9 12 58 16 45 69 27 60 6 22 55 18 18 13 99 83 48 73 36 58 67 5 73 87 51 70 12 37 49 21 98 61 70 72 70 98 57 25 13 22 63 45 71 59 20 70 86 44 16 89 71 45 18 27 20 98 63 81 54 53 17 94 69 44 73 53 58 15 30 26 45 41 78 21 32 26 87 80 68 11 7 28 85 93 2 34 70 97 21 88 44 62 72 68 58 58 4 97 85 21 28 57 17 23 30 8 4 87 98 63 44 0 9 17 74 74 38 42 99 97 78 19 42 59 53 83 60 61 89 65 19 5 40 39 4 49 58 79 84 49 4 42 7 70 3 61 56 41 14 27 93 54 92 56 86 40 82 64 65 6 27 43 26 5 98 35 17 28 10 87 20 11 13 33 64 73 7 99 3 82 22 42 29 48 55 95 6 62 13 22 44 85 80 46 40 75 71 24 1 69 33 26 18 53 55 62 34 44 71 22 25 87 96 26 87 66 92 46 24 68 11 12 56 18 72 41 65 93 35 29 15 53 72 77 50 52 70 20 63 24 59 1 33 21 45 57 42 
98 12 4 30 88 59 57 99 25 25 31 58 77 52 1 76 75 49 58 40 78 52 21 96 34 49 44 16 73 74 16 36 33 61 83 63 8 88 38 41 17 83 83 65 93 12 84 47 81 54 76 87 81 65 84 24 9 30 67 38 51 69 98 22 11 7 81 89 46 10 77 51 45 40 58 25 69 6 81 55 82 81 24 99 4 90 25 99 75 28 19 84 29 19 6 20 41 76 77 63 61 25 99 35 27 76 39 82 19 25 91 48 95 62 86 88 38 33 34 35 6 94 74 18 43 90 12 53 56 98 11 77 64 14 64 93 71 53 27 15 1 10 25 29 30 21 87 18 5 14 38 86 91 16 56 51 29 75 50 95 68 15 64 18 9 0 70 58 65 17 31 40 90 50 30 18 53 28 20 50 84 51 8 18 66 19 73 79 44 4 38 81 10 65 87 15 82 47 40 91 43 39 42 17 95 10 86 42 56 25 2 52 3 67 68 83 43 10 60 20 61 83 65 39 19 87 69 14 43 40 63 7 38 66 55 25 81 51 76 69 60 56 46 69 29 48 91 9 85 11 84 38 14 80 30 19 67 17 91 56 5 68 3 39 93 54 22 52 93 30 49 91 29 10 42 20 11 10 90 21 53 78 87 46 1 41 16 97 8 25 65 98 3 35 29 36 39 36 60 66 
54 62 29 56 36 65 41 81 84 58 74 81 73 73 32 76 31 21 25 19 72 59 1 57 92 26 65 72 72 43 92 46 95 86 99 54 86 24 2 83 94 79 98 83 32 86 36 26 97 32 57 41 32 2 78 25 11 35 5 80 31 62 10 11 74 11 70 26 66 91 34 34 53 12 62 4 15 49 45 20 31 28 70 38 10 37 68 54 39 57 41 78 67 28 3 62 49 26 95 90 3 66 80 99 71 30 85 72 98 9 84 4 44 22 70 3 6 2 59 29 51 16 48 58 9 76 71 67 34 86 61 86 9 97 78 50 14 98 24 80 92 87 48 99 35 79 60 74 9 19 24 28 75 19 16 38 79 82 16 26 25 42 17 19 17 70 0 38 9 73 6 60 65 78 30 10 25 18 59 14 24 30 20 52 10 49 88 45 59 80 18 73 10 31 95 14 73 79 61 66 70 98 20 55 43 19 76 4 4 49 75 40 44 61 71 2 62 15 38 73 49 37 12 55 7 84 80 93 78 76 67 17 36 55 38 50 12 38 27 90 49 27 32 98 29 78 19 54 30 28 12 66 87 40 6 89 50 70 64 12 46 23 41 3 78 66 69 19 43 94 1 49 74 45 72 88 8 40 28 20 5 52 36 80 58 91 61 67 58 33 79 63 55 74 48 22 72 92 87 75 
85 15 16 29 17 41 53 2 35 64 64 3 59 3 94 51 59 92 95 65 35 98 76 10 78 29 75 31 14 99 9 93 91 18 73 12 28 13 97 74 31 97 45 35 32 41 7 42 70 1 66 31 13 38 92 93 73 73 93 61 85 97 10 56 65 12 64 4 28 44 54 83 30 77 3 11 92 5 22 45 52 88 8 64 78 35 89 84 85 25 94 11 14 44 38 13 95 70 74 48 98 28 58 21 44 44 24 54 92 9 12 1 90 42 52 62 94 13 34 44 92 78 4 52 57 18 3 97 45 4 51 4 83 1 99 26 1 57 59 24 35 14 90 26 70 55 75 5 15 14 86 34 24 35 90 67 19 56 69 82 92 98 81 48 74 58 38 0 4 71 89 52 40 15 65 28 64 99 28 84 67 40 15 40 64 86 34 77 65 16 28 38 73 15 18 13 59 53 55 23 11 79 82 36 85 15 88 3 79 80 76 68 56 46 35 95 34 70 94 78 13 2 51 75 46 73 51 80 10 97 60 31 70 44 10 62 52 30 16 37 60 33 51 97 84 41 82 82 70 44 85 1 80 6 77 81 42 48 87 97 31 3 32 26 62 4 34 12 6 36 54 59 91 10 47 77 17 20 35 42 1 85 88 1 87 76 32 77 22 17 89 69 54 12 6 10 74 16 44 3 
11 31 30 44 88 79 39 76 23 13 91 65 56 83 19 42 40 17 34 79 41 71 15 12 34 46 48 82 76 79 18 29 79 39 45 21 9 5 37 45 45 89 63 48 63 21 87 53 16 92 9 14 10 14 66 60 50 63 86 57 38 23 52 84 2 38 87 35 92 85 92 7 81 4 56 47 6 3 59 98 54 35 63 15 9 33 56 35 54 20 52 70 50 15 84 50 24 45 31 72 79 50 10 9 83 58 99 37 14 27 29 26 73 6 5 56 74 64 18 30 60 68 6 28 12 5 7 68 56 58 26 87 58 17 48 68 23 47 83 82 21 24 94 93 70 50 45 64 96 96 26 31 20 3 98 48 14 95 14 85 62 47 31 40 74 65 9 4 0 97 56 50 76 28 93 58 18 27 59 64 86 28 10 45 34 74 24 24 73 3 77 61 27 82 8 3 13 17 44 58 75 30 32 93 22 59 6 28 77 5 59 27 67 26 88 43 73 49 41 28 40 99 80 61 37 42 2 67 35 96 6 88 77 78 74 39 44 57 43 80 1 74 76 86 12 81 76 26 6 93 96 59 98 29 94 36 21 57 20 1 96 50 27 2 90 48 20 85 55 11 17 67 7 54 54 86 43 50 46 56 66 35 27 12 54 48 13 52 18 98 93 75 51 40 54 31 55 88 29 68 
97 9 67 99 91 79 20 2 90 19 49 74 16 47 40 9 95 36 48 69 53 28 94 85 74 75 84 88 63 98 76 28 7 93 27 36 42 95 97 58 76 28 51 62 33 79 31 33 5 51 73 3 31 13 12 60 77 53 48 38 68 46 60 99 19 64 89 99 65 18 44 10 68 44 61 97 71 71 7 17 54 40 28 66 10 89 87 29 75 75 3 91 96 64 3 97 88 45 45 17 27 5 12 93 6 7 50 55 80 78 21 50 54 2 4 34 36 10 50 8 14 72 38 57 95 72 88 11 75 38 94 93 43 30 76 2 94 26 69 53 70 75 22 43 46 34 25 64 64 60 90 31 98 23 68 15 28 23 50 30 41 84 71 80 38 17 73 71 97 0 35 93 88 73 47 4 13 15 31 4 72 24 10 38 60 7 74 73 75 14 39 78 65 80 15 69 84 57 76 85 71 27 67 74 89 47 71 58 95 69 57 57 73 52 42 2 82 23 35 5 74 11 81 28 31 70 34 69 94 91 4 33 63 13 65 1 54 90 25 3 10 20 32 96 93 63 37 45 37 51 51 68 21 14 96 98 3 9 52 70 40 84 22 57 35 37 47 63 59 85 61 30 62 76 35 2 76 48 35 38 77 51 71 25 16 80 62 88 91 94 51 26 14 62 81 96 86 95 69 8 
56 41 62 56 79 63 45 53 41 27 45 96 83 19 45 48 26 30 95 59 25 4 27 60 98 54 30 53 43 83 61 16 43 2 30 29 28 1 89 97 80 39 29 81 68 3 11 81 77 25 70 93 79 59 96 96 88 76 13 50 78 42 40 83 33 53 54 56 43 72 56 56 82 88 45 80 49 72 19 19 42 57 62 46 40 20 40 39 66 46 20 28 32 62 19 2 64 84 17 5 5 75 90 53 96 32 8 85 33 75 78 45 20 36 13 75 55 82 81 80 66 77 74 22 63 7 62 74 82 73 11 68 38 68 75 91 29 76 29 57 68 87 25 86 15 37 89 91 52 74 22 71 80 68 18 9 30 56 60 15 36 58 61 3 42 31 6 89 56 35 0 3 16 74 20 72 36 31 65 74 22 53 32 42 19 62 35 5 74 6 3 80 60 92 83 44 32 58 6 73 15 2 70 79 82 56 47 56 8 13 17 97 21 25 19 18 6 85 10 29 57 96 84 75 22 80 43 52 96 61 81 75 96 34 37 4 96 45 14 51 91 95 85 15 71 50 38 21 92 49 12 46 68 12 40 10 82 25 57 82 93 17 99 86 44 80 36 53 87 68 49 70 66 10 76 25 66 13 81 80 79 79 31 17 1 39 97 42 48 9 11 40 22 73 59 85 22 67 1 46 
62 49 84 6 88 63 21 93 88 78 95 50 42 87 50 84 74 8 53 51 50 32 72 14 85 24 77 48 81 60 72 10 13 16 96 81 41 90 49 10 43 59 72 28 86 56 31 58 69 52 19 50 47 44 7 29 88 73 46 31 88 57 69 38 40 18 11 44 88 4 38 43 11 31 45 49 41 32 67 82 97 13 9 59 95 78 3 38 59 11 25 72 99 6 12 24 49 52 12 98 93 12 67 80 57 47 71 44 62 16 77 86 68 10 66 81 62 91 95 7 79 91 55 51 57 60 86 36 65 22 94 94 19 22 34 88 90 53 30 41 62 50 1 9 21 11 20 20 47 50 70 29 82 59 17 46 81 50 78 30 67 85 41 94 99 40 60 52 50 93 3 0 21 91 27 25 57 10 28 28 83 93 70 22 89 96 8 29 69 45 73 89 41 44 69 35 1 46 96 39 92 68 70 82 59 90 76 90 12 93 72 68 32 44 44 94 66 79 75 89 75 2 71 79 59 55 39 34 31 87 45 43 72 15 45 33 5 55 1 79 4 46 56 25 96 56 12 67 73 80 90 22 22 62 35 60 41 43 69 29 5 89 73 92 68 35 47 99 44 74 51 87 37 55 99 84 52 55 11 11 69 14 60 31 75 64 34 77 66 70 97 62 71 35 34 3 42 71 83 41 
57 31 97 51 58 48 64 65 76 26 17 32 64 30 45 28 74 29 92 54 7 11 91 49 39 19 54 54 32 67 25 95 33 50 33 15 83 43 20 2 79 7 87 1 79 92 56 65 86 97 47 3 29 67 64 90 64 96 47 11 69 93 97 22 32 63 50 20 86 55 44 72 91 94 14 37 97 29 64 45 57 85 29 88 10 94 53 70 85 26 16 39 16 88 94 1 89 60 81 46 20 20 31 77 29 25 76 76 53 64 39 70 95 95 75 22 81 81 20 32 52 23 94 61 4 46 47 48 60 15 16 41 98 19 56 98 47 89 79 85 12 40 78 97 72 80 2 17 38 63 26 79 77 98 80 80 26 18 82 51 65 3 12 22 97 90 65 40 76 88 16 21 0 71 37 22 52 31 33 20 63 34 6 32 49 69 25 3 10 51 25 40 35 68 19 54 92 16 70 42 79 78 88 24 73 27 29 79 89 57 26 89 80 24 24 90 61 94 71 55 54 61 41 91 56 92 12 61 60 62 11 28 1 59 61 56 52 87 3 43 29 48 48 84 90 7 57 46 13 65 31 13 11 85 48 24 23 66 93 74 3 12 26 75 5 76 92 97 30 90 13 90 76 92 68 45 23 2 20 39 10 82 78 55 65 79 55 40 15 97 87 74 49 34 64 63 2 78 90 4 
90 24 59 93 25 28 22 76 78 1 60 32 28 36 24 10 54 7 12 44 33 54 75 33 71 97 2 49 47 34 90 32 90 24 59 48 93 56 75 83 3 16 12 88 34 77 37 66 83 86 55 61 76 33 19 56 73 1 58 52 83 97 42 25 53 77 8 16 56 73 76 22 3 21 22 90 90 71 51 29 3 50 84 29 16 84 14 13 55 84 45 86 81 10 20 74 68 95 84 56 89 15 51 79 54 37 11 93 10 56 78 22 70 21 80 4 42 24 27 57 28 23 3 1 38 82 62 19 37 51 52 2 38 3 25 33 62 44 4 12 34 82 18 21 23 40 52 98 22 40 8 89 74 52 58 96 95 21 32 37 95 21 37 47 78 50 78 15 28 73 74 91 71 0 60 19 94 2 46 14 60 13 16 86 24 94 33 45 96 69 42 98 32 52 43 67 23 43 30 1 18 14 38 87 45 85 64 91 51 43 38 47 48 13 10 7 10 48 24 85 95 20 84 74 38 50 82 99 97 71 8 34 15 9 67 69 61 17 68 69 88 56 79 44 6 7 68 21 2 23 68 4 36 76 23 33 61 52 51 81 79 19 97 51 6 15 91 81 95 55 39 90 65 64 50 24 31 67 72 47 42 58 35 92 88 51 63 65 71 16 87 28 50 76 88 48 91 74 20 21 
22 67 83 64 56 72 66 79 39 23 91 42 97 12 37 71 76 30 37 48 67 44 27 46 86 81 90 63 71 7 34 54 72 41 11 15 21 95 33 85 77 67 41 70 70 75 56 16 86 72 15 85 97 16 10 94 55 52 66 53 34 51 81 59 58 68 82 18 28 2 92 75 70 44 43 13 6 96 66 95 90 30 55 75 48 98 47 61 8 65 52 8 76 63 96 6 57 96 22 81 65 87 62 83 50 4 83 21 22 91 64 69 1 44 90 18 79 21 21 67 61 37 69 40 13 69 12 3 6 85 34 58 94 80 71 10 79 61 65 32 66 17 91 23 37 27 29 10 12 92 3 9 42 53 15 67 17 33 67 76 72 86 93 9 19 30 30 65 93 47 20 27 37 60 0 95 61 46 92 12 2 27 39 38 40 10 85 98 65 12 1 91 56 40 26 8 29 18 37 6 35 26 78 10 78 38 22 99 7 19 17 23 71 4 44 3 50 6 35 3 63 11 93 79 18 12 57 86 22 80 7 13 10 63 49 68 48 68 83 59 19 89 13 90 1 45 71 79 16 8 34 57 25 2 85 99 58 16 52 74 40 80 41 55 56 34 14 59 43 84 74 86 87 12 68 16 88 7 37 77 22 74 53 73 80 77 46 20 81 15 99 11 5 27 48 89 77 68 9 5 
97 93 35 53 50 43 69 63 76 15 45 40 83 53 82 19 78 98 7 51 13 25 6 20 37 19 71 12 30 39 65 71 75 36 28 90 91 42 84 84 39 11 90 69 18 90 62 65 75 32 72 22 93 70 93 93 58 40 29 47 2 66 1 95 52 87 33 80 1 33 33 14 38 93 18 35 75 80 37 95 24 5 99 39 72 50 98 50 66 12 68 6 81 89 1 18 98 61 73 22 10 12 27 24 79 54 48 28 53 53 67 97 99 5 11 13 17 87 99 71 62 4 74 69 79 60 52 1 35 53 33 35 50 94 1 70 62 24 5 12 80 75 25 22 44 26 45 36 5 84 84 97 21 67 36 87 76 46 87 48 69 12 36 2 42 18 10 28 58 4 72 25 22 19 95 0 78 43 16 57 42 31 10 36 81 86 36 88 90 78 80 88 67 17 70 66 57 45 86 35 41 37 87 1 22 91 96 71 70 2 1 89 76 26 41 64 50 95 31 70 42 94 75 88 39 88 52 52 3 96 29 27 33 70 87 38 10 96 64 22 4 62 57 64 52 88 69 42 1 59 80 18 6 92 34 33 88 81 59 73 48 88 40 65 96 44 13 75 22 34 44 52 24 55 29 77 56 51 61 54 70 73 14 63 86 71 94 61 96 76 42 82 44 75 74 70 64 46 12 21 
84 65 31 35 53 15 93 77 22 75 86 15 90 77 90 79 61 97 61 48 59 23 99 84 95 95 36 11 18 11 80 22 91 75 84 58 27 76 1 24 83 91 53 42 85 83 20 96 32 16 59 77 49 54 35 19 45 61 13 53 62 32 99 19 85 89 93 79 93 80 35 25 38 23 28 5 6 50 10 11 73 10 23 4 37 41 40 9 64 75 76 59 50 42 89 10 73 8 45 81 9 19 78 82 95 73 7 87 79 89 97 44 36 14 49 71 92 25 58 76 12 62 92 54 79 35 99 93 46 10 17 73 35 9 95 54 38 41 1 73 83 96 39 44 60 30 87 15 51 50 52 86 22 54 99 78 24 34 97 76 46 67 18 67 59 53 25 64 18 13 36 57 52 94 61 78 0 50 91 28 11 25 66 73 90 67 36 83 16 68 64 53 25 76 82 53 55 98 85 63 56 41 56 46 50 44 92 10 62 79 53 64 8 44 16 90 43 82 66 97 74 29 97 78 86 61 61 52 30 32 9 78 55 66 55 59 93 82 22 14 24 95 1 37 69 60 28 14 98 46 88 59 27 35 63 72 80 73 49 98 29 5 31 58 47 23 28 75 59 67 71 75 35 6 16 47 22 14 37 8 66 72 17 24 71 83 63 96 41 17 97 35 89 93 83 52 47 78 18 60 
26 13 58 99 25 94 19 49 16 40 49 3 72 38 70 70 27 95 30 88 87 88 76 34 13 24 4 54 48 17 48 67 99 41 46 78 93 92 20 52 20 92 41 30 78 37 51 59 51 69 43 40 47 31 36 95 46 25 34 26 26 7 35 34 84 11 26 98 2 34 6 7 44 49 5 42 16 50 78 93 39 88 23 49 79 21 68 7 23 86 12 15 98 36 82 90 52 90 45 41 18 87 76 48 39 74 64 66 57 19 27 95 6 21 94 8 60 39 51 68 48 2 80 91 23 37 93 66 4 30 41 52 32 37 62 52 84 27 39 67 86 81 29 90 76 66 32 88 74 10 93 35 29 83 67 44 93 91 47 22 35 78 32 8 53 28 18 99 27 15 31 10 31 2 46 43 50 0 1 77 68 97 37 38 59 12 73 17 11 51 29 17 2 16 84 75 29 80 43 18 81 40 18 70 37 88 9 72 18 61 22 15 1 59 87 90 68 82 44 28 34 63 48 49 81 48 77 17 3 48 53 87 49 44 95 2 86 33 35 36 29 38 30 14 37 1 44 43 43 60 74 42 17 81 39 57 5 71 57 41 41 72 91 62 48 77 77 82 52 83 69 6 17 47 35 56 10 66 55 90 24 49 4 50 71 39 6 52 1 4 12 12 18 74 74 39 43 41 42 17 
15 18 97 84 16 52 69 37 56 76 18 48 74 79 75 62 7 3 50 95 33 16 68 84 43 92 4 51 38 33 90 61 79 36 3 24 83 18 55 65 36 21 40 42 75 78 93 4 10 38 62 25 94 39 40 75 63 96 66 59 43 16 74 84 98 41 91 49 37 19 48 87 87 60 19 73 54 10 16 76 42 37 66 96 56 48 8 81 18 99 55 91 52 30 39 10 73 19 29 26 60 83 6 48 18 77 50 11 34 4 81 91 44 77 86 30 22 68 95 44 18 15 65 20 86 70 43 97 75 63 34 39 50 23 65 15 33 79 22 77 49 60 26 55 74 53 70 62 13 26 95 26 91 57 49 16 16 97 51 23 39 93 18 77 83 20 59 28 59 31 65 28 33 46 92 16 91 1 0 83 41 67 90 23 78 55 46 69 32 48 40 82 51 12 6 40 30 49 20 95 26 70 64 24 90 15 35 42 89 19 27 71 13 72 7 35 93 52 37 74 89 18 86 96 72 36 19 96 60 24 14 79 50 42 94 76 52 84 58 10 89 50 96 98 68 74 41 7 63 66 21 27 43 99 34 65 38 65 12 59 30 84 52 41 24 36 46 37 76 88 21 39 8 44 2 19 84 52 18 27 50 76 49 20 79 51 41 82 86 6 9 26 44 52 51 46 50 5 42 98 
14 34 50 78 68 19 17 50 69 20 52 36 97 70 86 84 85 89 56 55 49 76 16 47 69 37 7 71 13 14 34 38 36 50 54 79 56 1 92 39 13 25 88 63 46 13 46 85 32 32 51 44 74 28 70 31 68 81 21 35 37 91 21 6 80 48 67 32 26 58 21 31 12 21 94 85 66 57 79 46 13 28 76 25 50 14 50 66 54 78 17 23 36 83 93 72 79 66 93 19 65 89 84 28 38 43 33 91 26 2 42 64 65 27 55 85 95 29 7 16 36 33 27 6 94 37 34 45 28 15 65 80 47 73 95 79 16 33 3 42 49 68 68 44 44 54 80 6 58 52 94 45 14 73 33 16 82 4 57 17 81 4 59 2 60 50 14 84 64 4 74 28 20 14 12 57 28 77 83 0 39 79 16 57 54 6 62 98 74 64 51 3 57 93 33 92 44 5 80 77 91 78 88 91 82 42 82 88 77 2 42 12 28 3 71 44 76 99 17 50 17 28 44 17 73 13 22 48 78 66 88 90 5 26 72 7 41 68 16 41 71 7 5 53 13 48 79 61 30 50 23 69 56 89 69 72 23 14 68 81 29 25 86 83 49 61 63 73 7 33 85 50 59 64 16 10 55 54 81 52 59 69 31 90 37 93 37 70 87 2 77 59 82 34 80 9 86 83 8 85 
85 11 47 38 74 79 79 15 83 10 49 51 61 25 69 36 68 91 7 75 46 68 78 55 26 16 7 53 62 86 68 98 2 29 45 68 21 46 73 37 96 80 74 37 7 26 76 85 64 2 6 21 76 18 35 98 17 35 2 83 57 25 25 39 42 86 23 62 98 82 50 82 87 67 63 33 97 23 5 76 57 45 56 44 82 10 74 52 93 15 29 81 2 65 72 92 60 8 23 71 14 51 67 83 3 30 37 1 80 59 85 58 29 57 22 11 31 46 78 4 94 74 42 53 58 12 94 3 63 60 86 37 98 33 59 53 32 21 98 81 74 40 68 42 69 68 53 16 40 68 2 62 79 46 73 43 60 10 80 12 4 70 60 46 61 84 24 67 86 72 22 83 63 60 2 42 11 68 41 39 0 99 52 48 89 51 29 33 21 36 45 31 40 99 47 31 42 64 16 24 37 41 93 88 10 82 32 85 87 57 39 70 83 26 25 97 63 37 61 32 15 67 19 84 45 2 47 1 87 6 2 35 63 10 4 2 23 42 5 47 24 29 34 75 41 16 25 69 99 72 68 93 55 64 71 11 32 21 45 66 30 40 31 77 13 60 20 81 12 90 10 21 81 83 10 65 3 18 59 93 20 97 97 30 38 5 19 78 35 5 21 34 59 80 62 77 84 4 54 78 
44 29 84 90 47 11 60 74 69 72 7 33 90 70 62 36 78 61 41 66 56 24 25 73 89 15 88 64 61 39 53 58 30 87 78 79 21 97 29 21 9 77 56 59 30 93 57 53 57 2 68 84 96 97 38 2 39 37 18 2 47 9 32 22 60 85 99 77 79 28 30 70 69 28 98 52 24 34 20 23 95 82 30 93 69 50 21 11 84 2 26 79 17 98 70 70 67 24 51 66 18 65 5 56 42 33 81 84 31 62 16 7 78 37 12 25 27 21 20 13 53 96 57 77 27 84 7 40 85 63 15 38 76 81 18 17 74 21 23 51 35 93 97 42 61 54 81 94 7 69 24 51 75 30 36 9 97 47 57 3 41 1 36 71 89 51 30 40 28 24 53 93 34 13 27 31 25 97 67 79 99 0 39 78 76 86 75 28 41 28 27 24 46 51 89 59 4 90 56 9 91 25 67 6 24 38 61 69 21 41 67 68 93 78 73 61 20 62 95 79 46 23 67 51 5 25 37 69 58 20 77 74 90 90 81 67 63 98 13 48 16 5 69 80 29 98 18 12 9 38 39 61 98 67 58 72 71 91 87 38 91 71 46 25 3 28 45 71 17 92 86 90 16 14 57 17 82 60 22 45 69 77 8 69 42 80 47 41 62 35 76 80 38 47 52 92 64 57 55 3 
7 76 42 55 21 36 57 22 12 54 77 33 80 30 44 57 34 70 64 4 33 55 27 66 95 66 36 50 33 16 94 72 92 31 98 29 19 54 50 10 10 82 24 53 49 64 32 55 28 64 64 38 77 43 12 5 53 56 10 28 68 82 89 7 81 38 69 1 3 37 79 31 30 57 81 79 82 59 87 19 63 21 8 64 80 1 46 66 99 61 9 73 9 13 8 87 8 80 76 86 93 37 6 8 36 38 60 15 97 77 39 48 51 63 43 9 41 52 85 22 22 57 4 62 4 62 50 7 56 64 63 62 11 93 76 22 73 23 94 86 26 61 9 76 23 32 82 63 28 82 18 13 27 93 34 12 40 87 61 63 77 23 68 2 65 8 20 15 10 10 32 70 6 16 39 10 66 37 90 16 52 39 0 26 63 30 93 51 88 55 52 44 9 83 13 95 86 30 70 69 31 34 33 63 85 6 42 24 88 17 89 18 55 65 89 87 74 18 74 85 17 72 47 30 49 54 92 27 5 80 43 13 22 2 26 6 82 35 30 74 26 14 19 52 45 96 88 27 86 52 13 57 87 24 49 64 73 48 21 27 41 72 58 40 94 18 66 16 73 94 64 74 3 37 92 5 94 87 25 63 40 73 42 13 87 68 15 95 63 20 90 46 49 82 90 85 24 61 18 11 
78 6 21 5 67 50 45 33 37 67 67 42 89 78 47 54 92 1 8 45 27 59 57 72 41 78 61 18 58 91 54 92 32 40 32 65 44 15 36 83 99 89 66 94 61 5 94 54 40 17 74 64 19 79 63 93 19 32 23 96 13 54 60 31 42 14 63 65 79 59 67 88 32 97 78 7 70 53 55 55 50 26 10 7 97 66 73 64 30 12 73 66 96 68 15 44 43 52 94 69 64 28 50 91 28 64 16 2 29 33 51 46 69 81 11 92 61 47 78 35 41 96 67 88 48 59 31 50 72 70 90 97 33 65 34 53 91 26 48 9 22 4 86 42 80 49 73 5 35 86 91 18 38 21 16 78 6 66 3 71 66 81 53 65 19 18 52 40 45 38 42 22 32 86 38 36 73 38 23 57 48 78 26 0 42 43 58 51 31 67 2 93 30 36 9 54 19 31 66 19 65 11 37 50 45 25 76 58 57 27 92 45 8 57 59 5 54 12 78 85 35 90 29 17 63 28 32 23 35 40 16 43 75 50 25 10 31 59 4 31 97 6 52 72 35 86 65 62 12 5 94 45 54 35 53 46 45 39 86 57 93 42 17 44 98 71 11 87 30 38 2 87 36 73 6 48 46 19 76 39 67 4 63 96 1 73 90 49 36 70 1 98 87 64 95 43 29 18 89 31 
57 82 41 44 95 94 36 72 58 28 87 43 23 25 54 23 52 87 76 12 16 67 79 57 82 31 30 45 33 2 79 58 42 16 80 85 43 17 78 44 7 13 40 77 20 95 60 82 99 66 39 14 81 27 71 68 76 67 34 26 71 27 65 52 58 28 60 84 61 40 9 69 68 80 56 42 22 33 58 6 46 88 79 62 61 30 95 7 73 10 49 16 46 75 42 50 81 70 24 2 34 88 94 87 45 36 29 4 81 54 49 42 21 20 75 99 48 51 24 24 87 26 45 63 39 79 33 67 77 22 54 88 80 25 35 87 77 49 56 61 6 73 79 11 56 11 8 77 13 90 45 76 30 76 22 11 13 59 80 83 32 16 80 92 5 66 10 64 34 60 19 89 49 24 40 81 90 59 78 54 89 76 63 42 0 28 72 3 17 45 10 91 46 6 28 96 39 98 72 78 6 16 28 83 82 49 83 91 86 29 45 47 89 97 84 68 60 27 1 45 39 60 85 45 41 16 60 3 92 15 56 97 11 79 24 52 90 92 47 20 35 60 47 2 23 83 70 11 85 23 51 14 56 93 60 12 58 55 38 40 16 19 39 41 35 51 11 39 87 4 28 26 49 27 45 84 93 35 25 50 5 42 84 73 7 97 24 70 11 64 32 31 87 84 89 80 48 96 51 34 
60 6 51 12 13 80 40 1 28 89 36 96 35 43 75 14 37 15 27 53 60 16 2 34 87 54 77 29 86 48 68 96 42 89 17 44 91 97 3 69 57 74 31 41 10 55 76 91 71 85 57 61 77 40 86 55 58 81 98 59 33 7 13 70 31 45 15 54 80 64 5 93 84 72 10 80 80 86 98 26 32 77 80 45 17 6 85 34 18 46 9 86 52 51 22 76 55 28 69 99 72 12 73 64 65 56 70 13 91 77 67 12 81 78 25 71 69 81 79 11 37 29 60 11 36 48 72 1 13 43 75 18 91 61 82 27 39 51 14 3 6 74 45 49 71 67 53 14 99 77 92 22 78 7 92 97 76 72 88 17 54 71 27 61 40 19 49 86 74 7 62 96 69 94 10 86 67 12 55 6 51 86 30 43 28 0 58 16 59 78 49 34 17 56 2 44 57 93 64 28 95 38 65 95 9 92 23 61 81 6 32 24 98 48 21 82 2 24 56 28 22 8 87 9 18 20 55 10 65 53 3 96 58 75 72 46 2 87 91 49 77 98 10 47 92 79 98 52 53 30 11 81 47 56 81 75 87 24 40 23 56 66 19 5 95 59 7 19 37 92 73 7 42 14 88 75 5 59 45 20 8 69 48 72 51 90 26 24 19 25 53 50 60 45 63 52 11 7 40 13 
16 43 5 30 26 90 62 47 80 3 45 17 56 11 13 49 34 69 56 57 57 92 22 54 58 61 76 96 23 96 98 91 4 40 32 50 11 83 63 20 63 54 59 27 97 7 31 55 62 79 24 28 76 16 34 61 83 57 19 22 56 44 63 27 8 95 76 79 64 2 49 82 22 95 7 76 64 30 12 48 53 50 74 73 53 35 49 31 69 43 24 30 24 10 41 53 88 6 19 47 62 7 67 21 18 70 76 53 60 94 87 25 5 22 4 55 31 1 54 30 71 75 94 37 67 92 22 4 15 52 75 12 15 3 33 16 40 5 44 46 12 99 60 78 32 98 91 5 13 74 60 58 10 79 76 84 82 75 72 35 91 85 79 24 39 73 88 34 24 74 35 8 25 33 85 36 36 73 46 62 29 75 93 58 72 58 0 68 92 88 98 48 23 16 24 9 70 78 27 30 81 31 97 91 51 54 78 75 62 90 89 67 68 47 56 26 75 38 30 55 8 46 48 75 38 44 5 21 83 38 39 44 92 1 56 20 27 60 88 25 42 5 3 85 94 87 86 74 20 45 90 74 75 99 36 58 62 5 31 57 9 43 3 48 37 28 46 99 48 76 65 52 84 89 79 40 59 85 39 82 62 42 83 73 29 5 31 63 30 61 21 21 46 36 32 99 57 36 88 32 
25 87 10 77 1 5 33 25 2 72 79 84 8 66 36 22 84 74 32 41 31 27 79 60 57 68 42 89 10 63 58 21 66 34 51 77 19 59 73 58 9 21 84 75 55 34 90 89 90 55 48 26 48 83 33 6 6 24 17 79 7 66 28 8 3 20 10 5 16 1 4 33 61 75 71 24 90 58 81 49 89 90 6 87 56 77 46 34 55 79 57 4 14 78 67 43 58 78 97 61 58 99 74 69 31 65 80 51 43 57 94 26 29 26 31 63 34 77 57 76 43 28 11 97 12 21 11 45 71 24 70 35 3 24 65 85 32 11 56 53 44 38 83 95 92 78 3 14 85 5 33 71 40 13 60 91 73 40 48 87 17 36 14 13 4 79 45 77 24 73 5 29 3 45 98 88 83 17 69 98 33 28 51 51 3 16 68 0 6 49 6 70 46 98 16 87 1 57 96 98 74 12 80 61 27 84 20 38 24 14 38 92 94 71 85 8 93 90 16 86 97 60 63 54 6 77 28 30 28 75 14 19 59 76 79 73 63 95 21 87 79 10 10 92 42 77 32 38 78 76 99 38 93 71 13 78 1 18 27 68 75 57 63 72 49 15 83 27 7 43 4 32 62 40 72 52 53 2 62 69 55 98 21 56 22 6 37 49 2 73 82 69 70 23 81 58 97 63 3 30 
10 53 1 90 98 6 68 81 13 86 99 29 38 86 18 8 41 16 83 15 67 25 1 74 82 85 8 50 44 69 81 95 63 81 90 55 51 93 70 86 19 35 14 63 63 12 81 50 78 69 81 1 64 75 24 68 65 21 91 51 3 30 94 90 99 70 12 62 89 88 33 90 41 39 77 57 43 79 36 80 81 3 14 98 74 55 96 9 61 83 54 2 35 73 38 41 77 4 29 10 24 63 27 63 72 3 33 44 70 29 19 87 28 43 60 46 81 94 40 67 21 33 13 20 30 50 12 57 58 57 19 42 48 97 51 81 33 46 23 25 54 62 6 96 14 51 90 76 75 76 71 1 55 83 33 14 12 99 7 87 64 65 42 11 49 44 59 65 73 75 74 69 10 96 65 90 16 11 32 74 21 41 88 31 17 59 92 6 0 32 35 6 51 61 42 16 61 38 78 32 72 29 70 85 65 41 38 2 10 63 35 10 62 54 90 44 18 12 85 96 10 30 86 87 88 1 23 22 95 14 61 33 73 18 90 54 8 46 34 77 82 39 53 47 8 49 8 9 67 88 27 75 63 15 70 11 75 66 5 81 28 38 80 66 10 37 9 24 68 32 59 47 53 6 45 9 12 79 51 55 25 75 21 57 21 80 72 10 64 54 65 22 75 53 46 43 16 57 84 8 
67 58 91 33 99 87 54 38 2 20 1 32 99 54 12 7 14 87 96 39 28 6 91 69 54 96 42 43 70 36 54 6 70 23 8 24 86 95 8 30 95 4 81 12 27 43 42 11 54 20 67 99 56 48 43 51 11 57 17 29 19 55 7 85 62 51 8 76 95 3 52 33 94 87 96 12 69 86 55 62 56 72 87 47 79 83 45 17 78 5 96 72 69 4 62 98 63 12 32 25 81 46 14 93 52 76 92 35 28 71 81 46 54 94 22 34 77 71 13 80 20 33 62 83 67 30 49 88 92 55 49 89 48 95 36 98 12 8 23 31 1 64 68 83 50 79 68 55 99 45 17 89 71 4 55 40 47 32 39 20 56 47 34 72 58 4 80 16 3 14 6 45 51 69 12 78 68 51 48 64 36 28 55 67 45 78 88 49 32 0 99 84 67 14 12 74 99 66 88 53 3 39 7 72 4 92 41 70 17 88 16 5 69 63 46 44 27 89 76 92 93 94 26 78 68 24 5 79 66 38 81 44 27 39 35 11 70 20 14 8 4 48 29 43 25 83 79 82 26 19 75 88 84 91 85 26 72 55 62 50 38 6 55 40 99 97 63 52 81 20 57 51 77 12 86 59 46 60 30 84 28 60 90 9 52 62 41 92 98 51 14 92 40 49 2 88 72 43 57 32 
72 57 22 51 78 30 63 17 9 15 39 92 1 21 5 78 65 90 55 98 94 27 61 50 3 85 32 38 98 2 28 2 7 65 60 4 2 47 2 35 4 62 13 85 74 12 78 60 75 77 49 39 68 76 63 32 96 60 95 60 94 22 87 26 13 93 90 28 63 97 13 6 5 63 98 18 48 95 41 36 72 11 29 12 82 14 87 64 13 86 18 2 44 6 12 37 70 97 10 79 9 43 10 84 88 39 40 60 34 26 93 99 96 95 53 42 54 29 83 7 19 81 82 13 82 54 55 46 52 23 87 38 13 55 83 33 25 6 52 2 60 71 90 52 5 82 52 47 84 79 95 85 49 31 68 99 25 17 79 89 16 76 93 26 79 38 18 28 77 39 3 73 25 42 1 80 64 29 40 51 45 27 52 2 10 49 98 6 35 99 0 29 20 51 80 78 65 74 45 31 15 29 6 8 53 24 43 80 54 71 88 3 11 48 7 13 5 54 13 48 49 53 34 10 10 16 72 30 38 84 65 82 96 79 67 76 34 44 78 65 47 98 3 29 70 50 66 42 27 16 65 92 22 67 96 37 91 87 58 79 82 93 26 76 63 15 39 76 23 99 99 45 51 41 21 78 52 77 9 35 18 5 98 80 35 10 76 35 68 62 63 35 44 61 94 76 98 63 16 4 
54 79 75 52 12 54 76 53 90 14 19 12 76 14 88 29 52 45 78 14 21 45 75 36 13 86 34 23 39 85 99 27 69 87 51 79 39 23 14 31 69 73 63 42 81 55 4 99 79 6 23 60 96 6 83 21 70 28 5 19 12 3 1 67 77 84 66 88 87 73 11 84 51 22 9 32 40 4 24 39 64 76 87 71 96 93 48 39 45 48 70 99 88 67 75 80 29 39 91 73 91 30 14 67 23 5 6 88 61 15 55 85 33 78 38 22 65 23 15 13 77 38 41 27 25 16 98 26 46 91 9 26 29 94 68 59 73 46 87 78 20 28 14 88 32 62 46 8 11 42 95 79 41 86 11 50 3 22 98 47 87 52 73 63 84 81 73 38 61 78 80 89 40 98 91 88 53 17 82 3 31 24 44 93 91 34 48 70 6 84 29 0 29 17 40 86 76 12 36 47 10 72 66 79 57 4 72 11 65 39 77 73 96 35 90 14 3 58 39 82 76 2 44 4 30 18 2 22 31 66 59 84 59 49 71 99 99 53 81 72 6 41 34 99 69 84 83 91 38 96 11 57 68 37 4 86 62 57 64 43 31 21 11 89 83 53 61 7 94 51 84 51 9 57 55 36 86 50 89 85 73 12 93 73 33 45 85 95 20 29 69 30 65 57 4 53 90 9 17 14 
70 88 22 43 91 81 9 69 64 98 82 39 74 27 27 44 74 68 77 47 49 94 53 69 6 64 15 88 5 76 47 8 7 77 15 74 9 8 90 14 8 62 8 1 44 93 28 5 69 14 32 82 1 58 80 39 57 28 52 19 98 38 4 46 75 42 3 25 69 18 86 66 49 57 40 42 46 17 55 86 79 19 7 57 90 14 83 8 17 55 84 79 77 63 90 65 7 17 41 84 64 95 19 63 40 9 3 70 66 56 13 51 24 7 86 68 4 34 89 1 68 46 59 18 11 87 1 52 94 39 69 16 72 81 76 63 33 79 44 62 5 30 74 44 29 38 50 15 60 11 84 44 84 90 66 42 99 1 90 64 1 3 6 10 49 10 10 73 27 65 60 41 35 32 56 67 25 2 51 57 40 46 9 30 46 17 23 46 51 67 20 29 0 84 55 81 58 24 9 69 79 90 53 38 50 1 95 83 54 95 50 79 17 56 57 37 49 81 5 12 9 99 33 46 29 39 16 45 91 19 66 69 88 76 27 92 60 41 10 3 61 82 3 70 8 77 9 41 52 79 82 27 18 45 59 38 92 14 41 55 71 43 11 87 69 15 32 76 78 73 82 25 94 67 1 11 55 90 60 29 11 86 54 44 54 66 38 69 85 99 8 97 96 62 98 48 73 80 20 2 
37 82 34 24 25 73 35 93 91 83 37 88 64 7 66 85 7 16 7 62 39 81 88 72 29 69 89 86 38 38 54 62 46 7 90 85 17 37 33 33 58 60 38 62 9 45 7 58 68 39 66 85 3 59 79 10 32 90 61 11 69 17 29 13 11 60 70 96 24 64 48 60 79 99 46 3 9 77 51 93 67 41 96 61 85 34 20 74 49 85 3 49 35 91 42 33 21 29 92 19 86 99 1 42 98 16 88 83 22 79 91 80 54 76 32 46 1 4 52 81 64 12 27 61 40 94 10 93 96 55 36 96 70 36 91 29 82 36 92 97 69 33 99 55 74 65 78 2 30 65 62 1 92 60 6 12 53 75 39 61 54 54 26 68 4 65 31 15 82 80 92 44 68 52 40 17 76 16 12 93 99 51 83 36 6 56 16 98 61 14 51 17 84 0 66 31 89 17 22 98 73 31 27 93 31 65 3 3 39 14 30 91 13 1 6 51 4 96 10 13 93 28 86 42 94 79 35 22 35 95 53 98 5 98 2 32 91 25 85 23 37 63 81 14 60 84 84 49 96 42 60 22 8 78 95 43 85 3 9 69 41 77 8 47 39 70 40 68 58 61 82 77 14 98 1 78 95 8 78 87 36 41 80 83 73 41 85 55 5 46 59 14 3 53 1 54 24 45 44 98 
22 11 39 90 55 30 34 91 16 23 49 17 58 32 17 71 57 51 96 6 23 82 44 52 22 69 91 20 74 57 56 4 50 11 58 55 42 55 49 56 11 45 26 70 66 59 10 18 46 24 5 74 20 3 14 42 33 81 88 86 19 88 75 25 57 26 18 60 90 77 66 24 29 83 51 59 25 91 4 82 21 9 82 2 81 87 70 52 47 34 37 30 29 56 86 74 68 99 70 10 32 91 13 86 33 4 37 14 55 7 16 35 75 45 13 33 23 33 89 66 59 76 79 16 46 51 24 90 89 11 84 91 81 68 39 71 92 2 56 4 25 57 67 86 20 4 82 83 24 65 22 30 57 88 79 90 91 27 45 33 69 77 75 15 42 87 95 18 8 15 83 69 19 43 26 70 82 84 6 33 47 89 13 9 28 2 24 16 42 12 80 40 55 66 0 89 86 78 69 39 37 80 23 75 26 73 72 6 94 19 29 9 85 58 3 50 90 24 52 48 15 14 32 69 57 49 82 69 51 16 86 80 83 4 4 79 46 83 98 15 78 25 95 71 11 28 59 18 28 18 11 71 86 60 90 60 74 16 63 36 40 35 53 2 24 98 80 79 91 39 79 52 74 58 36 47 68 63 97 76 5 35 47 59 94 39 24 21 53 24 77 21 33 29 71 34 83 70 31 43 
41 73 38 44 48 39 93 8 86 62 4 57 65 84 76 98 22 35 91 62 65 68 64 97 47 22 68 5 6 62 70 30 41 80 44 79 46 96 77 91 25 36 84 7 85 21 67 52 14 76 50 7 85 21 35 71 37 35 75 59 68 69 68 62 20 78 43 3 20 75 40 81 81 62 4 12 81 13 34 35 91 92 51 5 24 14 25 80 17 61 70 13 37 89 22 8 25 72 85 47 75 1 92 9 52 30 2 45 83 63 59 88 12 23 66 85 38 79 29 92 36 90 99 93 15 67 21 61 66 76 42 96 80 12 63 42 44 21 62 40 86 7 12 90 20 65 33 87 77 42 19 79 22 35 57 92 36 72 43 2 90 63 20 44 7 15 14 13 3 69 44 35 54 67 8 66 53 75 40 92 31 59 95 54 96 44 9 87 16 74 78 86 81 31 89 0 14 6 16 44 36 83 53 64 21 5 46 72 24 86 83 21 41 99 8 80 37 64 42 41 84 49 8 15 78 30 3 60 16 89 12 1 34 4 52 87 73 29 72 31 66 80 54 59 7 65 6 84 60 25 28 35 49 68 79 2 70 80 57 55 59 29 69 60 77 2 28 55 28 15 80 36 30 27 21 40 65 87 9 6 62 71 90 91 80 77 97 37 49 1 74 37 87 34 98 9 16 38 82 73 
78 49 44 89 78 79 26 61 81 82 52 10 40 50 26 29 60 53 79 15 62 58 29 7 90 27 11 40 34 27 20 22 52 29 43 30 79 25 25 41 42 80 75 31 83 51 68 14 60 22 54 81 8 13 18 3 49 59 13 78 20 85 11 95 34 20 17 84 54 1 51 27 29 83 93 75 29 58 39 66 67 76 94 22 45 70 3 17 5 35 57 64 16 41 11 90 42 28 92 6 18 17 24 30 39 87 67 45 7 51 68 59 83 91 55 91 66 90 18 16 85 34 21 39 35 25 56 66 52 15 85 45 21 53 12 70 61 39 28 81 87 85 23 91 50 69 58 9 84 55 48 93 6 77 6 56 46 44 93 62 43 29 89 33 70 82 73 59 13 84 32 1 92 23 29 57 55 29 30 44 42 4 86 19 39 57 70 1 61 99 65 76 58 89 86 14 0 39 29 69 53 19 63 45 95 49 61 29 57 12 79 85 64 28 19 84 31 55 36 4 20 48 34 88 62 96 36 54 28 7 63 60 17 21 29 9 59 92 4 4 2 4 79 55 91 7 97 95 75 4 80 36 74 45 34 53 4 57 82 59 98 70 95 90 17 82 50 43 36 73 67 16 7 59 15 27 38 61 9 34 31 29 90 32 22 60 76 32 15 23 98 61 27 60 59 75 15 99 52 42 
92 20 34 96 41 55 68 10 85 12 49 65 15 66 64 74 31 15 58 78 85 66 59 85 94 44 77 24 75 14 73 89 89 47 95 49 68 92 5 66 57 64 76 55 46 35 83 2 57 24 40 67 78 97 12 38 90 75 21 6 93 97 3 27 43 3 95 47 43 40 31 38 51 22 66 38 26 52 88 47 91 19 1 97 23 30 48 40 21 26 52 61 97 93 94 31 58 93 41 77 53 67 98 61 32 40 7 11 55 90 53 83 26 19 48 93 31 16 25 86 37 40 13 36 92 19 72 24 38 32 36 71 20 44 19 40 16 83 84 36 13 39 45 7 48 95 29 97 94 9 35 54 24 57 82 16 22 88 67 50 7 7 62 71 3 47 79 53 17 57 58 46 16 43 18 45 98 80 49 5 64 90 30 31 98 93 78 57 38 66 74 12 24 17 78 6 39 0 67 70 55 16 98 92 81 94 2 84 81 4 22 35 72 16 34 10 75 21 44 43 4 64 55 25 71 55 19 53 19 59 64 53 76 82 38 17 12 55 59 37 79 64 49 76 91 42 89 66 87 74 14 5 44 74 42 66 12 94 8 50 56 71 71 34 80 98 95 23 12 20 97 44 36 30 11 92 28 43 47 34 97 13 71 21 15 81 14 18 44 85 37 21 11 17 24 32 66 70 59 30 
50 13 96 29 60 43 2 35 28 29 4 84 23 55 25 90 46 71 14 66 88 1 92 5 23 38 50 27 18 79 91 60 14 24 78 41 57 75 82 68 5 64 73 40 22 72 75 49 62 37 37 10 32 70 60 77 35 71 6 85 25 35 61 90 83 28 19 37 29 27 59 54 51 67 57 99 46 71 1 73 20 73 74 35 1 27 10 58 38 10 14 59 83 80 8 10 60 81 85 58 74 1 87 44 37 68 24 12 90 18 49 97 59 92 71 84 54 3 95 41 7 96 68 5 67 3 28 5 40 44 52 24 20 24 46 11 18 94 69 12 81 88 68 11 88 50 47 76 64 1 12 5 55 11 35 69 45 43 42 99 88 72 51 91 61 40 61 55 44 76 6 96 70 30 37 86 85 43 20 80 16 56 70 66 72 64 27 96 78 88 45 36 9 22 69 16 29 67 0 41 44 12 39 10 15 73 39 36 76 81 86 5 14 79 76 28 62 16 1 11 33 77 98 75 94 3 9 97 14 6 62 33 54 10 63 61 77 68 47 98 37 98 59 4 86 7 31 81 46 2 53 51 45 11 56 55 27 38 47 40 78 4 74 17 48 11 60 86 93 83 96 6 69 2 39 39 78 73 58 63 42 43 31 40 76 5 73 97 4 17 87 57 99 74 82 31 40 31 97 10 
48 26 42 65 96 65 99 64 94 45 89 27 27 1 17 7 69 31 84 93 68 12 13 24 98 5 20 11 9 27 90 92 24 44 29 81 68 40 12 73 38 88 50 99 60 4 36 20 55 73 74 9 35 14 80 16 42 82 23 54 92 88 68 48 50 88 96 81 68 22 38 62 45 41 58 76 73 30 19 18 24 2 68 29 45 39 76 14 1 10 99 48 65 64 93 1 30 73 98 65 59 58 1 43 28 18 1 7 23 10 73 22 76 64 25 72 8 51 57 4 33 46 57 76 23 42 19 79 24 53 65 78 26 2 50 70 68 54 17 42 54 51 62 82 9 53 78 65 47 3 51 55 85 17 62 23 96 53 1 68 40 4 36 21 56 91 66 23 58 85 73 39 42 1 6 35 63 18 95 77 24 9 69 19 78 28 30 98 32 53 31 47 69 98 39 44 69 70 41 0 19 23 16 5 38 87 43 7 23 40 17 46 93 90 92 95 18 1 83 44 15 19 31 8 89 11 16 87 69 42 58 55 1 6 90 21 14 19 81 59 51 71 86 89 69 77 24 53 28 79 24 48 36 53 35 79 20 4 23 83 37 40 24 57 92 85 48 66 20 89 64 43 91 98 61 4 50 15 51 44 90 39 38 91 61 73 40 91 42 26 42 4 1 92 95 90 78 34 20 81 
78 78 72 87 80 69 9 67 8 3 58 3 16 51 80 54 58 29 24 48 70 34 95 22 51 34 21 20 16 31 10 99 42 62 55 87 5 17 4 85 19 79 59 95 70 68 57 46 65 44 28 30 39 61 73 82 69 8 67 44 58 10 40 22 59 81 77 30 22 21 60 81 34 45 22 59 63 70 69 87 58 14 86 21 44 35 44 38 5 80 51 89 56 73 50 14 54 89 88 3 16 16 18 58 73 57 1 27 92 91 78 24 9 69 90 12 71 4 47 16 78 22 62 16 77 55 53 4 25 39 68 8 47 1 50 68 54 14 48 26 91 96 23 60 30 99 17 1 11 28 1 70 95 13 38 96 76 26 37 73 31 67 56 26 41 43 70 11 75 71 15 92 79 18 35 41 56 81 26 91 37 91 31 65 6 95 81 74 72 3 15 10 79 73 37 36 53 55 44 19 0 95 60 44 98 10 74 94 8 85 41 14 33 4 35 19 1 9 2 67 88 6 31 82 96 33 40 77 85 24 56 66 90 20 49 12 62 99 2 77 33 2 81 20 68 36 31 86 89 19 81 36 46 26 27 55 87 43 34 43 9 7 70 90 64 17 68 61 98 61 13 63 3 86 26 97 75 4 67 71 26 92 66 56 34 15 85 18 61 28 24 82 63 52 60 42 41 33 63 94 
41 17 70 59 90 45 90 69 15 4 17 39 82 82 85 14 20 93 21 77 67 19 14 36 98 41 55 43 30 46 16 59 36 44 69 38 71 57 82 33 18 83 71 47 13 79 45 16 90 8 17 25 55 66 44 15 90 36 7 52 61 2 78 59 8 28 31 5 82 24 18 47 85 64 76 79 65 57 22 55 23 68 34 53 58 29 38 57 50 84 3 11 90 7 97 3 18 26 18 99 79 47 45 86 96 22 10 50 30 20 94 41 26 6 47 20 19 8 2 55 11 73 37 39 75 43 63 13 32 70 29 30 10 40 88 36 74 7 63 43 91 12 2 33 27 56 89 4 37 36 81 93 47 94 56 75 39 45 8 13 62 23 77 56 14 39 98 79 30 27 2 68 78 14 26 37 41 40 70 78 41 25 34 11 16 38 31 12 29 39 29 72 90 31 80 83 19 16 12 23 95 0 98 61 87 2 74 92 31 76 53 7 20 93 10 42 62 97 90 3 80 73 7 44 59 12 64 6 83 20 3 20 38 41 6 20 74 96 42 67 39 84 5 44 50 43 43 97 28 32 54 56 26 17 73 33 43 28 20 11 74 10 37 20 89 39 49 90 8 86 22 6 83 51 66 8 65 83 44 26 45 19 28 28 39 60 91 89 92 82 73 68 18 66 97 86 1 55 70 82 
79 5 71 89 32 85 28 14 76 11 88 86 77 38 57 73 83 73 66 14 8 61 9 60 15 45 74 64 53 72 93 13 19 65 39 2 57 54 44 11 66 10 67 78 18 18 60 31 98 32 33 84 41 48 11 20 71 30 25 83 67 94 90 41 43 18 34 50 5 7 43 28 86 31 28 80 9 57 97 80 30 2 58 36 60 78 53 49 2 82 35 25 65 22 41 94 65 28 39 38 46 86 5 16 54 8 42 52 83 79 9 64 56 6 95 55 33 49 33 28 4 38 48 11 90 10 9 94 84 87 95 24 98 82 13 3 74 84 2 84 71 54 13 34 99 99 74 82 21 87 97 94 42 53 89 99 94 38 26 58 20 98 4 32 27 42 20 82 32 67 70 70 88 38 78 87 56 18 64 88 93 67 33 37 28 65 97 80 70 7 6 66 53 27 23 53 63 98 39 16 60 98 0 62 72 55 58 88 33 94 94 58 73 97 28 65 95 91 92 47 57 29 38 22 1 13 52 15 93 81 82 63 48 94 38 83 82 76 45 9 25 28 64 88 93 24 42 48 17 44 82 68 70 61 31 34 15 77 72 74 51 39 62 62 1 63 61 66 38 68 31 43 62 43 16 73 18 67 82 61 6 71 79 97 19 30 93 30 24 34 34 34 64 98 75 68 62 63 18 35 
46 89 24 52 57 74 30 67 13 32 64 31 93 77 20 55 32 35 91 6 16 6 70 40 82 95 71 90 17 96 36 17 70 1 61 9 86 29 31 88 25 32 91 38 99 63 72 57 4 52 47 45 43 53 1 85 83 75 75 4 52 49 81 2 90 23 43 40 48 18 78 43 49 69 99 92 9 52 91 34 17 32 66 9 11 32 53 81 1 26 10 89 87 42 42 56 99 86 96 21 84 92 18 12 54 64 30 91 85 94 15 6 43 1 45 55 34 78 86 33 83 25 20 38 99 75 81 90 66 70 72 7 70 69 33 90 93 33 27 88 1 24 51 23 97 78 79 75 77 56 60 50 42 41 44 67 11 96 38 60 83 88 74 65 93 17 55 36 93 74 79 82 24 87 10 1 46 70 24 91 88 6 63 50 83 95 91 61 85 72 8 79 38 93 75 64 45 92 10 5 44 61 62 0 92 64 87 53 59 10 64 61 31 37 22 91 73 44 37 32 45 94 34 25 15 5 5 46 90 93 97 99 1 78 95 81 94 29 22 47 66 36 45 91 91 24 48 1 19 89 93 53 55 99 25 3 92 86 91 81 29 56 87 92 29 45 56 21 75 49 44 69 77 15 79 69 85 43 37 80 50 31 87 21 30 38 62 12 77 98 28 71 10 74 84 54 97 32 68 98 
88 28 87 23 34 51 90 92 62 92 87 87 27 71 34 90 71 60 85 23 26 6 27 67 69 32 39 34 36 81 67 3 15 75 27 48 18 39 78 67 80 41 41 49 8 17 9 71 43 52 92 24 59 86 81 49 36 14 32 7 53 49 87 17 30 69 7 99 45 34 92 25 84 92 65 52 72 51 30 10 80 60 81 36 43 11 97 33 62 42 45 54 90 41 41 8 74 34 71 92 74 97 54 58 98 64 3 68 51 63 61 19 49 43 44 11 36 74 44 24 87 16 17 76 35 10 39 97 80 85 89 20 30 25 92 58 13 93 76 88 46 99 96 92 66 21 19 58 12 43 4 97 37 5 99 89 62 12 78 75 73 34 21 39 54 95 43 85 22 89 82 59 73 45 78 22 50 37 90 82 10 24 85 45 82 9 51 27 65 4 53 57 50 31 26 21 95 81 15 38 98 87 72 92 0 42 37 8 53 56 83 49 74 68 86 13 47 41 87 19 33 15 30 6 24 31 28 33 41 6 87 76 39 96 42 29 7 34 38 18 3 14 14 39 36 24 35 65 44 45 77 2 14 92 3 95 8 63 31 16 24 83 88 15 87 17 66 71 93 34 84 25 81 43 8 58 55 21 75 50 55 3 12 71 38 59 87 55 18 91 67 52 88 79 48 52 86 54 93 7 
17 51 40 11 39 81 78 1 21 97 22 54 50 21 66 51 61 15 55 42 95 72 64 61 82 57 36 86 66 15 9 1 61 97 98 90 80 94 85 65 4 71 94 27 63 87 78 65 11 93 1 53 87 79 60 31 14 44 72 80 83 68 10 81 37 53 85 56 45 67 73 58 96 95 51 40 59 98 98 24 84 25 58 43 20 28 58 68 21 47 47 84 46 29 71 44 16 3 17 95 22 81 2 93 18 32 66 12 24 66 15 35 40 77 59 2 87 23 76 40 10 30 19 25 10 53 95 60 63 79 60 30 57 86 12 58 51 6 5 36 86 14 70 30 35 24 76 47 16 96 6 71 82 97 93 88 16 15 71 90 94 96 98 23 92 10 19 15 59 47 56 90 27 85 38 91 44 88 15 42 82 38 6 25 49 92 54 84 41 92 24 4 1 65 73 5 49 94 73 87 10 2 55 64 42 0 69 39 36 16 5 16 91 40 90 7 19 92 81 57 36 8 41 68 67 28 89 29 96 65 74 25 17 92 24 46 2 43 36 59 28 15 68 86 4 79 79 13 13 1 21 63 97 93 59 85 14 79 47 36 44 66 94 80 58 98 70 97 97 21 20 73 47 78 32 77 70 9 7 57 73 62 63 82 96 75 45 55 73 21 11 60 12 92 48 13 17 90 76 37 
29 69 32 32 93 51 11 35 38 30 34 32 89 55 30 49 76 81 67 7 63 15 4 34 22 57 51 64 21 88 89 72 88 1 20 77 80 95 34 55 38 15 37 4 46 55 35 67 14 4 70 88 17 32 30 71 86 61 33 57 20 20 22 75 5 42 22 48 62 36 95 66 63 19 2 75 8 69 38 52 5 95 29 19 34 47 35 2 94 70 92 27 76 72 58 36 67 88 48 29 94 70 60 42 41 6 57 22 29 84 84 65 72 62 89 96 66 17 12 44 62 58 67 85 74 98 46 51 21 75 22 22 10 51 57 15 17 33 12 49 75 84 31 67 71 55 51 17 27 39 14 95 64 91 31 66 55 98 11 82 45 65 15 32 56 86 76 88 6 71 47 76 29 64 22 96 92 9 35 82 32 61 42 76 83 23 78 20 38 41 43 72 95 3 72 46 61 2 39 43 74 74 58 87 37 69 0 77 10 85 34 27 94 24 92 94 8 67 99 95 78 1 29 1 64 34 98 64 84 66 38 33 8 90 4 43 53 55 55 51 82 84 21 32 29 89 82 71 52 79 55 22 92 86 87 11 22 1 47 26 37 31 55 98 97 82 19 19 82 95 25 25 12 25 53 15 8 57 61 69 33 34 74 47 15 69 57 87 24 17 47 54 87 68 33 38 28 78 80 91 
46 4 38 10 21 36 62 71 63 56 95 31 33 16 39 39 34 13 84 16 28 81 5 9 4 99 53 57 99 39 96 32 67 1 94 85 75 70 44 82 64 84 84 48 17 65 72 6 73 88 54 64 68 46 31 61 55 28 41 2 61 20 98 60 27 69 70 22 50 31 48 56 90 47 4 10 90 92 49 4 29 31 68 47 81 50 59 84 12 58 51 84 86 33 66 58 82 59 56 17 81 28 78 16 22 91 27 35 45 78 79 48 20 58 38 7 22 82 94 51 80 75 74 89 42 2 82 92 20 87 9 85 34 98 31 9 19 6 59 15 38 65 16 25 39 72 90 8 49 25 62 54 33 70 80 86 63 7 83 99 71 94 19 63 86 42 4 3 28 58 56 90 79 91 99 71 10 72 42 88 85 69 24 58 91 61 75 38 2 70 80 11 83 3 6 72 29 84 36 7 94 92 88 53 8 39 77 0 7 10 12 49 84 34 71 2 97 33 75 23 75 18 62 67 15 93 79 75 1 36 53 64 22 97 21 58 87 82 60 76 1 43 31 97 46 48 86 10 97 5 98 14 24 9 94 30 69 22 25 50 74 72 50 15 90 23 46 62 90 89 77 81 84 33 25 2 3 81 89 43 61 41 82 75 8 26 67 10 10 95 93 35 39 37 54 83 42 21 30 15 
68 59 39 7 15 73 17 17 67 30 32 37 26 46 84 58 18 87 88 31 94 26 35 4 90 85 42 89 39 57 80 43 23 32 60 11 2 3 14 6 74 16 48 82 95 91 73 25 50 80 82 32 78 7 12 47 94 98 14 80 75 93 67 62 5 95 15 10 33 32 73 85 92 30 69 98 83 95 37 70 24 53 78 2 66 28 61 34 39 78 4 95 77 78 65 21 15 31 95 64 41 56 20 24 82 5 93 77 32 63 22 86 75 98 34 95 58 95 73 6 95 20 49 94 59 35 2 20 27 23 86 51 69 15 84 77 19 67 96 12 84 5 27 36 81 32 86 30 73 52 14 35 1 92 84 79 84 14 66 29 34 60 51 45 40 56 4 79 77 95 8 12 89 51 7 70 62 18 89 77 87 21 88 57 86 81 62 24 10 17 54 65 54 39 94 24 57 81 76 23 8 31 33 59 53 36 10 7 0 50 54 28 40 87 11 54 51 36 24 84 39 88 75 11 65 56 70 23 12 60 36 21 8 87 3 36 29 51 58 14 79 42 47 24 63 52 33 38 83 96 44 54 8 52 63 53 41 38 9 46 25 85 38 51 64 17 24 37 39 16 97 39 6 88 67 21 64 56 96 75 87 66 78 18 76 78 29 8 25 11 65 84 52 97 82 34 95 58 84 63 
67 13 57 31 10 16 80 38 34 34 69 16 99 30 54 35 79 64 38 47 19 55 60 69 73 15 93 26 91 90 70 59 73 75 20 31 28 42 40 4 96 24 18 88 29 23 94 13 45 40 39 55 7 91 81 76 29 17 35 14 20 30 72 10 32 95 83 71 30 78 74 75 69 5 85 58 96 59 21 36 33 73 69 28 15 43 47 3 84 15 89 73 15 92 56 72 45 86 21 89 16 34 33 34 51 12 39 38 49 77 73 13 16 79 9 59 45 45 69 10 35 12 74 36 22 51 47 67 87 68 35 52 17 72 69 87 89 99 8 82 40 5 4 8 43 8 19 61 24 11 7 51 99 55 77 25 69 92 42 45 28 97 51 20 82 25 49 80 5 69 13 93 57 43 19 2 79 61 19 2 57 41 17 27 29 6 90 14 63 88 71 39 95 14 19 86 12 4 81 40 85 76 94 10 56 16 85 10 50 0 15 41 90 93 86 61 94 98 70 62 70 88 12 75 85 78 41 61 52 46 42 99 32 56 17 98 62 55 70 45 76 50 41 63 1 52 93 50 93 21 3 71 60 11 94 28 15 31 21 69 29 29 8 16 92 77 42 74 13 99 5 40 14 46 42 67 55 52 77 88 52 46 25 68 76 54 1 76 85 8 56 76 35 55 42 22 39 22 7 53 
79 3 88 68 68 40 75 18 58 42 39 22 53 71 70 69 97 86 17 93 91 19 8 7 51 28 99 85 13 16 85 29 28 41 36 95 87 33 11 81 41 26 66 1 35 34 82 76 55 69 95 75 5 49 40 46 92 56 50 11 65 58 29 10 98 70 15 52 23 32 41 61 57 44 29 19 4 61 62 96 87 37 84 32 85 55 52 98 66 95 82 91 83 97 57 91 52 5 41 20 54 81 10 90 70 10 17 1 17 15 75 25 22 83 40 1 71 73 44 77 67 86 68 98 47 86 1 88 19 59 6 66 84 49 4 81 65 68 76 38 52 87 4 92 2 3 44 90 84 46 50 91 49 4 6 97 79 35 28 11 66 9 26 3 64 2 75 76 59 57 17 72 26 38 17 1 53 22 27 42 39 67 89 92 45 32 89 38 35 16 88 77 50 30 29 83 79 22 86 17 41 53 94 64 83 5 34 12 54 15 0 72 78 19 93 61 57 62 77 90 33 87 4 90 96 48 31 71 2 56 85 3 38 57 65 54 34 97 60 91 52 42 37 6 27 21 52 3 95 36 49 75 58 50 62 26 14 67 47 17 21 1 8 51 46 17 4 29 85 33 50 2 14 83 84 66 33 34 1 10 67 90 58 26 22 28 27 57 29 28 49 27 88 17 49 8 80 80 17 86 
47 77 29 19 82 3 77 39 75 66 72 93 61 15 92 66 1 79 8 33 85 85 76 8 52 19 13 54 5 76 55 93 11 12 90 15 63 62 49 72 14 86 76 71 47 83 35 49 78 72 38 35 59 68 53 25 34 26 4 12 84 70 31 84 68 33 80 52 77 7 27 39 90 59 34 45 19 65 90 25 29 92 92 99 49 62 83 81 54 38 10 68 86 81 56 56 89 34 59 54 69 87 67 28 73 15 25 75 26 97 24 10 49 81 50 30 5 98 20 68 81 80 56 16 99 74 49 23 35 51 22 82 49 91 64 56 96 32 28 6 83 63 89 87 91 36 1 8 34 32 27 13 15 9 1 20 33 56 96 38 67 99 76 13 65 52 40 68 27 57 97 68 89 47 23 89 64 15 71 12 70 68 18 45 47 24 67 92 10 5 3 73 79 91 9 21 85 35 5 46 14 7 58 61 49 16 27 49 28 41 72 0 7 43 93 56 66 15 98 22 44 70 35 55 35 46 50 68 71 72 97 25 31 40 67 88 43 20 55 70 86 49 90 87 60 32 25 40 95 63 7 88 31 60 1 44 43 77 61 36 12 53 22 75 23 80 43 70 37 98 63 27 91 51 56 28 68 95 77 99 82 17 33 34 98 94 26 40 99 72 61 29 17 75 30 48 13 80 65 57 
1 97 37 13 80 36 98 83 73 50 70 48 78 14 65 52 83 3 81 19 74 45 41 68 20 77 84 35 63 32 37 41 56 72 92 14 22 59 85 38 39 32 44 46 76 52 62 25 35 10 97 92 69 58 5 30 50 20 44 82 54 27 54 41 27 2 24 29 24 28 85 4 74 14 2 73 44 42 49 78 34 99 79 83 51 77 28 41 57 87 63 68 16 63 4 6 35 91 58 2 47 89 30 88 8 58 43 34 4 14 3 9 52 16 96 12 78 67 65 65 88 85 56 5 22 91 77 65 46 44 69 67 12 94 61 61 91 35 45 14 18 38 44 93 25 39 6 36 82 14 2 29 8 18 79 51 49 81 80 29 61 89 5 18 6 3 44 56 67 73 21 32 80 48 71 76 8 1 13 28 83 93 55 8 89 98 68 94 62 69 11 96 17 13 85 41 64 72 14 93 33 20 73 31 74 91 94 84 40 90 78 7 0 5 11 24 27 23 39 67 77 37 39 33 73 19 79 82 25 76 11 4 25 67 67 4 70 63 23 61 24 21 38 94 56 21 26 43 76 99 32 24 27 43 79 22 72 39 43 16 95 63 88 7 59 60 56 70 37 4 24 23 58 28 35 22 56 40 22 93 68 61 56 19 69 43 37 15 72 76 1 91 68 29 99 67 22 65 10 78 
30 97 67 74 4 98 1 15 6 26 54 74 6 77 20 25 42 10 69 30 80 59 20 30 53 13 59 60 68 55 85 32 21 60 21 83 99 88 62 95 35 13 94 4 55 13 79 41 81 24 87 46 40 50 73 89 40 46 34 1 44 7 27 42 42 88 31 36 99 21 25 73 14 45 12 83 9 81 55 59 27 49 60 28 18 60 84 93 3 60 94 70 1 91 62 21 36 17 51 82 63 86 27 25 90 14 3 35 77 96 32 87 8 58 77 99 41 94 11 78 45 94 72 7 35 90 68 27 92 74 55 41 25 48 79 36 31 66 84 14 64 23 28 72 74 64 59 67 7 10 47 57 10 32 10 61 62 98 51 56 15 21 62 92 27 67 61 46 26 52 25 44 24 13 4 26 44 59 72 3 26 78 65 57 97 48 47 71 54 63 48 35 56 1 58 99 28 16 79 90 4 93 97 37 68 40 24 34 87 93 19 43 5 0 31 21 20 43 21 67 23 45 10 92 8 23 36 3 37 1 61 3 37 13 32 66 63 81 39 55 61 63 1 22 54 93 61 7 82 59 40 81 28 81 68 48 28 49 80 4 12 98 18 25 69 71 58 19 73 7 21 6 52 36 9 94 72 42 39 54 46 71 94 46 12 12 9 95 95 59 19 18 43 90 77 70 75 44 57 80 
64 62 11 75 48 80 31 38 1 86 13 45 47 82 55 86 68 76 16 72 37 71 69 95 20 25 29 45 54 59 81 75 71 76 69 25 16 96 24 23 80 5 83 1 94 26 66 1 83 91 63 29 30 10 70 97 30 81 13 81 74 95 27 29 83 38 16 99 53 61 65 26 13 47 56 23 49 87 47 51 81 68 24 29 70 22 56 40 57 62 15 99 45 54 61 64 75 52 65 74 43 28 29 87 68 21 48 64 74 8 81 95 82 27 45 93 14 75 75 73 30 90 12 63 57 5 3 92 1 98 42 37 92 42 9 38 5 70 34 57 43 9 31 39 47 1 81 16 29 40 16 64 72 21 21 41 80 41 28 6 4 19 14 84 43 68 71 35 88 42 19 44 24 10 44 41 16 87 7 71 25 73 89 59 84 21 56 85 90 46 7 90 57 6 3 8 19 34 76 92 35 10 28 22 86 90 92 71 11 86 93 93 11 31 0 90 33 86 32 27 32 76 25 5 24 90 40 85 79 20 59 41 55 33 89 8 50 84 18 81 40 43 45 41 76 47 30 96 53 36 94 79 38 13 16 22 91 44 86 71 10 15 85 33 89 83 76 72 65 9 20 2 73 82 37 51 68 28 47 3 27 42 22 44 31 45 8 30 10 71 39 65 48 94 36 25 83 81 91 93 
76 16 85 92 71 16 4 63 3 49 97 5 65 48 76 48 86 31 16 4 1 96 28 78 60 55 71 22 10 41 9 35 26 6 41 33 61 17 12 55 45 4 61 55 17 78 56 87 8 22 70 53 75 24 22 10 53 49 81 99 3 98 68 63 47 23 88 86 62 58 32 18 41 21 94 25 65 72 23 7 6 18 45 2 20 42 47 19 25 33 59 3 65 1 95 11 2 88 38 7 72 85 51 60 3 38 95 35 78 6 28 75 36 70 43 61 17 44 38 43 73 84 99 24 45 17 22 38 52 8 53 90 50 69 54 53 18 77 20 91 49 30 28 68 8 30 85 98 18 16 21 32 60 33 37 37 94 66 43 72 49 5 70 68 26 83 2 95 43 2 18 94 90 7 3 64 90 90 35 44 97 61 87 5 68 82 26 8 44 44 13 14 37 51 50 80 84 10 28 95 19 42 65 91 13 7 94 2 54 61 61 56 24 21 90 0 11 2 45 13 21 23 78 59 2 1 78 88 23 89 14 39 37 26 94 24 93 43 39 77 20 50 95 53 12 58 77 21 22 42 59 60 52 91 22 8 66 76 28 63 51 38 38 31 1 75 49 82 12 67 54 36 42 2 1 25 84 59 93 18 2 38 7 96 30 14 22 34 88 7 9 4 75 99 2 64 76 10 70 93 
36 75 1 66 43 16 82 1 5 54 47 67 11 44 70 39 63 33 83 1 13 49 88 98 24 49 43 94 26 35 8 41 95 20 76 17 30 79 24 54 49 80 73 5 73 3 10 86 5 57 52 95 22 97 82 90 96 74 46 91 21 76 28 17 45 21 29 77 89 90 39 91 14 77 79 73 31 73 9 88 15 54 62 44 18 75 88 80 91 86 88 24 77 37 41 22 89 14 30 18 3 92 90 67 86 6 99 86 7 53 61 53 67 74 81 79 87 39 30 61 80 44 57 35 30 20 13 23 38 25 17 82 60 82 93 28 68 74 19 74 39 82 71 25 77 68 50 33 1 52 30 58 55 77 18 82 97 96 28 81 93 41 32 11 5 43 62 34 73 82 6 66 61 10 50 50 43 68 93 76 63 20 74 54 60 2 75 93 18 27 5 3 49 4 90 37 31 75 62 18 1 62 95 73 47 19 8 97 51 94 57 66 27 20 33 11 0 63 25 91 93 76 13 92 42 15 55 47 58 81 49 10 32 39 28 66 67 55 60 98 5 84 14 26 15 40 19 60 63 57 93 53 88 53 24 24 98 38 48 71 10 8 40 17 13 82 40 17 19 88 38 91 77 25 83 52 58 97 25 10 73 17 23 47 14 58 45 60 46 11 13 5 10 20 12 44 66 67 8 6 
54 13 17 86 6 95 65 34 65 49 41 44 98 76 71 85 35 20 21 51 24 11 6 37 59 48 25 90 22 70 25 26 25 31 79 79 76 55 77 34 7 45 51 46 53 50 60 1 31 29 29 20 28 63 44 46 91 23 85 25 62 37 46 25 45 95 77 99 78 97 83 82 71 75 24 58 4 48 53 92 11 99 25 90 56 79 80 77 41 75 50 50 52 37 62 27 47 12 31 68 16 93 90 4 79 48 60 95 4 48 27 94 39 83 45 64 47 5 43 4 84 17 76 35 72 87 70 88 99 20 71 98 96 39 62 67 70 38 72 16 9 47 28 52 8 20 10 18 5 52 56 21 63 34 36 19 51 53 93 72 97 43 96 18 98 10 15 70 49 23 85 79 94 48 6 95 82 82 52 99 37 62 18 12 27 24 38 90 12 89 54 58 81 96 24 64 55 21 16 1 9 97 91 44 41 92 67 33 36 98 62 15 23 43 86 2 63 0 84 86 24 83 53 4 35 9 27 44 74 82 64 42 54 91 25 27 39 58 23 90 13 89 96 64 66 8 97 89 83 51 44 24 39 87 25 52 3 54 18 15 20 94 98 20 10 83 33 72 98 14 54 5 7 79 92 6 89 26 33 12 34 10 41 44 41 18 7 99 62 17 47 14 32 87 11 88 98 98 71 4 
94 19 31 54 21 67 39 50 58 1 18 19 2 63 94 39 25 68 48 70 98 91 1 75 77 44 5 59 35 31 79 57 88 95 15 53 88 17 81 87 29 31 25 47 37 71 2 47 56 73 24 25 85 63 97 77 57 32 4 26 43 47 94 10 7 97 5 48 11 79 42 86 57 9 44 35 58 99 70 6 14 55 59 28 14 41 93 78 19 23 85 16 17 73 55 65 57 78 88 44 84 33 29 17 80 43 36 8 72 59 52 60 5 73 87 64 66 44 74 95 69 74 56 93 36 67 62 19 63 3 53 39 64 63 28 15 66 10 60 10 35 31 11 20 79 14 54 96 77 16 85 15 60 98 87 90 51 19 11 57 73 8 56 60 35 60 38 94 41 35 10 75 71 24 35 31 66 44 37 17 61 95 74 78 1 56 30 16 85 76 13 39 5 10 52 42 36 44 1 83 2 90 92 37 87 81 99 75 24 70 77 98 39 21 32 45 25 84 0 13 63 60 77 6 33 68 91 23 48 10 43 33 95 41 59 20 13 34 99 44 93 7 9 1 18 1 84 93 86 93 98 61 48 69 16 65 67 72 70 52 18 8 67 37 91 35 37 39 20 88 95 90 24 21 53 92 43 1 66 29 38 83 2 28 98 57 72 77 76 36 34 24 6 68 46 23 56 48 71 33 
34 31 4 43 58 35 68 78 36 39 94 60 57 26 23 32 98 77 21 41 10 47 83 30 36 62 91 60 24 3 9 74 13 45 48 25 54 42 13 41 11 66 15 73 18 23 48 23 42 12 99 32 3 19 81 95 9 21 17 38 99 11 89 58 38 8 90 20 74 19 23 21 18 55 3 93 21 75 62 46 50 33 20 31 32 55 56 80 64 38 44 57 23 25 84 15 65 50 18 29 56 73 72 29 47 11 34 83 51 52 25 5 10 8 60 48 90 83 37 38 21 98 56 15 6 20 55 93 68 75 15 92 52 94 35 18 53 13 61 31 24 43 30 19 80 57 19 91 13 64 66 97 90 52 85 65 57 12 79 25 55 91 53 14 17 20 73 78 28 5 29 89 55 85 3 70 97 28 74 50 32 79 85 85 45 28 55 86 96 92 48 82 12 13 48 41 4 43 11 44 67 3 47 32 19 57 95 23 84 62 90 22 67 67 27 13 91 86 13 0 68 15 76 81 68 73 94 89 53 16 90 84 40 8 55 10 31 16 97 59 79 11 21 4 24 68 92 4 29 86 23 50 52 79 30 61 34 98 35 10 64 62 13 49 99 65 2 48 90 73 35 72 89 69 98 8 22 77 88 33 85 69 36 36 32 26 10 5 9 21 93 39 11 34 2 26 96 96 42 38 
3 60 79 7 60 84 31 32 31 8 79 91 73 26 82 79 73 31 59 36 47 73 45 91 73 8 25 8 21 14 10 77 70 26 74 86 79 91 87 60 27 22 23 47 71 43 58 76 40 20 36 76 52 45 41 1 26 17 22 8 35 38 4 60 49 13 62 62 34 20 90 88 11 79 12 88 34 75 54 89 64 70 97 92 28 17 64 14 17 43 35 87 66 90 36 61 96 45 84 95 6 5 18 78 43 89 80 82 83 16 56 80 71 51 36 4 85 30 47 86 44 51 6 97 53 3 92 47 2 3 1 51 98 4 61 96 52 91 4 93 57 81 29 36 32 26 59 93 28 7 4 35 21 69 69 86 43 58 59 20 61 94 96 85 28 61 49 13 40 74 57 75 54 95 63 42 74 34 89 17 15 46 17 35 39 22 8 97 10 93 49 76 9 93 15 84 20 4 33 15 88 80 57 45 33 36 78 75 39 70 33 44 77 23 32 21 93 24 63 68 0 17 60 51 18 39 82 13 47 52 85 54 81 47 62 29 8 20 75 71 35 57 77 14 49 48 82 89 13 87 87 42 64 83 80 31 11 28 35 8 32 80 1 25 10 98 50 5 15 7 71 53 17 2 98 69 35 69 75 61 74 80 45 31 71 33 52 1 73 21 85 38 91 59 36 91 42 69 32 86 
85 6 60 10 55 94 22 58 5 22 62 30 92 73 29 79 13 71 10 52 87 33 54 56 71 20 86 71 50 89 94 2 19 70 15 9 66 24 73 41 45 36 29 94 45 23 3 52 9 70 71 76 48 75 14 80 72 18 15 41 81 62 58 72 96 17 76 73 17 27 30 56 2 79 27 40 43 44 23 83 66 20 11 82 82 99 48 28 72 69 92 22 86 89 79 56 89 96 74 25 9 59 88 6 5 10 82 98 78 46 50 20 3 10 85 38 99 5 66 30 6 46 1 2 51 48 38 91 3 45 9 51 11 84 76 88 36 23 35 68 58 1 76 1 22 29 79 58 9 44 56 43 5 87 74 58 16 64 72 17 89 5 87 27 10 83 37 2 99 11 96 2 61 20 11 94 29 63 18 28 67 23 72 90 60 8 46 60 30 94 53 2 99 28 14 49 48 64 77 19 6 73 29 94 15 8 1 18 88 88 87 70 37 45 76 23 76 83 60 15 17 0 42 32 13 14 67 88 62 63 65 24 10 30 32 47 44 18 2 22 97 73 16 97 9 84 81 97 28 51 89 97 41 71 50 64 18 85 82 42 82 85 15 13 40 62 64 13 31 30 33 65 42 35 99 49 46 94 27 90 65 99 51 95 20 68 74 71 22 66 97 54 78 68 94 90 82 55 11 32 
84 17 54 37 78 19 27 59 76 6 36 78 57 43 98 9 51 9 97 16 76 29 55 50 31 47 74 71 99 17 81 13 45 32 1 69 65 45 7 35 87 65 46 4 44 21 20 61 10 70 28 91 58 15 74 91 83 60 38 47 45 69 22 74 73 99 5 1 12 71 7 89 29 65 86 55 54 20 20 85 38 19 87 72 59 15 15 81 58 89 98 78 44 42 25 25 97 8 23 31 31 31 22 11 70 8 98 23 83 41 93 72 41 97 29 83 90 57 12 6 42 28 9 8 77 13 49 49 68 36 90 39 13 28 10 8 65 32 4 27 14 17 6 99 91 90 45 46 40 9 85 37 33 92 25 24 11 90 64 26 90 53 9 7 87 65 12 51 80 81 84 71 41 84 93 75 97 48 86 44 19 67 47 29 85 87 48 63 86 26 34 44 33 86 32 8 34 55 98 31 31 7 38 34 30 41 29 62 75 12 4 35 39 10 25 78 13 53 77 76 60 42 0 93 9 63 61 79 93 75 11 29 35 83 39 95 99 22 61 72 47 48 37 56 32 20 30 90 65 88 72 54 42 38 31 44 65 46 56 92 99 69 36 98 1 48 57 60 27 6 8 85 36 2 37 39 11 9 79 74 97 85 98 34 75 82 57 49 9 68 6 96 99 18 55 29 15 45 51 4 
49 96 70 88 25 75 96 74 81 16 59 10 22 62 74 37 64 18 56 50 75 76 89 82 81 20 29 50 53 33 91 54 12 75 65 50 40 69 88 60 58 10 37 98 62 64 26 24 29 52 24 65 9 68 35 7 80 29 34 25 7 92 27 86 66 60 60 59 85 75 31 43 18 89 98 42 47 50 48 18 61 30 31 57 28 52 99 76 4 75 56 76 29 22 16 80 39 57 92 56 98 72 97 79 71 49 83 21 87 55 20 93 39 43 15 65 71 16 86 35 67 2 41 31 88 24 24 95 38 89 68 42 65 19 60 73 72 89 88 57 75 98 30 52 14 85 70 52 99 84 58 81 63 3 13 16 46 46 16 47 25 44 50 57 20 39 55 75 61 28 75 79 91 74 79 88 78 49 96 17 84 51 30 17 45 9 75 54 87 78 10 4 46 42 69 15 88 25 75 8 82 44 22 25 6 68 1 67 11 75 90 55 33 92 5 59 92 4 6 81 51 32 93 0 83 64 10 16 82 71 50 79 49 4 22 57 36 40 97 26 88 73 30 86 75 16 33 48 98 62 81 87 53 27 42 56 67 46 20 90 92 39 18 13 2 4 82 81 39 28 37 51 88 25 14 11 92 5 27 57 37 28 91 25 22 93 68 87 54 55 10 96 10 60 76 16 89 55 78 88 
55 97 50 60 59 19 11 77 15 78 32 24 87 45 58 96 65 75 60 9 6 4 68 46 90 80 88 13 98 17 13 85 47 30 24 12 67 92 50 51 69 82 79 23 95 87 54 50 81 93 18 55 97 75 57 97 20 71 26 16 16 79 16 6 23 46 37 32 42 88 54 23 49 96 2 55 98 95 94 53 35 78 4 52 49 17 84 54 21 58 97 96 67 8 5 26 22 92 86 2 99 43 11 93 11 54 20 71 84 86 52 17 10 66 11 80 83 44 30 42 80 38 77 3 87 68 86 25 28 28 19 23 59 83 93 84 33 44 46 19 22 50 94 95 58 32 80 70 98 88 45 79 86 68 74 23 12 27 92 38 33 96 91 61 11 19 7 46 37 31 22 59 56 38 18 39 86 81 72 73 45 5 49 63 41 18 38 6 88 68 10 30 29 94 57 78 62 71 94 89 96 59 1 15 24 67 64 15 65 85 96 35 73 8 24 2 42 35 33 68 18 13 9 83 0 83 41 30 32 98 45 69 77 3 54 52 73 13 40 41 40 88 85 33 13 91 76 65 84 4 57 41 77 43 88 25 31 83 1 67 66 56 97 50 32 18 77 32 79 25 73 95 80 17 95 98 46 91 4 29 42 82 75 8 50 54 91 91 87 70 72 55 87 71 50 3 92 24 33 72 
33 61 75 9 80 26 70 29 3 81 31 91 38 45 51 73 34 67 89 68 70 53 30 11 52 59 98 4 40 91 67 61 15 91 89 11 37 30 93 3 7 81 29 47 38 76 12 4 93 79 17 96 2 20 1 58 23 10 96 7 58 19 16 16 27 65 53 89 71 64 77 93 83 27 34 28 61 94 4 33 89 74 32 45 74 54 8 10 43 84 95 43 64 44 37 52 89 57 7 40 24 14 73 97 3 61 8 20 68 79 45 67 14 32 39 19 8 69 37 37 61 68 28 3 9 96 78 88 63 49 13 43 98 15 48 88 35 91 67 78 17 44 43 77 67 12 12 57 70 85 60 91 69 5 58 78 13 81 86 4 90 46 10 12 13 87 84 73 42 70 80 55 92 50 12 88 61 48 36 13 2 25 54 28 16 20 44 77 1 24 16 18 39 79 49 30 96 55 3 11 33 12 13 5 31 28 34 93 56 78 48 46 19 23 90 1 15 9 68 73 39 14 63 64 83 0 55 3 74 19 70 29 10 61 30 19 52 80 8 84 99 14 94 26 13 44 47 27 65 46 53 30 5 93 7 32 66 49 50 80 57 56 32 26 36 67 75 69 6 6 41 16 56 69 28 17 91 87 43 55 10 49 15 48 70 45 43 59 65 87 98 14 53 64 46 37 42 79 26 68 
29 44 47 54 37 18 34 77 53 64 49 9 73 54 21 38 60 49 8 66 43 34 22 16 63 95 57 82 3 60 30 45 51 5 69 18 15 15 98 12 94 43 47 16 27 30 9 81 16 85 9 89 42 76 53 23 5 46 63 80 18 49 9 29 52 71 52 26 1 97 50 54 31 38 35 6 28 76 62 76 21 92 59 77 3 93 62 96 78 9 44 26 85 40 17 18 28 98 50 93 23 57 14 19 38 36 49 80 44 23 52 38 17 38 46 9 53 51 11 54 23 48 83 68 27 71 30 29 8 50 37 21 7 1 53 3 80 78 80 76 26 70 2 26 29 72 20 21 20 58 14 44 98 73 22 90 51 64 13 82 9 88 74 51 33 69 80 51 2 34 43 39 12 82 57 52 61 77 19 22 47 37 92 32 60 55 5 28 23 5 72 2 16 35 82 3 36 19 9 16 40 64 52 5 28 89 98 79 70 41 31 50 79 36 40 78 55 27 91 94 82 67 61 10 41 55 0 88 61 95 87 12 90 39 94 12 99 27 40 94 10 98 30 41 6 31 38 74 69 80 64 37 85 64 37 14 14 14 7 96 38 72 8 98 41 84 75 78 93 39 44 52 5 51 41 41 92 16 89 50 90 25 12 52 67 83 8 16 60 80 93 39 71 95 15 20 17 74 78 47 
56 32 28 88 81 50 37 54 55 98 31 92 75 33 30 78 36 66 26 35 4 82 37 71 50 61 15 3 98 64 67 40 76 59 46 12 96 16 17 26 69 13 16 40 60 19 30 52 1 37 38 84 23 50 73 37 20 36 75 66 69 83 79 12 34 1 94 86 82 20 77 24 8 61 95 62 7 68 48 24 51 40 89 18 13 7 75 47 3 9 11 85 68 27 52 42 71 80 37 91 69 45 32 55 96 86 97 48 23 69 20 38 68 9 67 24 42 71 50 87 31 48 85 50 74 78 41 49 21 43 5 35 32 92 10 16 44 31 24 86 29 59 38 76 5 28 36 8 70 58 99 97 3 76 10 36 32 60 44 25 34 13 62 67 64 14 93 80 67 69 52 34 61 99 86 52 52 17 96 48 1 69 27 23 3 10 21 30 22 79 30 22 45 22 69 60 54 53 97 87 77 6 15 46 33 29 64 75 23 61 71 68 82 3 85 88 47 44 23 89 13 88 79 16 30 3 88 0 18 33 66 61 8 72 34 25 93 36 9 67 76 6 39 58 97 54 96 14 22 68 99 23 26 52 6 38 91 90 54 24 86 67 6 34 32 87 9 53 88 14 29 76 1 58 23 47 14 61 62 15 48 66 77 54 65 91 39 43 31 69 67 99 48 18 76 12 91 97 33 88 
83 45 34 19 59 38 10 59 16 31 97 15 93 29 33 35 20 17 10 35 34 56 40 24 44 54 10 42 50 30 25 56 65 79 52 34 43 21 74 41 91 57 71 58 48 23 43 62 33 69 11 27 41 83 80 36 38 85 2 82 89 32 19 55 68 30 18 44 56 67 61 34 5 33 77 88 55 45 77 48 14 50 44 76 87 32 20 23 95 14 97 60 52 70 52 27 1 16 50 19 33 35 99 53 81 13 93 74 2 98 72 10 18 27 4 60 64 87 11 50 33 33 20 21 57 58 57 10 1 1 89 68 44 12 42 55 32 60 66 86 4 62 72 69 19 11 4 51 87 61 30 37 48 56 57 42 26 57 59 84 59 24 77 56 73 43 78 10 35 94 96 31 60 97 22 3 30 3 60 78 87 58 5 35 92 65 83 28 95 66 38 31 91 35 51 16 28 19 14 69 85 83 93 90 41 96 84 1 12 52 2 71 25 37 79 23 58 74 48 53 47 62 93 82 32 74 61 18 0 39 94 20 10 32 22 64 93 79 87 44 67 13 16 61 37 66 72 89 49 81 87 36 22 93 14 35 40 40 44 31 84 6 55 83 80 84 38 6 35 80 78 32 63 18 9 34 84 54 48 86 40 81 28 58 40 53 49 79 95 82 96 27 53 79 91 43 95 79 97 96 
32 25 73 22 52 21 1 32 97 33 97 88 15 6 44 40 7 33 11 86 77 91 54 37 13 14 20 43 99 94 38 90 88 85 43 90 3 95 65 39 82 78 38 72 86 20 42 75 42 18 26 73 98 49 40 49 83 55 35 3 40 12 83 89 38 63 56 25 39 88 23 85 14 2 45 94 11 92 92 55 38 17 13 72 56 42 2 9 43 77 50 16 7 34 25 5 7 82 78 94 35 69 34 37 70 10 21 29 69 65 10 24 37 74 60 86 20 47 40 13 84 40 96 48 47 78 53 8 79 52 17 2 15 17 4 70 70 73 74 96 14 63 69 25 66 64 8 10 12 59 49 48 91 9 30 32 71 36 68 92 17 78 95 3 7 40 76 97 96 91 61 87 62 71 80 96 32 48 24 66 6 20 80 40 15 53 38 75 14 38 84 66 19 95 16 89 7 59 6 42 24 20 81 93 6 65 66 36 60 46 56 72 76 1 20 89 81 82 10 16 52 63 75 71 98 19 95 33 39 0 40 93 50 56 69 11 23 86 88 75 97 93 91 24 47 72 65 20 88 8 57 2 65 77 15 35 36 40 3 76 96 24 85 83 36 50 64 85 59 79 3 2 51 71 25 84 65 59 82 99 59 82 54 88 61 29 81 40 41 59 10 53 89 34 33 45 21 14 98 15 
29 63 69 68 64 41 56 95 89 73 21 48 15 21 92 20 24 18 37 39 21 20 64 25 97 31 65 19 21 74 62 68 30 85 90 40 61 22 26 43 90 76 31 68 36 85 93 45 39 2 84 5 85 81 68 76 47 82 58 63 47 72 44 89 73 64 81 58 8 62 29 13 77 23 91 8 64 23 35 54 40 33 30 3 74 48 57 73 41 43 89 91 69 26 28 79 96 98 7 10 64 86 32 10 92 45 41 58 38 20 52 95 26 86 22 3 11 33 57 14 99 64 52 28 59 63 88 50 61 95 79 40 15 4 44 99 40 34 49 76 15 19 30 75 15 83 58 6 21 46 12 8 88 17 73 81 72 51 50 88 3 65 87 32 99 63 67 60 6 4 81 45 11 8 7 29 9 53 14 88 2 77 43 16 56 3 39 14 61 81 65 59 66 53 86 12 63 64 62 58 56 3 82 97 87 74 38 53 36 42 85 97 11 61 59 14 49 64 43 90 85 65 11 50 45 70 87 66 94 40 0 65 69 68 42 13 75 60 75 79 70 21 81 84 17 71 34 19 45 72 88 73 36 49 6 72 18 68 25 89 95 19 96 69 65 37 80 51 59 41 85 80 57 88 62 92 33 93 8 78 40 37 14 51 86 77 59 3 73 37 77 89 7 9 97 24 8 29 7 6 
95 80 40 15 74 53 70 14 1 45 7 73 50 62 48 68 97 78 40 3 58 64 17 70 51 29 73 36 7 35 86 65 64 28 35 78 36 39 60 56 49 15 76 53 88 7 83 58 50 39 42 49 30 48 54 9 16 86 11 74 64 8 56 58 31 78 80 83 82 80 48 94 98 39 76 91 57 17 31 27 89 49 61 53 43 93 79 32 77 46 3 61 2 4 87 66 91 71 60 79 53 22 89 73 88 10 5 17 35 98 48 35 87 65 88 64 12 75 67 3 27 27 33 12 83 81 14 75 52 2 81 20 4 72 49 68 23 55 93 44 72 71 20 13 91 53 54 36 64 76 57 66 4 64 10 51 34 10 6 60 30 58 12 23 3 7 17 31 88 33 75 43 28 34 13 27 78 87 79 90 35 74 13 43 97 96 44 19 33 44 82 84 69 98 80 1 60 53 33 55 66 20 63 99 76 25 33 64 21 99 3 25 4 3 41 39 10 42 33 84 54 24 29 79 69 29 12 61 20 93 65 0 24 56 35 54 82 61 5 35 56 88 54 17 37 47 94 1 97 80 13 82 62 44 77 25 20 88 90 65 96 78 95 11 30 22 6 74 56 12 35 17 26 17 41 76 32 89 71 77 96 2 99 29 76 65 71 15 73 5 35 58 3 19 18 44 3 39 57 41 
75 22 33 21 84 24 11 39 60 41 75 38 89 8 47 32 61 59 21 46 2 12 96 26 33 3 1 64 70 29 47 42 67 65 86 62 51 63 47 60 98 70 12 52 61 83 54 13 66 91 38 84 71 27 55 86 34 97 71 55 29 81 92 10 53 43 32 65 59 59 2 95 35 58 25 45 77 91 98 69 20 49 56 19 98 95 20 89 91 52 62 15 17 8 53 65 70 77 96 44 21 47 5 32 22 17 10 46 10 92 38 85 87 70 16 27 34 93 15 67 78 78 43 58 28 23 44 62 68 76 83 80 37 26 98 11 5 53 42 34 62 43 79 52 82 23 53 40 1 89 7 65 38 9 26 45 54 54 49 20 4 49 40 1 82 38 36 70 77 63 96 72 1 15 10 33 55 49 50 5 63 90 22 75 11 58 92 59 73 27 96 59 88 5 83 34 17 76 54 1 90 38 48 1 39 17 8 22 8 32 38 31 25 37 55 37 32 54 95 40 81 10 35 49 77 10 90 8 10 50 69 24 0 23 22 22 12 24 62 1 51 3 95 18 89 89 5 12 67 91 90 89 34 67 67 33 66 53 77 3 72 53 12 77 96 29 62 30 18 10 34 83 73 91 84 6 6 60 47 53 79 13 41 12 93 41 75 5 70 20 14 71 21 90 18 73 87 68 26 81 
9 20 98 86 89 19 4 92 63 68 36 42 46 52 58 71 19 12 83 59 67 4 72 73 35 76 93 60 32 56 91 96 8 1 85 67 86 83 73 17 46 21 21 18 59 12 26 32 57 68 1 90 35 71 22 7 20 81 43 96 49 73 6 65 21 94 66 59 75 65 59 41 48 15 3 22 24 36 85 13 14 37 92 93 95 34 3 93 30 91 60 53 86 2 21 22 44 8 45 67 2 6 86 18 76 17 33 80 12 94 67 76 90 64 70 88 8 61 64 99 21 25 14 28 33 54 65 25 25 36 30 25 16 90 92 99 25 87 41 74 26 47 1 80 67 91 14 38 61 80 76 80 57 60 51 18 83 49 66 76 68 55 98 67 22 66 55 44 78 13 34 15 59 9 63 70 66 44 42 26 10 90 2 50 79 75 1 76 18 39 79 49 76 98 4 4 21 82 10 6 20 41 94 78 96 92 90 97 87 56 57 40 67 13 33 26 39 91 41 8 47 30 83 4 3 61 39 72 32 56 68 56 23 0 98 21 56 62 26 29 3 83 32 2 24 46 90 78 18 57 6 70 6 34 92 31 47 84 70 68 67 61 31 78 83 46 46 24 53 47 17 41 62 27 98 69 32 90 78 83 83 38 12 88 97 68 5 46 26 39 51 25 77 53 83 24 89 59 59 22 
33 78 8 10 83 80 40 88 2 25 37 90 87 98 80 65 97 67 76 18 80 40 77 99 55 93 95 33 4 72 49 47 1 3 59 51 51 58 43 33 66 93 91 68 48 70 28 84 62 13 12 74 53 37 67 13 39 90 60 7 81 74 29 87 20 6 9 63 94 20 44 20 67 91 36 72 46 12 85 85 20 58 45 37 80 59 30 97 42 43 63 24 96 78 6 91 48 19 81 76 77 69 19 5 95 91 58 10 48 36 63 86 76 78 94 12 76 67 61 49 7 5 80 90 87 49 4 64 41 97 2 10 71 37 28 96 82 81 90 17 3 60 30 87 48 2 50 11 50 12 66 56 35 87 13 76 44 2 45 36 45 82 24 98 42 55 38 10 74 65 37 45 61 67 49 87 55 95 94 72 4 81 26 25 24 72 56 79 90 35 67 71 27 2 4 52 29 38 63 90 49 6 38 95 42 24 4 21 3 17 65 67 67 32 89 94 28 25 59 55 62 32 39 22 54 30 94 34 22 69 42 35 22 98 0 12 78 77 33 14 37 77 17 98 25 36 50 63 3 18 41 91 54 89 41 53 45 47 56 46 25 79 80 79 65 2 53 68 14 25 13 41 63 81 5 83 69 99 73 8 10 48 57 57 38 42 83 69 30 50 62 19 52 62 55 16 87 28 45 94 
9 34 34 43 56 52 78 60 92 79 74 31 31 51 2 56 63 34 29 34 78 31 63 77 84 44 38 94 96 46 31 19 18 6 67 77 82 84 19 28 54 11 86 20 97 2 39 43 39 9 8 79 97 14 25 88 31 21 5 64 64 34 35 94 48 62 51 94 93 90 9 4 84 92 35 56 42 7 92 64 51 90 28 85 90 3 4 86 18 34 94 33 39 83 55 25 40 24 38 99 41 53 46 25 97 38 64 93 35 11 92 17 46 26 70 32 89 34 34 99 86 52 48 32 54 56 8 65 71 78 37 28 41 15 1 50 22 97 39 41 61 71 68 15 1 76 94 90 88 7 66 92 73 10 65 84 9 24 16 44 11 13 78 93 29 25 50 62 39 1 4 33 56 69 68 38 59 2 76 7 2 67 6 10 52 46 20 73 54 11 76 99 92 32 79 87 9 17 61 21 12 20 83 81 29 46 43 58 36 98 54 88 4 66 8 24 66 27 20 10 29 47 95 57 52 19 12 25 64 11 13 54 22 21 12 0 34 72 5 99 34 91 81 81 97 7 63 32 16 86 2 55 75 99 14 29 98 79 53 59 10 55 59 4 45 41 76 65 66 30 22 84 26 9 62 70 81 69 78 21 74 79 3 11 59 61 55 30 88 90 60 9 85 24 22 66 58 26 18 10 
85 5 63 67 79 33 38 47 68 68 39 40 84 84 13 60 10 8 99 93 62 23 73 79 91 30 42 58 32 50 68 46 46 19 59 84 92 24 72 42 90 8 73 57 97 83 42 19 34 86 47 50 6 56 62 88 4 41 86 92 68 24 99 11 40 63 39 30 57 97 21 36 57 83 97 81 31 54 26 18 3 33 30 72 82 82 52 37 11 71 66 64 78 24 8 73 64 81 26 7 90 90 83 54 92 75 30 76 83 14 7 15 82 22 45 26 99 45 37 69 49 32 90 48 34 81 32 90 26 38 29 21 50 88 60 15 74 2 22 79 91 52 46 60 44 40 41 38 3 98 1 64 46 49 4 79 13 42 19 92 52 15 88 98 48 81 12 52 44 54 96 5 52 61 48 10 93 86 52 41 23 63 82 31 90 2 27 63 8 70 34 99 60 91 46 73 59 12 77 14 62 74 82 94 7 2 53 87 29 62 34 43 70 63 50 93 67 39 13 31 8 44 99 36 73 52 99 93 93 23 75 82 12 56 78 34 0 17 69 61 51 46 6 21 9 66 83 4 11 62 10 1 39 1 14 31 43 44 30 29 61 78 3 6 6 38 16 47 43 48 23 5 54 73 93 73 3 73 96 15 1 72 58 25 21 75 84 62 46 3 3 10 66 20 70 31 82 11 65 54 
78 40 15 21 71 38 17 63 82 51 72 6 78 22 40 57 24 7 41 9 78 78 22 45 46 91 30 28 12 42 20 87 61 62 89 72 7 74 78 84 93 31 45 35 35 49 48 44 8 64 67 92 28 55 74 59 64 27 64 29 88 96 43 6 55 49 47 62 91 99 6 43 57 39 11 35 64 6 18 27 99 37 44 12 18 87 21 63 83 1 48 69 66 83 63 6 77 98 67 73 74 7 16 6 27 26 82 27 1 61 18 66 91 36 46 29 79 2 43 83 65 46 13 46 39 79 34 57 78 90 85 47 66 15 92 22 30 68 48 61 97 97 92 9 10 6 99 88 92 53 25 90 69 94 7 75 40 60 82 70 3 43 1 67 55 51 38 30 57 90 45 55 87 17 68 96 82 33 84 68 42 98 35 59 92 87 60 95 46 20 44 53 41 25 83 29 92 55 68 19 99 96 76 29 34 43 55 82 51 55 97 20 63 81 84 43 55 58 34 16 20 18 22 40 13 80 27 36 79 86 60 61 24 62 77 72 17 0 26 30 74 73 63 97 4 96 56 91 66 17 63 44 53 9 85 96 5 75 26 24 84 44 17 91 81 34 97 44 98 39 23 43 57 65 87 78 77 56 56 1 61 86 14 72 90 56 56 44 82 60 39 68 49 60 93 42 22 84 8 95 
51 68 78 17 28 31 26 87 42 49 57 34 72 10 20 27 41 5 86 45 79 63 74 97 46 80 56 77 22 41 44 94 11 73 88 6 72 69 52 40 84 48 4 6 25 5 78 61 96 40 26 63 95 24 15 84 68 77 8 68 54 58 69 79 81 24 67 75 65 16 42 2 67 89 96 12 93 59 87 18 57 83 82 57 96 47 26 91 90 75 25 70 50 71 36 58 63 47 26 58 91 45 11 86 54 68 69 77 99 36 99 88 64 45 49 41 65 34 14 60 86 17 90 50 8 7 16 55 76 53 36 71 98 5 1 33 33 24 19 97 65 86 83 95 21 49 9 64 96 59 37 73 51 66 86 39 11 65 74 26 37 33 85 87 95 76 27 16 43 25 14 1 3 68 83 64 22 35 58 16 5 13 30 4 47 91 88 21 34 14 78 81 10 85 98 72 4 59 47 81 2 42 45 22 38 36 55 60 58 70 60 55 23 39 18 39 60 23 99 97 75 2 61 97 40 8 40 9 87 88 75 5 62 26 33 5 69 26 0 40 58 18 47 93 35 43 67 30 52 13 43 89 44 55 55 58 17 26 3 91 15 26 57 50 5 50 18 66 78 51 19 92 60 7 40 27 35 57 67 3 39 34 19 40 40 86 20 97 30 49 48 68 41 15 5 13 10 65 48 8 
80 35 44 59 24 41 47 62 84 36 72 75 59 78 56 90 77 63 84 6 86 65 19 12 9 48 50 89 42 45 2 11 39 65 47 33 13 86 26 37 19 34 31 33 23 5 38 27 15 49 16 89 20 52 87 19 87 10 83 42 65 31 65 85 63 4 11 43 37 68 94 1 21 74 72 63 87 41 67 68 86 19 62 28 33 85 43 99 12 15 67 16 33 48 84 90 33 48 93 63 54 66 63 36 57 90 80 80 74 41 68 80 41 48 86 17 21 27 31 43 61 6 62 29 66 92 31 43 2 54 41 12 25 3 32 66 70 27 10 47 27 41 26 83 32 4 39 84 5 73 1 69 81 43 21 28 23 5 45 57 60 36 92 86 6 69 90 37 80 3 51 79 43 69 59 22 14 36 10 41 47 48 74 31 20 49 25 87 77 8 65 72 3 23 15 31 4 37 98 59 77 67 9 47 18 59 51 76 14 45 91 70 61 55 81 77 98 90 44 59 71 22 72 26 41 84 94 67 44 75 79 35 1 29 14 99 61 30 40 0 47 35 44 66 85 38 50 92 34 66 90 9 56 90 78 76 26 98 29 48 8 37 65 20 24 1 55 29 49 54 26 26 17 7 75 86 9 44 51 15 26 47 17 15 94 1 73 20 42 35 47 38 94 1 43 72 28 93 63 66 
42 35 62 78 54 51 8 40 45 53 68 20 63 12 60 78 98 1 6 10 51 57 83 11 53 35 19 8 2 96 88 34 53 43 64 61 9 75 47 83 26 4 63 35 94 84 78 44 25 60 58 45 71 94 96 92 18 78 85 35 67 13 94 4 72 86 86 99 96 46 83 80 5 32 78 47 88 98 49 3 80 68 68 35 80 2 69 1 21 49 42 75 58 82 9 54 21 98 17 70 33 57 89 40 58 58 62 82 56 85 68 84 42 41 30 49 31 68 77 84 90 33 73 92 33 63 45 30 62 58 11 93 81 69 35 48 71 90 28 15 51 57 51 36 9 77 92 25 3 99 99 39 21 38 89 63 86 49 59 13 95 11 61 88 62 60 49 60 1 10 91 4 29 88 19 4 24 29 89 71 24 16 26 97 35 77 42 79 82 4 47 6 61 37 78 66 2 79 37 51 33 39 25 66 3 28 82 1 79 76 52 86 24 61 40 20 5 13 93 79 35 97 47 88 40 99 10 76 67 97 70 56 51 3 37 34 51 74 58 47 0 27 75 99 78 2 40 66 52 25 30 62 99 45 43 64 91 5 5 40 28 9 51 75 48 6 61 77 66 68 36 60 79 52 64 66 18 85 8 29 16 39 93 41 40 70 27 2 31 66 26 53 78 32 92 14 75 87 1 70 
65 43 86 43 70 74 44 72 98 32 50 94 43 68 58 31 7 22 11 42 86 72 55 84 79 29 16 6 59 5 81 57 10 74 69 42 17 30 5 70 7 4 77 82 97 84 56 70 87 99 24 44 55 97 56 91 31 5 22 8 65 90 97 84 85 34 35 85 2 42 87 47 57 14 40 96 3 13 15 2 29 76 75 92 48 82 68 14 29 19 5 84 79 43 74 34 87 46 26 23 69 79 78 65 12 17 29 59 29 61 98 9 4 69 2 67 17 77 67 31 63 35 24 28 6 10 83 5 32 86 47 47 74 76 12 42 81 67 97 13 37 30 21 9 96 82 27 30 15 11 54 28 35 60 9 50 9 42 63 79 53 92 40 60 13 56 27 33 74 20 95 46 48 56 89 62 95 38 50 7 29 5 14 6 60 98 5 10 39 48 98 41 82 63 25 80 4 64 98 71 2 84 28 36 14 15 84 43 42 50 42 49 21 63 43 50 84 89 7 11 57 73 48 73 88 14 98 6 13 93 21 88 3 83 77 91 46 73 18 35 27 0 70 5 17 17 40 22 33 14 20 15 82 59 99 34 34 63 46 9 66 86 34 74 91 66 19 45 36 9 73 75 72 17 15 43 49 86 16 44 21 71 33 38 72 43 32 14 5 7 8 66 79 22 73 42 3 5 34 31 
84 79 37 36 69 69 1 3 7 2 62 38 19 36 67 53 80 21 49 51 17 36 75 94 90 10 58 88 86 58 82 32 13 89 45 79 19 68 43 60 80 55 44 89 23 36 38 34 88 98 94 29 24 65 20 11 54 15 72 57 10 10 63 2 24 75 74 89 21 83 7 7 41 27 75 83 39 12 17 18 12 77 26 57 37 47 51 57 26 99 78 96 2 61 7 57 51 56 3 71 3 27 22 69 72 92 20 48 25 29 13 28 14 76 59 36 31 7 47 67 36 82 29 48 54 18 33 32 43 38 48 62 33 92 81 46 66 18 40 58 27 78 64 93 42 46 34 20 27 34 69 57 85 77 41 35 67 10 40 8 62 13 45 69 22 46 32 51 76 32 85 56 48 79 13 57 1 30 96 5 34 69 19 52 47 10 3 10 53 29 3 34 3 81 95 54 79 49 59 86 81 5 64 45 14 68 21 31 47 41 37 90 38 1 45 95 14 96 9 21 77 16 37 30 85 94 30 39 16 91 81 54 95 32 17 81 6 63 47 44 75 70 0 9 94 51 89 99 7 16 75 7 24 62 54 80 74 62 91 61 40 62 30 90 97 44 63 84 70 7 85 52 66 48 8 91 95 17 69 98 85 82 92 72 80 98 48 35 56 47 83 46 78 96 71 74 2 48 62 20 
25 83 13 76 24 81 57 60 88 65 83 90 59 38 89 89 35 38 61 74 2 53 74 53 22 53 60 43 99 12 32 4 42 51 33 84 56 56 21 77 7 85 71 73 5 77 70 17 71 59 3 81 18 33 41 43 40 20 63 46 15 84 49 34 68 19 47 58 25 89 10 53 77 84 25 3 42 85 67 48 82 82 31 38 65 65 33 85 59 68 1 60 71 87 73 96 3 82 50 53 13 53 64 1 78 37 88 10 49 44 80 32 30 78 90 81 27 67 98 85 83 97 50 52 27 5 71 64 10 38 49 95 67 31 41 33 19 54 66 20 43 12 84 37 74 31 82 34 50 25 70 84 58 24 37 82 38 48 74 74 98 4 52 6 44 69 98 97 86 96 15 25 84 44 90 64 37 14 98 53 75 80 52 72 2 47 85 92 47 43 29 99 70 14 71 59 55 76 4 89 20 44 88 91 39 86 32 97 24 63 6 87 94 22 41 53 26 64 1 4 14 97 56 86 33 26 41 58 61 24 84 17 18 2 98 81 21 97 93 66 99 5 9 0 63 35 2 10 30 65 28 56 52 80 29 58 77 93 11 19 50 59 35 21 40 58 10 81 88 39 48 31 9 37 79 21 6 65 15 92 77 13 7 46 30 50 83 67 63 97 12 66 12 3 42 27 99 87 58 92 
21 39 54 29 47 16 15 26 57 32 99 16 76 42 58 32 81 51 68 78 22 47 4 31 64 25 89 65 23 55 16 21 24 67 60 7 49 27 36 34 4 89 87 19 23 88 51 11 30 58 33 17 50 70 13 39 6 7 18 39 66 79 21 6 13 6 48 92 25 49 27 69 45 96 41 47 14 88 27 49 29 52 5 67 60 34 12 93 29 88 11 9 88 64 80 16 77 72 88 82 30 28 22 7 38 93 57 87 73 28 10 50 81 88 29 96 13 93 65 10 45 7 88 33 19 48 50 85 57 67 39 98 5 31 19 90 49 2 96 42 24 58 60 16 91 62 75 17 79 28 86 27 15 16 10 47 63 41 36 32 80 58 9 67 85 29 29 84 12 93 71 96 90 6 1 52 69 37 68 13 41 29 45 35 23 92 94 42 8 25 70 69 8 60 11 7 91 91 86 69 68 50 93 91 36 4 29 46 63 1 27 60 56 54 76 12 15 66 18 24 49 9 32 75 13 13 6 97 37 47 17 37 89 24 25 97 9 4 35 85 78 17 94 63 0 26 74 27 11 78 57 4 71 60 57 67 34 56 42 4 12 78 79 92 5 14 90 39 47 19 24 86 39 89 8 32 20 86 18 64 12 43 92 60 66 16 15 49 28 91 88 69 18 64 31 78 10 12 54 3 
45 49 27 86 40 64 56 58 50 19 84 13 13 10 54 84 7 59 60 63 58 9 31 31 32 73 86 78 43 24 89 35 71 48 23 38 31 9 79 96 58 78 17 14 15 7 61 39 74 10 73 32 20 20 15 36 83 7 50 75 4 13 51 64 13 14 63 30 86 28 43 89 7 90 23 8 49 41 55 67 53 60 16 26 85 39 62 54 29 61 43 84 69 64 92 83 18 91 24 81 50 60 85 82 92 9 5 29 72 87 88 91 37 46 94 64 27 34 73 50 94 86 77 80 90 20 88 16 74 52 31 28 34 93 62 96 29 29 9 2 66 18 51 48 61 28 58 82 41 97 20 21 53 38 61 9 69 30 85 58 13 24 3 49 80 48 78 41 81 63 50 56 7 7 45 88 60 1 74 48 16 98 96 86 83 79 87 77 49 83 50 84 77 84 28 65 7 42 7 77 36 43 24 24 24 79 89 48 52 52 21 32 21 93 47 58 40 8 1 68 48 84 20 16 91 44 31 54 66 72 71 47 89 46 36 7 66 96 43 38 2 17 51 35 26 0 56 17 71 71 51 7 44 26 49 62 75 60 93 16 56 48 68 97 45 11 60 71 38 31 5 97 18 14 3 76 78 30 4 59 75 8 73 20 96 6 36 29 20 24 6 6 68 44 86 53 13 6 62 43 
16 82 83 35 67 65 56 33 48 67 86 98 29 16 56 44 33 82 34 8 23 81 79 63 6 89 41 74 9 46 71 67 58 95 8 41 6 51 1 17 32 87 3 6 16 10 23 33 70 69 39 37 77 37 83 26 2 31 20 75 33 67 71 88 14 87 83 22 12 20 25 66 47 72 90 40 53 99 25 34 40 11 17 14 11 8 18 23 24 75 70 4 11 64 74 89 80 26 27 66 17 38 6 86 32 42 7 96 40 28 61 38 37 90 78 94 57 52 96 30 47 33 70 18 62 43 79 17 51 70 68 93 59 65 32 91 13 50 20 91 81 62 10 50 38 91 37 16 79 12 42 32 94 21 63 54 67 71 37 51 10 2 25 59 46 91 19 82 76 37 38 12 57 68 71 69 28 44 41 79 25 18 88 65 70 98 86 32 8 79 66 83 9 84 59 6 97 89 31 24 31 43 42 48 35 79 82 86 33 93 52 25 26 61 30 77 19 97 84 92 82 81 30 33 76 47 38 96 72 65 34 94 5 90 50 63 83 56 67 50 40 40 89 2 74 56 0 25 16 89 3 98 60 77 31 23 31 46 57 39 94 64 98 10 82 40 2 81 88 63 72 17 86 14 64 80 35 78 14 52 8 66 71 7 14 48 55 85 38 19 54 25 91 68 74 96 88 75 86 72 
31 6 13 45 78 92 53 31 73 16 88 65 46 94 3 1 13 79 22 33 17 61 70 22 72 88 89 46 21 61 4 96 76 6 26 15 66 61 69 86 26 39 55 6 53 58 90 79 61 78 54 19 60 48 32 21 31 74 94 82 76 91 41 44 88 19 99 66 20 87 61 65 8 66 80 26 85 20 26 37 63 75 81 94 55 46 4 78 24 55 47 47 92 28 67 49 33 22 22 67 83 94 21 94 86 51 54 21 70 14 18 82 67 89 88 93 96 92 99 58 66 78 47 40 73 25 88 96 25 26 61 89 76 76 18 73 38 48 7 38 17 70 99 20 79 25 65 64 41 57 26 73 15 49 42 3 73 23 58 62 32 56 83 86 40 9 54 82 26 45 21 67 46 21 79 42 14 43 7 61 69 12 27 62 11 52 74 38 9 82 42 91 41 49 18 84 95 66 81 53 86 97 48 1 65 13 71 10 38 50 3 40 43 7 96 21 60 89 93 4 89 97 90 48 65 27 74 14 89 20 19 1 12 78 63 32 4 91 30 92 66 22 99 10 27 17 25 0 72 41 57 41 72 83 9 30 36 25 72 39 55 49 93 67 47 23 28 1 91 21 2 2 23 39 20 73 89 64 2 42 4 37 33 11 11 92 36 26 71 83 73 34 57 45 24 96 41 2 69 79 
92 92 26 93 27 21 79 53 60 44 48 1 50 86 34 52 71 7 77 80 68 4 99 23 8 1 73 4 71 7 69 25 24 41 81 38 36 75 20 69 82 65 24 30 2 4 94 85 13 46 88 43 6 26 30 35 80 24 29 27 96 81 51 61 40 54 3 9 68 69 69 80 5 94 34 68 12 13 17 20 50 30 36 89 84 27 56 21 49 2 50 71 41 40 11 66 75 72 49 11 32 19 67 3 62 72 45 57 92 36 16 67 46 49 44 22 25 1 72 29 47 87 31 18 70 25 75 97 8 16 30 25 21 64 95 3 80 5 65 14 76 29 92 94 53 23 12 50 67 61 35 41 83 53 82 60 91 62 75 89 48 98 48 43 75 85 30 70 6 37 92 73 13 2 16 1 98 43 63 30 99 9 86 12 85 53 20 78 67 26 27 38 52 96 28 60 75 87 46 28 89 28 17 19 44 13 52 97 83 93 95 95 76 82 53 22 63 83 86 29 13 28 65 98 84 65 69 22 49 88 45 97 67 18 3 16 11 66 52 34 52 33 7 30 11 71 16 72 0 79 27 73 89 33 90 24 81 74 98 84 14 52 4 43 67 82 64 39 73 35 62 4 3 30 9 76 92 16 79 92 32 93 92 45 4 36 82 23 17 80 86 84 31 92 69 91 57 63 25 51 
15 9 2 83 25 55 98 92 94 40 1 70 95 77 45 11 96 47 84 67 38 23 97 43 39 24 97 70 55 38 49 75 55 92 78 29 50 5 21 9 60 52 2 33 36 37 55 81 72 48 2 80 43 93 45 27 14 35 45 62 9 41 85 44 99 63 97 95 27 19 92 49 93 91 97 85 54 64 51 33 24 40 90 56 21 99 27 84 18 67 20 18 77 61 74 99 21 84 90 6 72 49 85 40 58 47 55 69 68 6 61 60 75 98 51 1 39 88 44 68 50 18 35 2 40 94 22 3 62 92 77 15 13 90 25 22 84 41 11 33 12 20 38 86 80 62 17 25 41 13 64 37 86 99 95 19 27 60 64 59 60 19 63 34 71 11 28 44 93 51 49 80 65 23 8 59 46 60 66 50 72 38 52 5 23 30 45 76 88 19 16 96 79 42 18 25 4 74 2 79 19 32 44 89 45 1 79 5 96 21 36 63 99 59 36 42 57 51 93 86 87 51 88 62 4 46 80 68 81 8 72 80 91 57 18 86 62 17 13 66 25 14 16 65 78 71 89 41 79 0 24 79 2 90 40 53 36 60 72 82 76 86 49 54 92 12 29 71 67 78 69 89 57 17 70 47 78 43 51 77 57 77 58 20 30 85 36 92 76 9 13 60 64 49 27 6 58 31 7 52 
20 41 42 9 18 24 54 42 83 21 66 51 23 30 54 73 52 13 7 42 61 32 17 57 9 17 83 77 52 72 54 40 91 34 66 40 92 20 1 35 10 89 23 31 20 40 6 36 34 65 30 49 31 22 3 70 93 53 68 44 76 1 9 97 56 81 21 40 76 10 20 89 14 48 79 90 23 35 24 38 22 45 13 7 21 51 91 34 50 79 3 49 60 36 42 83 11 51 38 53 25 88 41 56 61 27 2 12 76 55 39 76 57 31 68 49 9 28 16 73 79 17 41 44 76 72 1 70 25 73 8 57 56 41 41 7 65 4 62 60 61 98 6 84 43 85 99 76 90 47 31 16 81 79 95 44 26 80 74 64 4 84 11 93 24 84 12 85 96 51 12 90 31 68 34 80 88 74 21 23 68 39 13 94 51 11 90 99 27 75 65 11 82 60 11 28 80 14 53 24 81 54 82 93 77 21 55 98 44 3 49 7 32 40 94 59 93 44 98 23 87 89 72 81 57 53 64 99 87 57 88 13 90 6 41 2 10 63 43 90 30 20 75 28 57 51 3 57 27 24 0 58 96 69 79 13 60 6 80 33 94 95 3 11 51 49 29 47 19 89 65 13 43 49 38 30 54 30 24 54 48 71 36 71 79 94 96 99 92 34 48 30 64 4 21 66 19 40 90 60 
27 70 56 31 88 7 61 79 81 2 22 48 77 53 38 40 46 62 22 78 79 96 33 96 60 15 33 97 15 44 35 73 2 80 89 80 34 54 9 13 13 66 11 66 36 32 83 13 82 14 59 63 73 21 33 31 59 51 74 49 39 5 95 12 46 79 45 62 49 69 41 17 62 52 44 87 48 75 14 94 48 62 29 7 94 73 47 49 57 33 87 99 69 66 19 98 4 87 84 17 45 56 66 6 82 78 90 68 40 82 3 4 9 79 56 85 42 59 77 37 41 60 56 55 58 6 36 81 15 14 62 30 7 99 51 94 32 29 27 10 69 12 10 18 59 74 62 29 92 96 1 43 91 20 25 50 25 90 75 52 31 7 41 61 1 38 66 1 59 68 46 22 13 4 57 18 59 42 27 69 93 61 57 45 14 81 74 38 75 88 92 57 27 22 71 35 36 5 51 48 36 56 68 53 2 63 22 14 54 71 75 88 24 81 79 60 53 24 61 50 42 97 54 87 41 30 37 23 36 2 73 82 89 70 91 55 1 44 89 9 62 15 7 56 4 7 98 41 73 79 58 0 10 96 91 2 6 73 85 20 37 29 52 62 85 98 72 77 72 83 81 92 11 99 97 93 29 28 34 50 72 29 53 96 55 97 6 10 9 38 38 90 95 11 22 55 29 34 1 80 
87 6 56 65 2 25 1 58 99 1 22 19 57 26 63 77 18 50 15 77 81 96 49 93 94 90 61 99 77 8 75 88 51 6 32 77 43 95 89 39 49 55 33 57 60 43 84 4 4 94 1 90 72 59 73 69 87 50 99 58 73 75 30 98 54 25 70 68 96 66 40 11 44 79 20 30 44 69 24 96 62 13 54 90 66 4 44 19 2 58 76 84 4 95 21 58 51 28 99 16 82 7 76 32 22 5 4 49 63 36 86 89 31 52 50 22 53 26 65 84 16 1 20 54 70 90 18 23 88 52 81 28 36 45 32 78 82 50 36 41 47 96 75 90 72 19 37 5 78 59 49 47 13 2 48 28 21 37 43 49 13 41 5 67 69 14 87 80 98 21 68 22 11 36 25 6 27 17 43 56 55 98 87 54 56 47 75 93 63 84 22 68 18 8 86 49 74 44 45 36 46 26 70 55 14 97 92 24 8 60 58 31 27 28 38 52 88 39 48 52 64 41 42 53 77 5 85 26 22 65 36 62 34 6 54 75 39 53 44 56 99 82 24 52 71 44 60 72 89 2 96 10 0 52 46 98 4 20 63 7 78 15 55 68 50 84 53 50 26 76 21 90 58 88 25 23 25 52 89 82 65 1 59 81 11 59 20 49 40 21 87 82 98 65 33 25 27 5 38 45 
8 8 65 78 46 1 15 46 93 46 40 69 90 87 74 14 88 52 42 49 91 56 18 38 72 44 42 27 3 20 24 7 75 78 53 55 86 27 72 37 5 20 98 73 81 63 35 20 60 47 93 16 7 73 65 88 9 86 40 97 89 76 8 94 9 17 27 78 22 50 81 54 6 4 21 93 8 80 80 87 28 20 52 54 50 21 42 92 59 49 33 4 85 16 89 1 35 10 46 25 21 68 55 99 32 67 33 33 26 70 59 81 12 92 70 61 71 95 85 55 61 91 54 43 40 53 24 18 48 60 37 72 57 97 59 84 51 22 18 1 22 31 94 24 62 71 42 35 14 39 74 92 10 55 53 6 88 28 7 98 87 79 58 88 33 80 40 6 29 14 12 62 85 76 2 92 35 81 99 89 64 67 24 35 93 56 99 71 15 91 67 37 45 78 60 68 45 74 11 53 26 17 61 99 92 93 86 9 52 11 50 60 43 81 13 91 53 87 69 79 83 71 38 27 43 93 64 52 93 77 49 44 67 34 89 99 1 9 55 90 45 59 62 80 60 26 77 83 33 90 69 96 52 0 29 20 39 20 98 16 83 84 16 96 14 28 91 85 95 29 11 74 17 37 64 84 93 92 82 1 99 87 44 85 71 40 40 77 78 42 25 34 13 33 6 56 78 15 87 92 
54 79 16 19 59 49 61 86 39 83 77 68 39 38 61 70 87 28 66 92 1 11 24 44 94 7 60 54 63 44 10 34 9 67 3 77 36 48 79 34 47 3 15 13 98 31 60 32 77 60 50 99 68 94 60 51 65 42 1 10 51 52 57 19 75 97 59 13 49 41 27 3 53 39 42 6 9 51 39 10 65 1 7 54 75 25 8 34 64 68 26 6 27 90 61 10 61 1 79 24 32 14 80 97 61 6 96 83 57 92 41 54 90 66 51 57 84 43 12 27 73 90 73 22 91 32 57 39 70 49 71 13 2 69 80 66 13 83 74 25 82 49 88 31 82 6 56 62 54 59 29 94 74 80 13 24 78 22 86 70 97 23 38 37 26 30 6 77 94 96 40 35 48 23 85 34 63 39 34 69 71 58 49 53 60 81 36 13 70 85 96 4 59 95 90 79 34 42 56 35 27 73 31 25 3 59 87 94 63 94 62 1 79 68 16 22 24 25 16 30 80 50 31 42 88 7 37 6 14 15 6 77 67 92 41 14 14 85 55 78 43 99 54 29 57 49 31 9 90 40 79 91 46 29 0 47 74 37 36 39 97 28 88 56 5 78 72 37 73 74 38 6 79 33 68 75 34 3 53 87 47 51 22 70 63 63 85 2 63 44 72 16 9 33 30 37 95 16 72 37 
48 38 93 39 22 81 67 26 11 30 61 67 87 16 70 70 85 60 79 14 38 79 76 86 98 76 62 78 76 30 10 52 65 31 26 16 16 63 37 93 34 99 34 35 10 88 37 46 55 67 31 55 53 38 74 90 20 17 78 27 96 13 8 71 11 77 77 33 25 43 75 40 55 33 32 94 8 68 39 86 15 70 30 11 17 61 51 74 33 52 73 35 64 51 63 15 49 74 22 59 31 28 82 58 5 85 31 19 91 50 95 18 80 23 78 73 5 59 43 10 67 52 87 58 7 4 29 56 5 71 4 24 26 89 91 89 94 62 75 74 89 38 29 4 46 46 5 45 84 19 28 96 8 96 22 70 30 88 15 1 47 96 53 14 18 19 89 81 36 98 10 60 24 33 99 33 72 57 65 72 11 72 64 46 12 75 58 78 11 26 37 86 38 43 60 2 53 66 55 79 55 33 34 3 95 85 11 30 53 28 26 44 22 48 22 8 24 52 65 61 31 64 44 56 25 32 14 38 35 35 72 25 33 31 53 29 31 96 58 76 64 34 80 58 67 62 23 30 24 53 13 2 98 20 47 0 9 5 81 32 18 58 66 51 91 32 79 36 56 98 21 69 92 60 47 75 65 56 88 72 32 58 93 48 56 66 22 43 52 53 58 74 76 71 40 40 21 63 18 22 
61 79 41 12 18 29 96 74 88 27 3 75 12 23 73 50 7 15 69 76 77 56 94 96 83 37 83 8 28 62 83 84 70 16 5 75 52 60 51 80 38 54 76 16 76 58 26 91 38 22 25 49 31 10 1 1 80 10 58 75 13 54 42 98 71 54 43 76 89 2 70 97 97 80 78 92 99 25 41 98 12 29 52 7 90 13 24 97 34 80 72 89 68 7 7 56 47 41 55 23 71 34 40 5 66 26 51 64 48 74 64 40 62 39 9 45 86 7 85 8 9 6 14 21 77 49 43 89 38 39 19 49 58 7 36 65 85 6 7 35 41 58 50 64 36 24 69 52 36 38 60 73 26 55 12 59 1 21 82 14 76 9 55 48 53 67 50 42 21 3 82 41 23 61 58 88 80 5 38 23 32 71 73 45 58 87 62 1 75 72 91 62 92 85 74 70 4 12 27 20 87 43 15 92 8 14 22 69 41 15 14 43 72 28 91 66 98 3 67 34 11 18 65 67 31 66 14 91 40 36 18 20 66 47 45 98 43 5 17 26 91 34 74 77 34 75 31 36 81 36 60 6 4 39 74 9 0 64 63 20 70 30 93 8 72 41 23 16 53 87 65 96 58 60 97 98 52 10 91 41 20 38 90 31 26 7 79 18 34 46 49 93 46 42 50 36 62 79 55 97 
35 34 61 57 57 89 40 75 66 8 41 70 20 92 87 12 58 22 39 2 81 19 92 73 2 42 38 31 8 67 9 23 76 45 67 43 37 69 60 53 11 64 67 9 58 66 32 74 54 77 39 46 47 22 93 16 59 63 23 15 68 27 37 81 72 29 79 57 2 94 45 13 13 89 78 84 72 96 94 69 47 82 17 86 91 30 19 30 33 56 24 41 80 76 57 83 83 93 24 48 94 59 85 66 47 29 59 57 59 1 17 47 47 5 23 78 4 7 25 8 45 3 86 42 15 34 77 26 94 6 16 30 4 21 69 42 35 59 76 93 29 92 72 51 14 33 56 90 48 40 16 1 57 1 31 42 69 2 86 91 62 38 35 91 55 17 70 48 57 9 25 43 66 52 16 81 73 71 65 14 21 91 48 39 55 24 5 18 66 55 87 57 14 3 16 80 57 94 38 4 43 28 77 86 63 79 1 22 38 31 67 77 39 49 44 76 38 54 72 98 28 85 46 46 83 49 14 90 40 40 68 88 53 84 47 79 44 75 26 98 5 63 62 93 56 60 46 25 74 60 6 73 20 20 37 5 64 0 43 60 71 14 71 42 17 39 15 87 34 34 10 67 47 81 49 77 70 84 11 30 67 47 8 57 17 82 96 62 51 88 18 74 2 53 79 53 12 78 77 75 
33 28 71 53 34 2 72 7 96 53 78 56 89 37 83 13 58 88 92 33 82 95 65 95 67 22 23 65 42 65 72 17 97 33 87 56 9 47 9 31 64 40 37 25 25 86 17 91 31 33 97 93 42 97 1 46 63 86 70 84 78 60 99 99 30 38 73 58 11 29 1 84 62 62 76 49 39 98 33 19 91 96 84 51 2 30 35 85 44 24 76 16 88 73 46 81 95 27 88 94 9 70 41 87 10 42 70 20 95 4 23 56 59 81 7 37 90 57 85 77 73 74 12 39 5 13 63 96 81 41 43 61 74 85 78 1 2 82 51 84 6 98 65 83 96 26 55 99 90 72 21 67 25 31 67 48 52 83 5 70 13 49 40 71 62 91 64 87 20 52 57 69 93 51 52 59 49 57 12 68 45 87 21 86 38 40 31 27 5 62 58 64 41 9 63 57 82 8 47 23 34 20 72 91 31 47 47 25 9 21 47 61 43 80 86 28 48 18 70 35 35 82 56 20 1 50 7 54 44 3 25 90 77 70 56 53 30 26 3 29 5 46 91 11 42 93 57 72 98 72 80 85 63 98 36 81 63 43 0 53 66 95 48 10 40 31 79 74 69 2 70 14 97 17 54 82 42 1 29 99 49 59 75 64 62 40 39 18 87 16 71 78 68 14 20 25 27 50 11 95 
20 52 50 84 44 74 8 3 89 4 44 66 51 46 13 60 84 54 54 28 8 88 89 2 43 2 48 71 22 21 42 16 87 76 23 64 38 29 62 6 97 47 37 82 38 1 41 72 1 24 3 45 12 86 7 40 13 70 80 18 76 35 20 10 74 43 58 25 56 75 21 45 34 26 80 28 12 53 78 48 52 40 29 39 89 24 23 62 20 6 41 54 47 62 85 57 92 44 86 83 73 6 77 56 45 79 7 98 96 18 18 10 34 68 16 67 91 31 26 47 98 20 89 30 98 36 59 95 9 49 50 40 79 77 93 19 90 44 22 58 75 66 68 77 32 38 25 95 39 64 77 1 24 11 8 16 29 51 12 45 93 27 77 49 34 56 12 97 1 70 82 29 74 81 74 73 98 41 59 81 66 38 27 57 40 23 57 68 81 50 79 43 55 69 36 55 59 50 40 83 43 11 74 81 16 36 26 50 46 69 17 36 16 4 71 63 71 15 52 10 8 42 92 90 67 80 96 24 31 76 89 65 3 68 46 59 29 24 91 48 40 9 61 19 4 16 39 39 84 82 33 20 7 16 39 32 20 60 53 0 13 2 60 12 17 16 91 11 52 5 17 38 84 48 26 14 84 59 44 86 42 71 29 30 94 38 85 94 78 78 45 49 22 56 81 34 3 64 82 23 
68 78 51 77 76 22 17 31 60 22 84 82 75 67 49 14 73 14 81 10 61 78 64 17 99 85 88 72 44 36 88 82 14 45 31 61 31 1 8 73 23 41 27 22 27 2 56 13 68 76 12 96 16 37 53 50 34 93 60 11 23 96 25 69 57 23 43 85 67 93 64 65 7 78 27 59 33 88 46 86 41 68 65 98 82 67 83 3 41 61 21 66 47 54 51 73 36 56 36 89 44 17 94 84 73 29 12 75 39 98 78 15 57 58 44 14 44 68 66 29 27 87 17 94 91 61 48 56 80 7 64 7 58 4 90 62 99 81 83 73 50 28 34 32 49 91 37 94 14 12 81 15 66 11 81 35 42 2 34 99 93 80 2 50 44 5 46 31 96 40 93 5 3 79 40 48 29 41 30 29 30 91 41 93 16 56 9 75 28 38 82 31 71 41 40 59 98 56 78 37 9 74 51 29 24 44 37 74 25 29 21 12 95 12 10 51 10 20 18 64 32 82 99 92 66 57 38 86 84 96 95 96 72 67 25 10 61 84 15 8 28 66 40 50 12 56 94 55 14 76 94 37 78 83 97 18 70 71 66 13 0 80 76 81 39 28 51 28 42 8 56 48 69 75 18 74 40 38 83 63 34 84 16 89 3 81 74 42 75 4 64 85 59 70 84 15 14 20 10 64 
25 31 33 69 99 1 67 78 74 84 60 51 92 4 9 90 7 75 95 37 93 16 71 27 47 35 14 23 20 75 47 70 29 5 58 7 86 24 88 67 22 59 59 13 85 53 88 94 83 35 59 56 94 68 99 13 7 66 35 88 60 64 96 34 41 7 39 79 15 90 84 71 44 66 90 21 70 88 8 36 16 57 80 50 89 80 18 7 65 53 31 46 29 20 81 7 64 17 97 49 16 54 62 23 64 60 11 57 91 15 42 30 83 33 85 75 1 2 2 92 33 56 5 19 70 89 41 80 8 41 12 40 45 18 9 73 97 40 40 18 94 66 19 38 10 73 61 20 65 65 42 29 5 50 75 15 98 71 12 42 96 7 94 23 71 68 23 3 50 84 17 89 12 19 80 88 5 72 84 25 40 71 72 42 19 66 43 57 38 6 93 21 43 77 35 29 70 71 4 40 7 10 39 56 83 66 31 72 85 29 1 53 63 98 15 38 8 94 8 62 80 85 69 39 56 56 72 67 6 24 19 78 53 61 79 55 78 44 26 37 9 86 62 59 78 48 64 49 52 86 95 29 15 84 28 58 30 14 95 2 80 0 3 57 42 87 60 18 40 6 50 78 77 89 65 64 16 62 3 9 41 17 64 51 99 92 66 98 96 90 43 14 57 22 57 33 36 20 90 96 
84 44 91 26 3 77 62 79 96 80 67 49 91 59 84 32 88 35 13 8 24 90 60 2 60 88 24 48 80 2 75 70 62 16 76 62 42 96 27 66 25 10 54 27 55 5 83 97 14 46 92 18 17 39 90 61 41 57 30 33 78 17 98 54 18 27 10 94 63 20 47 37 61 52 17 52 97 76 90 71 83 95 47 82 52 97 14 47 33 47 33 18 16 56 14 15 36 77 27 66 31 72 32 54 37 81 50 1 38 74 50 42 7 85 90 22 2 78 58 67 31 30 90 14 91 97 27 16 89 44 3 94 46 44 3 88 60 98 5 50 83 55 56 94 81 78 18 73 28 38 55 82 20 59 20 71 20 60 14 56 84 53 91 32 22 3 41 32 27 22 99 73 26 97 41 40 31 91 52 86 31 46 58 17 39 19 3 63 80 55 26 11 11 8 53 69 95 71 74 24 70 37 62 87 88 94 55 50 38 8 8 22 88 18 85 38 40 98 67 13 1 15 36 18 97 32 8 6 55 85 96 95 12 31 80 59 3 17 57 65 51 34 30 35 79 68 98 93 4 49 3 52 55 16 88 66 93 71 48 60 76 3 0 78 94 2 95 68 77 73 63 29 98 61 67 26 45 41 92 25 41 92 69 17 89 54 68 25 71 7 13 75 11 41 64 89 90 23 95 14 
95 47 21 70 97 33 70 92 92 63 79 5 41 96 65 20 19 50 90 55 13 55 96 98 59 86 74 65 74 97 70 66 78 11 38 46 77 18 77 28 82 6 40 78 43 7 39 31 95 44 60 50 21 57 79 25 1 60 57 61 13 21 3 12 26 37 8 53 82 47 46 85 88 95 5 48 44 98 96 65 3 60 12 92 42 53 60 38 48 8 17 78 60 51 55 80 85 27 95 50 78 64 99 40 6 2 28 69 48 12 3 57 13 91 36 45 98 63 44 86 71 34 5 97 54 24 5 50 20 69 11 22 73 15 63 26 13 97 94 92 55 13 66 56 59 7 6 80 20 94 7 86 3 77 96 44 64 56 7 22 95 77 67 66 25 39 3 26 2 57 86 92 75 51 55 65 58 62 41 83 77 25 40 44 41 5 48 72 66 40 76 89 87 47 2 60 90 34 17 57 90 20 62 92 15 80 98 15 51 16 51 75 7 25 33 31 17 20 37 49 25 13 98 13 50 26 98 34 83 83 69 11 77 78 79 4 6 91 50 20 75 74 90 21 92 97 10 67 43 54 11 62 68 96 56 51 8 42 10 12 81 57 78 0 22 93 91 93 18 98 19 22 92 54 69 21 20 17 28 51 81 58 39 36 35 80 34 82 51 61 37 56 21 10 42 80 46 68 50 43 
39 10 53 32 91 41 51 97 35 70 86 51 60 73 27 26 31 71 78 12 51 63 28 53 58 72 28 92 94 78 98 78 98 14 59 81 64 93 21 72 7 16 34 76 27 94 12 31 32 31 54 20 10 88 59 13 99 27 52 7 48 50 2 90 54 91 16 78 34 49 63 38 46 80 60 62 12 15 79 42 8 20 46 36 60 85 31 50 64 56 79 64 2 51 9 15 21 84 2 67 45 93 38 8 37 9 13 56 87 61 59 31 90 42 69 71 71 9 33 9 80 29 58 74 57 65 20 15 55 57 87 33 68 79 97 3 7 26 94 22 9 16 88 9 61 35 7 80 13 56 83 99 16 17 13 72 36 87 80 70 33 34 69 22 87 93 78 62 90 35 44 68 5 6 56 96 47 48 24 49 13 3 94 98 35 95 37 49 10 99 63 83 69 39 24 77 17 80 48 92 64 89 1 29 87 58 97 90 64 92 46 23 59 69 89 1 13 10 91 99 10 40 1 2 32 36 41 32 80 36 65 30 96 83 65 45 6 81 5 24 48 91 97 40 5 45 82 47 67 92 51 85 50 14 5 91 72 17 40 17 39 42 94 22 0 39 97 87 20 58 87 36 45 23 38 31 14 56 89 8 91 91 26 58 95 42 21 88 64 46 61 28 23 81 48 57 29 74 24 63 
48 68 39 60 84 82 59 43 51 68 51 57 3 73 53 65 7 24 61 90 16 75 55 60 16 15 3 97 39 26 98 64 30 72 34 91 95 73 3 26 56 73 27 72 84 45 61 55 94 84 79 94 20 32 97 7 4 66 24 10 19 87 37 44 49 89 80 55 83 65 50 85 24 68 19 69 13 62 51 51 14 45 52 29 78 77 65 56 88 31 90 1 73 52 51 71 54 12 1 55 60 2 17 53 83 59 28 40 47 5 22 15 65 65 95 78 18 12 7 4 88 95 4 35 12 13 96 50 42 62 95 8 75 94 97 76 34 17 69 97 10 24 71 56 33 28 31 30 18 29 86 4 70 2 63 3 16 52 73 28 48 48 84 22 96 54 66 4 48 37 80 35 76 15 34 44 23 77 36 61 60 28 18 71 51 59 28 15 37 97 15 53 15 70 98 2 82 98 11 85 17 39 63 45 17 98 82 23 17 77 17 80 60 71 83 75 82 83 35 65 98 62 48 4 18 67 84 87 84 50 37 22 29 46 2 41 38 34 50 1 6 66 44 58 14 11 40 23 82 12 49 98 84 28 78 32 41 39 31 16 28 87 2 93 39 0 22 16 56 20 14 27 6 5 68 14 86 71 35 81 55 60 30 86 91 69 39 45 34 94 3 76 72 25 64 75 73 23 67 94 
6 4 66 63 27 84 80 19 52 9 23 79 9 90 18 87 88 54 58 37 64 51 36 54 83 83 54 98 39 49 56 56 64 54 57 15 42 43 4 57 71 77 66 9 67 67 13 40 90 26 54 98 55 97 38 47 75 92 69 60 80 92 13 75 72 36 43 46 68 54 47 23 54 35 1 15 21 86 30 27 49 54 6 75 42 9 67 53 34 73 75 10 41 43 69 22 55 94 81 56 41 39 67 37 91 58 94 70 62 66 10 49 28 37 90 8 37 83 19 42 64 66 14 78 97 18 60 98 55 2 86 39 33 8 37 29 69 76 5 8 74 65 56 73 66 63 48 36 93 30 23 92 66 89 76 96 81 94 98 46 26 59 57 9 26 22 69 34 20 47 36 47 92 91 14 13 28 77 46 63 20 45 66 11 11 7 46 83 9 63 39 61 32 40 80 28 50 95 60 48 68 49 61 56 66 70 19 46 24 42 4 43 56 58 76 49 40 33 37 2 50 64 57 82 77 75 75 9 38 64 80 6 62 46 53 76 16 97 18 55 61 19 63 10 90 60 2 28 64 29 29 72 53 91 72 79 23 15 79 91 51 60 95 91 97 22 0 91 82 56 4 7 52 77 87 95 69 34 15 22 70 69 81 81 35 77 81 70 91 17 79 88 34 2 71 88 95 64 13 39 
80 68 81 30 27 31 15 84 83 73 38 39 76 17 28 67 14 52 52 81 9 78 30 80 44 4 9 75 44 91 60 97 57 14 83 72 56 15 30 26 13 99 30 59 49 5 59 5 14 22 69 45 21 91 86 17 40 12 57 96 23 65 82 76 96 57 32 79 53 38 58 59 18 26 96 18 85 41 60 30 38 42 47 99 19 73 57 54 95 61 95 49 96 66 90 52 13 57 46 85 66 53 91 45 60 67 62 80 28 9 31 34 41 68 53 73 28 19 7 11 99 84 91 29 84 64 63 70 53 33 10 55 21 68 53 76 37 13 92 55 61 21 64 74 45 67 14 58 55 51 94 79 57 3 65 33 96 78 61 37 96 78 94 86 87 52 19 12 85 63 53 99 97 81 59 75 75 82 37 73 81 71 16 87 39 19 99 27 24 52 76 7 76 68 79 55 43 23 86 66 61 90 66 21 71 97 19 62 37 74 29 70 70 19 72 82 17 72 39 48 5 13 60 81 32 69 78 53 6 85 51 74 30 24 68 65 47 44 66 29 77 45 84 81 39 71 81 1 39 71 47 77 50 85 37 36 16 87 74 11 28 18 68 93 87 16 91 0 85 35 78 75 15 92 28 83 40 5 30 69 91 79 93 96 88 38 94 9 73 40 77 59 32 58 61 42 55 22 15 71 
64 55 58 67 53 88 78 90 83 44 14 11 72 86 43 19 54 13 15 59 3 56 29 56 11 10 6 36 10 88 2 70 86 57 33 88 83 52 17 37 59 16 31 3 61 48 6 32 1 38 72 87 61 74 88 50 84 79 97 2 65 91 32 82 45 1 39 44 91 91 81 9 33 22 27 31 20 54 67 73 2 26 91 1 56 43 43 43 19 73 67 99 50 22 61 3 71 93 58 74 47 86 79 6 33 93 91 78 1 47 79 75 30 65 23 38 56 59 52 89 6 36 9 65 61 90 89 29 70 74 30 91 72 40 36 93 26 65 84 87 46 89 92 11 85 85 45 48 82 47 16 53 95 47 33 77 70 11 77 61 82 28 98 60 66 93 43 6 55 59 87 44 30 95 43 22 59 52 76 7 12 17 73 30 87 37 48 7 68 81 23 94 78 58 91 28 36 12 93 20 98 8 38 75 93 97 82 90 39 13 85 37 37 73 65 12 19 98 20 90 15 31 27 39 79 6 93 88 35 59 59 56 18 53 14 66 43 98 78 49 66 36 70 88 47 38 88 91 73 67 19 72 26 95 73 56 53 34 69 52 42 40 77 18 20 56 82 85 0 30 4 85 68 3 38 79 11 54 10 42 25 15 89 75 88 17 31 17 34 36 93 12 66 74 64 87 1 74 67 50 
88 98 53 33 56 54 13 89 52 96 16 95 30 75 49 87 62 71 68 77 43 67 33 76 61 45 81 10 2 95 9 52 63 23 74 10 12 35 17 19 10 22 38 17 13 48 27 84 55 76 69 95 99 41 44 96 79 28 4 53 75 84 39 4 57 71 50 4 95 59 95 61 24 78 56 97 64 51 18 22 78 36 14 83 65 8 10 92 85 52 64 44 51 69 32 66 40 60 25 5 27 24 14 46 86 60 21 85 38 66 57 14 93 67 93 51 10 86 61 75 88 25 68 5 11 16 56 32 53 79 46 78 22 56 35 71 98 3 7 30 68 42 96 20 93 35 9 43 56 80 54 86 56 32 32 34 7 21 91 39 14 19 92 35 92 30 94 36 11 85 68 74 90 55 84 34 67 83 88 33 90 92 94 38 4 92 76 43 32 20 99 51 73 61 39 15 73 20 83 89 61 86 68 49 34 21 95 89 16 99 33 98 4 7 9 67 88 14 88 73 7 30 6 28 25 6 39 14 80 79 41 12 10 47 25 30 48 39 51 54 68 9 7 39 19 31 63 21 35 78 89 83 76 29 74 98 87 34 2 5 8 6 73 98 58 20 56 35 30 0 69 37 44 78 79 52 85 19 86 50 89 25 94 71 87 17 18 31 13 78 61 11 99 33 81 17 27 98 64 56 
33 64 90 72 8 34 12 57 92 90 85 25 96 33 54 92 41 11 49 64 18 37 54 96 59 26 11 38 88 41 64 55 97 59 76 85 23 47 6 27 66 88 3 70 88 48 20 59 58 53 17 69 80 63 15 76 5 43 22 17 62 2 22 95 10 15 15 46 73 9 54 3 35 43 41 40 42 77 64 42 94 20 36 72 37 83 81 61 43 27 52 52 91 2 66 71 87 50 76 9 13 49 40 32 11 2 70 21 68 4 58 73 60 79 90 21 29 87 70 61 85 17 19 88 21 49 72 59 77 5 58 18 38 98 14 35 69 10 96 75 44 5 65 8 54 59 22 58 56 54 7 29 25 37 29 86 20 74 27 74 97 57 99 78 46 49 1 54 17 61 49 51 13 39 74 44 71 69 21 85 10 86 64 2 28 73 65 4 59 57 99 84 82 82 79 80 67 97 96 64 13 22 31 44 84 20 25 77 97 5 50 63 24 21 20 54 38 54 95 35 71 33 8 37 73 41 44 29 78 3 85 35 34 17 13 22 23 23 19 26 36 73 85 48 24 5 72 2 62 69 65 81 21 11 38 21 65 10 70 17 56 50 63 19 87 14 4 78 4 69 0 76 69 65 27 70 44 96 64 12 67 13 59 74 10 48 15 34 27 97 84 53 40 87 34 72 34 12 27 84 
43 81 20 61 63 83 80 43 25 77 47 40 11 63 93 99 39 99 55 24 16 63 98 85 51 49 71 10 18 81 80 10 8 48 89 72 49 6 49 57 3 34 24 19 23 37 36 49 25 63 71 25 83 85 91 9 64 32 4 92 53 44 88 41 6 59 16 4 90 63 55 63 28 67 60 96 15 20 25 36 22 40 55 48 80 25 13 97 12 96 61 90 14 85 20 8 98 90 9 13 80 19 99 79 38 68 34 49 54 29 51 77 48 2 41 26 46 13 64 53 95 80 45 70 47 9 45 70 58 75 8 34 54 56 55 6 67 35 43 83 46 20 31 45 86 3 46 19 69 84 45 5 56 30 91 91 58 81 19 53 38 63 1 14 24 91 49 59 67 30 70 87 90 90 86 52 75 6 39 50 21 90 74 87 26 7 52 32 47 51 45 51 25 77 52 36 16 44 6 43 63 6 43 69 25 73 25 81 39 40 2 27 23 6 2 36 91 5 90 72 53 65 85 51 95 16 52 76 32 2 80 17 83 41 41 84 5 43 92 26 60 75 52 31 86 97 17 2 4 89 13 92 90 74 6 69 96 67 14 38 48 78 29 22 36 27 7 75 85 37 76 0 5 50 48 95 24 4 35 68 76 76 37 68 76 3 41 51 9 40 79 61 93 99 26 70 58 71 81 85 
75 29 95 94 32 23 96 5 56 73 39 59 73 7 15 99 17 5 10 33 51 37 78 29 67 88 41 48 15 44 79 17 28 64 40 64 28 61 71 57 44 13 83 91 37 26 42 25 45 58 95 33 96 22 69 94 38 50 74 72 99 1 81 86 44 30 54 90 33 70 17 35 72 91 73 9 79 65 57 79 93 74 41 16 54 58 45 17 26 25 37 89 29 82 3 82 17 70 89 11 18 8 69 14 33 33 59 55 86 29 79 53 99 9 73 67 60 36 39 81 1 52 76 26 15 52 39 94 56 3 1 22 10 55 91 4 74 44 66 49 32 10 8 8 32 74 53 76 50 83 86 37 30 70 96 31 43 82 78 72 53 5 90 65 68 29 74 91 7 62 66 37 76 65 87 24 35 17 8 59 81 16 3 36 49 42 84 62 53 77 51 9 94 14 74 30 7 36 69 91 3 83 62 77 81 47 12 84 6 14 14 91 58 52 73 42 77 7 24 89 17 42 36 88 80 56 5 1 63 51 57 26 73 62 63 26 54 57 60 17 79 72 66 9 39 18 86 23 3 57 43 11 58 17 79 92 58 47 97 84 69 77 98 92 45 6 52 15 68 44 69 5 0 2 7 3 27 16 15 13 22 40 2 78 4 43 93 67 37 54 78 50 90 43 70 26 29 66 2 25 
67 38 65 73 80 4 35 12 69 59 90 56 64 74 85 37 48 97 23 66 26 14 81 55 65 70 66 30 58 49 48 53 63 51 66 65 73 54 44 82 5 54 24 68 94 20 14 1 86 87 91 39 59 5 11 80 91 37 21 26 44 90 97 96 74 71 12 6 98 35 16 23 38 16 52 99 82 69 43 20 99 87 15 27 44 9 18 28 4 82 3 76 49 84 18 52 17 83 70 3 87 59 67 39 40 16 42 81 63 99 60 58 53 88 2 48 87 83 63 30 83 67 73 50 44 29 22 40 42 37 72 21 32 27 52 6 30 11 89 80 72 92 54 28 61 52 53 47 25 28 42 71 5 30 19 14 16 89 27 88 22 29 5 6 11 10 45 10 54 76 10 55 92 64 12 55 6 47 44 64 83 14 37 73 27 14 89 40 6 12 41 57 67 98 58 27 59 30 2 98 86 51 43 15 43 78 25 33 88 46 83 51 28 36 82 2 25 79 21 69 2 35 2 25 17 69 51 58 18 71 88 17 91 27 81 9 73 65 7 7 52 17 48 37 89 14 14 39 30 17 49 99 88 37 33 60 60 81 17 48 75 89 61 54 23 5 77 92 3 78 65 50 2 0 96 15 32 52 83 53 84 37 79 44 76 1 71 49 12 15 72 41 79 8 76 11 61 56 26 13 
89 65 43 28 93 35 7 25 66 69 55 1 14 38 46 49 39 12 34 80 64 66 77 14 34 94 36 25 94 29 93 26 74 25 89 51 4 62 7 28 6 49 55 98 10 39 85 27 95 19 94 51 10 63 11 47 39 66 25 83 62 69 7 44 52 3 61 65 26 97 55 86 48 21 32 10 87 8 97 25 69 7 3 37 14 66 22 50 49 60 84 16 30 53 78 80 55 7 89 54 10 38 82 61 64 9 94 90 87 21 31 47 46 35 95 65 86 98 80 23 23 53 66 65 40 89 30 93 97 15 15 5 26 55 65 12 54 25 23 63 54 27 4 94 43 90 45 63 44 32 89 78 74 96 61 96 12 74 58 28 71 92 84 67 12 42 72 47 54 35 76 99 68 50 68 29 16 35 2 16 10 57 92 6 45 88 79 72 45 86 21 55 1 1 36 21 15 11 39 61 26 66 16 79 8 32 53 25 67 42 84 56 35 9 37 1 83 92 53 98 98 99 37 14 95 28 41 23 9 25 62 41 84 98 5 62 93 87 40 75 64 15 8 79 8 3 64 20 9 70 38 97 25 64 68 47 97 49 54 26 18 65 67 69 38 68 87 28 38 79 27 48 7 96 0 70 21 94 81 41 1 96 5 72 55 76 7 89 69 53 7 99 51 90 12 5 40 10 11 51 
99 38 48 98 77 50 70 23 38 59 28 39 36 3 29 15 98 75 99 76 52 53 84 8 68 78 73 63 20 59 62 22 18 48 74 14 36 24 54 73 51 76 65 76 62 76 64 11 79 36 70 40 52 94 47 6 16 45 88 25 86 65 60 54 27 29 33 36 98 55 55 60 41 33 93 44 15 37 24 65 44 42 27 96 60 47 77 59 90 86 65 32 34 42 90 48 49 45 94 9 48 38 91 7 34 44 78 41 78 32 9 21 60 82 83 86 13 14 73 16 22 32 77 99 37 13 65 80 53 14 82 56 72 68 17 72 59 98 38 98 50 85 28 2 42 9 97 82 21 87 89 32 35 71 42 78 96 51 62 69 46 76 11 99 56 20 88 77 86 2 25 84 45 24 16 77 47 56 19 10 65 17 5 48 84 75 40 52 9 59 78 36 11 78 47 40 27 92 39 4 97 8 73 69 58 77 15 2 21 67 66 28 22 94 51 25 52 6 92 8 69 49 39 11 98 17 41 47 34 84 92 76 6 69 83 70 73 78 27 86 66 43 91 21 32 76 80 73 76 47 30 93 23 84 75 75 98 77 82 14 74 64 26 21 31 14 95 83 79 52 70 95 3 15 70 0 10 93 21 36 84 3 1 31 22 22 48 18 54 51 32 71 12 83 49 30 93 71 88 77 
31 94 22 94 47 89 86 7 58 82 30 94 62 46 16 41 1 38 57 74 55 27 4 16 53 35 66 10 42 14 13 58 86 19 42 37 49 23 54 82 54 44 38 14 49 86 71 99 97 98 55 71 14 47 10 50 74 75 38 66 61 30 66 81 24 40 64 31 92 86 44 1 16 59 38 79 46 68 59 71 25 60 23 14 61 85 93 87 43 37 75 34 19 18 71 2 58 33 7 66 51 99 76 81 86 52 39 86 4 56 55 50 22 61 71 50 79 26 2 47 20 40 18 69 24 84 11 59 18 71 29 81 99 93 29 39 11 12 10 84 47 97 31 17 26 76 78 34 61 13 23 8 21 63 58 96 11 55 10 17 46 2 46 64 18 11 8 17 43 76 66 52 23 31 88 56 22 10 84 55 3 82 94 46 93 5 59 53 12 46 52 86 55 95 68 65 38 28 78 50 75 65 18 85 55 70 8 3 64 55 33 68 56 72 68 84 58 89 43 22 35 46 11 92 46 91 92 14 84 65 33 32 6 32 69 81 3 77 35 9 18 49 95 6 20 78 35 89 92 78 54 29 25 93 34 65 52 70 42 84 40 16 45 20 14 86 69 40 11 85 44 24 27 32 21 10 0 2 49 11 21 25 63 65 32 67 8 32 56 19 51 67 72 52 64 38 49 45 96 77 
18 19 98 69 88 71 45 5 98 64 49 86 28 14 34 46 66 32 81 63 28 73 89 84 59 76 52 91 43 25 36 26 86 83 59 43 80 98 59 28 89 34 47 87 97 95 66 73 26 62 50 63 10 96 90 71 97 24 68 6 95 88 50 26 5 3 99 20 65 4 65 15 83 70 16 31 69 30 53 14 16 89 83 39 67 35 27 14 33 17 49 90 36 92 75 33 91 33 74 79 28 15 48 45 9 66 84 94 59 57 26 83 20 87 41 48 77 31 23 38 91 44 86 48 74 62 42 7 44 29 60 56 98 72 28 70 87 28 32 71 58 64 78 27 34 72 52 77 60 90 59 41 45 94 56 73 74 43 2 95 55 81 58 21 72 10 40 20 50 48 13 55 2 67 7 51 14 66 52 54 18 60 87 19 35 59 85 2 79 60 77 50 90 8 63 87 61 43 73 15 4 83 67 43 21 9 57 81 56 52 34 95 40 42 28 59 97 26 1 77 69 94 9 5 91 87 16 61 54 59 93 89 60 90 99 69 73 56 57 44 85 86 17 65 86 30 78 64 16 43 30 28 52 92 3 56 10 84 1 59 38 62 41 17 56 71 34 5 54 19 96 4 16 52 94 93 2 0 32 97 75 71 81 65 97 77 38 24 64 33 94 67 39 34 80 47 93 40 8 88 
69 79 2 39 71 38 71 80 88 93 16 96 6 42 90 79 49 44 15 18 45 90 70 35 48 40 40 70 79 36 35 50 93 15 76 58 45 58 2 79 42 34 80 74 75 2 52 22 59 90 58 38 70 25 88 31 64 72 41 87 26 55 4 26 16 51 81 53 49 82 56 11 16 66 10 7 33 33 78 58 33 28 65 47 78 8 93 14 38 33 67 96 10 10 91 46 79 43 17 68 82 39 43 33 15 56 46 45 18 91 4 19 70 88 18 56 96 16 75 94 30 87 54 47 79 67 35 68 12 52 87 47 38 75 24 64 88 14 2 16 37 81 58 52 95 51 67 23 92 37 23 92 19 28 84 41 2 48 20 34 45 90 9 80 41 90 28 35 46 35 81 11 20 72 37 61 37 55 18 81 59 22 25 76 25 45 39 62 51 30 9 89 60 78 97 9 9 47 58 51 67 44 82 37 75 7 61 89 96 77 1 77 22 39 47 93 25 33 66 88 75 27 79 27 4 43 89 62 48 82 8 71 47 78 73 78 96 56 67 51 8 16 69 15 18 4 14 2 79 51 24 34 89 82 53 88 91 11 29 44 83 3 92 28 89 35 15 30 10 86 64 35 15 83 81 21 49 32 0 76 11 50 36 65 40 46 31 6 64 5 52 69 24 69 25 65 75 37 7 90 
65 71 90 61 70 34 73 29 45 53 74 71 49 34 71 64 70 95 32 87 59 93 58 52 91 28 68 55 96 30 17 52 61 15 92 9 45 9 64 2 15 20 76 23 83 56 1 74 97 51 66 91 92 83 14 84 72 77 73 68 5 42 44 91 33 9 44 46 29 1 12 38 87 33 69 98 59 17 49 89 38 70 92 14 78 20 61 18 19 59 22 72 87 15 34 39 15 78 2 76 64 42 62 80 31 6 41 6 30 83 90 47 24 86 68 7 70 70 46 33 78 55 24 55 11 58 21 32 54 14 93 35 94 57 5 92 73 92 3 97 39 66 95 92 49 5 20 56 15 44 51 43 32 90 40 61 98 48 80 2 92 23 73 8 65 21 20 42 56 38 80 11 39 47 77 54 8 90 27 52 93 45 63 39 50 20 82 69 55 84 35 85 29 87 76 6 34 34 63 44 71 26 61 80 50 57 69 43 75 88 10 99 93 54 3 18 10 12 29 33 61 90 74 57 29 55 50 15 86 99 78 77 53 83 8 21 15 1 3 15 29 44 98 92 64 59 52 42 92 77 54 50 82 1 87 72 41 30 99 86 63 9 25 51 8 81 22 69 42 50 12 68 13 53 41 36 11 97 76 0 18 39 16 8 53 72 58 35 46 79 50 10 98 73 71 84 2 16 34 83 
61 93 39 98 56 13 13 54 58 38 30 74 37 4 15 1 32 38 20 66 80 92 89 44 24 14 28 49 42 43 99 47 31 83 27 68 8 32 29 34 51 91 10 72 26 84 56 30 38 23 43 42 5 83 67 3 93 61 18 58 72 28 36 86 86 36 44 77 4 65 68 56 75 46 58 50 64 16 91 58 44 50 79 1 76 62 15 50 51 68 13 52 33 28 47 35 63 38 33 16 44 86 8 96 20 30 51 88 17 6 50 59 85 76 54 89 65 86 70 36 78 76 12 1 60 12 11 95 50 77 34 51 62 61 18 78 46 42 28 75 73 78 21 32 24 49 54 68 66 66 54 64 24 66 37 27 37 2 93 91 53 15 33 72 93 53 5 1 66 77 79 69 10 42 22 70 66 24 50 59 20 69 40 67 5 8 62 55 25 28 18 73 11 36 5 62 31 97 42 90 26 45 6 50 55 73 33 61 87 52 67 82 68 46 27 2 73 34 38 85 74 65 97 37 42 10 90 48 40 59 40 96 79 83 10 74 1 61 39 26 16 21 85 77 12 75 8 4 32 57 48 72 65 99 47 32 20 67 49 42 34 41 41 81 91 55 70 91 25 89 67 76 22 84 1 84 21 75 11 18 0 38 86 28 20 63 81 40 11 66 94 61 83 30 3 77 63 94 6 3 
79 53 13 10 93 38 47 31 42 48 52 56 83 5 91 55 66 87 43 6 5 48 81 91 15 46 52 55 81 8 12 95 20 20 93 92 28 32 65 82 79 34 9 81 6 98 29 49 66 40 4 6 6 76 41 45 47 98 66 12 7 36 77 40 14 27 37 86 68 6 96 19 47 87 54 16 16 16 57 56 50 13 40 43 64 25 8 4 91 23 71 36 12 60 52 22 18 46 24 27 40 15 96 30 68 61 79 1 64 75 63 43 22 92 23 10 34 80 33 67 61 78 67 65 42 25 45 83 36 69 87 32 32 82 47 86 27 64 88 37 30 11 62 18 82 10 84 34 77 57 11 60 90 32 29 52 66 68 27 28 78 93 84 89 35 78 52 85 35 51 79 14 82 58 74 73 72 49 76 69 97 77 73 4 42 69 42 98 75 60 5 12 86 41 35 71 29 13 43 39 92 19 71 31 3 62 34 41 66 46 90 17 61 71 42 38 17 10 83 69 80 99 85 28 82 49 25 66 81 82 37 2 13 38 48 79 72 86 34 47 39 71 82 13 43 8 66 37 93 77 71 29 1 87 51 58 38 47 59 71 84 17 92 58 91 60 69 79 15 25 13 76 40 37 96 3 25 71 50 39 38 0 25 2 60 78 9 61 97 86 70 64 50 62 61 57 49 31 95 50 
18 11 19 68 99 80 83 22 33 52 50 16 68 31 80 21 1 1 32 77 12 99 48 76 8 90 37 85 23 66 16 90 8 35 29 36 54 57 87 17 93 85 69 24 79 68 99 89 54 10 35 71 16 63 41 57 96 88 66 94 32 26 39 25 17 10 23 99 85 12 79 24 5 4 43 34 30 57 92 16 12 85 58 74 3 37 66 51 72 57 81 99 72 23 69 4 84 47 95 50 32 36 53 66 28 36 29 84 14 84 63 78 43 77 61 17 74 18 86 50 57 44 12 62 28 10 75 72 85 70 49 57 36 4 90 71 6 82 89 48 39 70 74 49 27 78 8 53 56 40 78 85 69 35 77 82 33 92 7 6 37 84 66 77 29 87 36 88 27 71 31 60 78 35 53 14 17 4 49 31 97 8 42 63 84 48 83 21 21 90 98 93 54 80 47 90 90 71 31 38 66 28 79 87 12 63 74 82 78 25 58 33 56 94 22 7 23 41 2 36 45 51 98 91 75 15 12 77 28 54 14 99 41 12 57 3 58 14 19 17 93 33 92 7 92 73 71 33 92 58 36 53 59 44 22 93 90 8 75 29 16 64 69 39 26 30 81 93 89 94 59 37 2 79 5 1 63 81 36 16 86 25 0 47 90 95 32 11 49 91 53 4 65 43 96 56 81 52 22 76 
40 33 78 79 88 66 8 28 28 24 89 97 7 66 66 85 76 39 74 60 37 13 19 79 32 19 69 38 40 79 82 33 3 77 73 62 35 38 16 30 94 43 87 26 37 18 31 24 79 44 24 75 79 91 39 17 92 35 6 67 89 84 86 64 34 59 62 57 36 65 58 6 16 85 42 14 93 54 44 49 62 41 86 76 29 96 71 83 16 56 42 17 33 35 88 62 52 70 64 71 70 91 62 55 63 66 3 59 54 98 16 98 86 58 57 48 6 30 80 89 99 91 60 82 1 33 94 11 83 4 42 38 15 25 31 21 58 42 92 97 26 46 53 3 46 65 85 85 97 58 42 9 59 26 44 23 60 91 61 24 29 71 24 21 15 46 80 1 12 25 17 31 55 92 73 63 24 50 20 90 30 69 13 96 73 72 73 56 57 9 80 73 44 83 59 91 32 21 40 91 56 28 97 21 71 82 47 75 18 68 26 34 19 46 44 96 47 44 28 36 31 95 34 25 8 48 52 54 58 88 51 29 12 88 57 11 25 72 40 15 41 38 72 46 60 20 7 11 45 20 71 96 81 85 70 48 31 57 64 30 89 51 17 36 58 86 81 96 75 71 74 68 78 44 72 31 65 65 65 8 28 2 47 0 98 22 38 27 51 88 73 67 86 71 47 93 80 18 92 95 
36 47 78 64 86 7 30 6 56 71 65 50 39 70 14 24 77 26 28 45 22 54 35 52 63 2 8 2 88 43 89 38 44 67 8 63 38 36 59 9 73 78 86 4 15 19 83 13 67 14 53 86 44 63 32 34 80 60 48 96 58 90 69 14 29 92 99 30 43 40 45 33 2 80 90 49 74 40 94 19 11 55 35 36 79 46 70 89 66 87 25 18 87 18 1 99 95 68 97 72 37 18 11 29 18 6 77 90 98 51 43 25 76 79 35 89 91 66 39 57 70 50 26 80 77 55 55 31 21 33 72 87 61 54 34 27 13 97 82 13 91 91 28 3 93 64 11 77 45 12 23 57 64 10 18 19 54 17 47 92 12 8 64 13 53 1 58 87 54 16 1 75 65 88 80 86 71 71 79 37 38 42 87 1 7 51 29 22 21 52 35 33 54 73 94 80 22 15 76 61 34 39 19 30 38 96 15 8 76 76 22 98 69 12 31 30 14 41 98 32 71 20 75 22 50 70 67 65 40 61 86 76 93 97 38 59 21 90 40 94 40 72 80 30 66 96 14 11 4 30 79 55 11 71 63 56 26 17 62 94 3 99 89 35 95 91 35 88 88 87 10 76 4 76 55 22 32 97 40 53 20 60 90 98 0 99 44 4 85 71 32 24 17 61 73 53 53 69 84 5 
82 64 89 21 75 80 61 36 64 1 14 56 19 89 27 56 20 23 62 93 93 43 70 58 78 38 27 49 8 24 75 39 59 39 76 30 45 41 58 91 33 74 53 2 95 87 15 98 57 95 60 46 54 5 67 94 57 66 71 12 55 65 86 47 22 89 38 96 41 78 92 16 91 2 2 65 67 53 85 94 14 25 44 21 13 86 38 34 44 89 73 20 12 56 58 3 86 30 68 65 21 18 48 17 22 73 16 35 10 73 80 37 55 7 33 12 86 14 93 33 77 75 11 48 68 10 60 4 30 21 43 3 24 31 5 98 95 77 83 17 2 54 6 52 32 21 93 17 12 65 64 36 88 24 54 98 11 36 74 95 36 69 67 65 72 41 91 76 48 80 39 64 79 51 77 71 83 39 51 93 5 80 68 73 97 90 5 6 80 62 10 45 66 41 39 77 60 81 5 73 15 60 30 38 59 75 69 26 78 54 28 94 43 12 45 14 58 18 57 26 33 68 82 93 54 45 83 91 53 29 77 65 41 68 42 61 75 56 86 1 70 43 98 50 16 6 48 92 36 85 94 97 59 40 63 66 7 82 40 38 81 92 54 80 42 69 77 38 17 17 48 3 43 1 76 22 67 77 46 72 63 78 95 22 99 0 36 19 92 51 70 40 17 41 27 78 12 95 27 11 
29 94 91 36 16 93 83 73 81 24 53 7 72 75 52 60 85 45 15 30 10 17 77 30 4 69 39 97 29 25 46 4 17 72 55 60 30 30 24 47 53 11 59 54 47 3 77 59 4 67 56 84 80 53 89 6 69 41 17 43 15 71 29 16 10 21 88 49 17 53 97 24 66 73 7 24 80 73 56 18 13 65 2 11 82 80 43 38 17 45 26 24 27 85 91 43 23 18 24 27 30 73 65 98 49 25 76 46 36 79 58 2 10 92 33 1 98 25 45 37 78 80 12 52 80 60 45 25 23 71 65 55 43 28 47 30 43 60 57 91 41 98 22 63 79 77 73 93 50 85 75 32 20 47 79 91 59 27 97 10 82 77 63 97 77 16 61 32 13 62 97 34 55 63 46 94 63 6 41 37 19 47 15 90 24 26 31 37 72 41 76 85 38 85 24 97 76 14 73 40 85 91 93 62 87 45 57 67 29 1 27 26 37 9 8 22 45 7 72 10 52 74 57 68 91 43 8 39 49 81 59 71 75 5 83 55 84 56 20 73 27 32 48 83 15 36 55 36 82 36 96 6 20 40 85 22 79 96 39 85 74 66 68 34 21 39 81 94 31 18 15 41 93 71 7 48 8 38 31 58 81 9 32 38 44 36 0 69 25 12 82 73 86 61 89 77 98 53 25 25 
23 19 84 56 15 4 74 83 92 23 95 33 54 37 24 41 83 94 54 57 91 49 85 69 19 21 9 11 32 27 76 3 49 54 16 3 9 77 2 16 85 21 49 11 83 63 35 50 2 78 7 23 5 37 68 79 38 36 51 58 72 90 94 16 91 72 62 34 85 28 64 48 70 8 64 61 39 97 62 93 47 9 35 80 27 23 2 51 78 92 7 47 18 35 15 36 43 9 37 3 81 26 92 76 74 53 35 56 83 88 61 71 15 29 5 92 40 29 50 44 26 9 62 6 76 62 67 89 59 23 18 55 84 62 11 94 99 90 92 70 73 99 56 45 37 33 4 50 39 67 73 67 53 49 45 89 53 45 13 85 20 5 72 90 50 97 67 77 52 88 42 77 40 65 20 61 96 52 82 70 78 41 95 49 70 24 63 49 10 92 35 95 69 55 21 37 32 18 97 91 18 89 30 12 55 55 87 10 8 76 57 40 15 95 30 34 60 99 77 5 1 71 49 87 91 59 16 43 79 40 3 15 5 46 69 30 62 44 97 20 2 14 35 67 49 29 85 26 23 92 99 10 49 77 2 43 18 62 18 94 42 98 25 82 88 45 70 9 17 31 34 51 67 49 89 18 32 24 6 35 40 61 11 27 4 19 69 0 92 39 74 8 24 90 18 43 40 94 84 35 
39 37 40 29 57 33 47 49 77 88 60 30 16 66 94 38 64 47 41 57 22 21 33 61 9 31 82 27 4 15 78 38 29 12 62 25 97 12 49 2 6 75 15 22 18 91 82 21 53 98 52 6 54 31 14 16 84 79 65 76 80 50 85 76 59 7 93 91 86 52 87 62 43 84 27 86 91 26 80 51 63 88 45 98 62 29 98 73 37 96 80 98 40 7 47 86 40 53 72 72 55 10 4 84 3 36 20 62 13 79 67 78 13 13 54 84 41 56 26 10 33 48 1 3 14 74 90 97 89 98 91 92 58 91 69 20 5 69 83 5 5 34 89 3 96 37 79 82 41 80 75 33 61 43 3 97 21 1 14 42 47 66 48 78 52 8 58 22 18 91 48 66 15 71 81 96 41 1 86 87 35 62 63 36 11 19 30 2 64 98 68 20 85 5 53 49 15 44 4 42 61 92 24 77 18 73 24 10 25 85 29 99 72 95 10 88 46 62 76 9 73 22 9 54 87 65 60 31 95 41 73 73 70 26 30 88 46 82 30 42 31 5 56 63 28 20 38 71 17 76 92 9 40 78 63 52 34 51 87 78 75 96 71 51 64 34 91 73 34 13 27 9 37 12 69 54 56 64 64 46 11 97 49 51 85 92 25 92 0 87 20 71 70 27 5 77 40 82 98 32 
42 30 99 46 88 86 87 52 57 60 35 94 53 57 11 3 39 86 91 68 13 8 27 50 45 84 11 24 95 74 95 6 63 64 87 75 70 28 74 96 90 62 8 18 71 10 68 4 49 94 50 8 52 12 82 94 94 3 67 61 55 2 10 35 95 94 66 49 77 36 76 17 13 7 46 76 13 97 20 70 29 35 63 46 32 35 10 86 53 38 32 70 84 17 75 49 37 87 11 8 29 80 75 46 9 80 68 98 20 70 25 90 69 72 65 89 8 25 78 62 43 65 82 21 29 68 39 44 76 20 48 37 68 94 14 50 96 60 99 62 24 82 52 21 78 76 34 68 93 23 10 40 1 86 94 62 57 4 78 38 11 42 90 95 70 25 33 17 98 94 9 70 97 16 15 76 17 4 6 2 5 35 20 70 64 25 61 73 54 51 62 29 99 46 24 1 23 85 17 26 28 82 34 98 91 21 17 95 11 8 28 72 76 59 71 7 11 17 36 21 21 66 68 55 70 87 80 69 82 59 37 5 20 39 50 90 3 60 49 35 66 7 47 97 91 24 19 83 80 9 34 38 21 42 44 53 46 88 16 78 4 90 7 61 46 94 17 40 36 78 97 40 54 15 53 51 19 33 5 79 66 86 91 88 71 51 12 39 87 0 2 11 61 25 81 8 77 23 52 37 
75 40 16 93 2 45 85 95 27 9 4 79 47 78 73 35 55 14 44 54 46 85 1 81 94 97 64 68 77 47 6 7 99 41 24 38 9 19 14 1 27 86 86 88 68 98 45 7 28 80 38 90 63 32 13 41 31 95 97 25 87 98 40 7 57 8 65 75 27 11 69 93 50 7 98 74 34 4 56 1 58 89 65 92 77 37 54 40 35 48 66 59 92 6 53 95 23 46 93 2 49 79 68 32 1 9 8 16 37 62 44 22 45 46 52 68 34 56 29 38 23 35 59 30 24 33 6 16 67 79 40 50 3 71 72 94 25 39 3 16 48 18 35 30 27 8 84 53 8 87 49 14 96 64 64 25 3 91 76 5 74 31 93 81 20 65 79 89 93 51 11 97 87 87 99 42 97 12 9 77 21 76 90 1 32 53 21 82 65 14 63 69 8 59 77 74 98 37 87 42 24 73 34 28 67 11 47 93 65 56 49 61 1 19 39 9 13 47 34 93 85 97 6 10 72 98 93 67 96 10 77 35 14 51 62 60 3 39 48 47 26 8 83 12 88 6 54 73 86 13 48 38 87 25 72 58 49 18 71 45 64 43 13 37 61 3 79 77 93 61 84 79 78 72 7 32 51 94 52 50 94 70 53 73 32 70 82 74 20 2 0 1 51 5 24 76 88 8 83 76 
78 29 38 57 85 30 98 25 63 3 65 20 98 71 52 70 87 32 12 18 98 24 75 3 90 89 16 69 15 15 49 63 7 15 20 87 65 64 72 19 96 42 6 70 36 78 16 45 23 1 64 53 93 13 44 90 49 57 38 37 40 73 18 43 47 67 23 6 37 70 24 70 11 49 25 48 91 56 16 66 11 77 52 9 99 62 62 90 14 93 38 69 87 72 85 35 35 90 86 22 7 41 53 95 45 75 48 6 59 48 75 66 60 53 26 20 9 7 58 57 23 63 62 77 46 84 15 38 20 54 76 54 28 45 42 88 98 20 24 63 93 56 7 49 4 8 18 94 21 54 95 91 91 22 85 30 92 32 27 25 66 18 40 74 63 98 63 69 75 26 40 62 74 28 11 82 35 12 26 59 34 80 46 98 31 50 21 69 22 92 35 30 97 14 21 37 61 21 57 4 82 68 34 71 52 60 54 35 84 76 27 29 91 18 65 4 5 14 24 39 38 54 96 96 55 14 39 99 27 53 89 58 71 25 19 9 10 68 68 38 53 66 46 66 69 6 25 34 84 60 30 90 82 34 16 74 93 74 78 49 85 14 75 56 28 76 88 59 12 11 53 61 50 41 99 71 67 67 69 10 61 64 4 67 24 40 73 8 71 11 1 0 21 58 30 79 89 73 50 2 
71 55 97 52 76 47 48 77 54 19 81 29 75 17 30 44 13 47 74 13 29 77 20 4 68 12 80 45 68 36 69 87 75 25 75 31 90 3 73 71 12 15 90 66 74 50 60 38 24 9 75 76 19 9 67 33 44 95 24 79 13 46 12 49 19 99 34 72 12 76 14 73 44 55 52 69 54 67 76 76 15 92 82 88 3 71 16 58 82 31 95 16 36 23 28 72 98 74 15 22 52 50 24 44 74 74 87 49 41 60 18 89 64 44 55 2 99 66 7 88 85 28 47 67 29 67 17 45 83 53 47 84 75 27 69 78 37 81 49 54 54 15 45 60 75 80 2 63 95 27 20 7 11 8 43 99 93 97 93 80 78 43 44 13 24 3 55 54 51 14 22 71 49 50 5 44 89 18 44 82 59 38 49 87 87 60 46 70 75 40 44 65 96 3 33 87 27 11 99 1 63 18 64 10 88 12 87 39 52 35 88 17 68 43 48 75 10 32 6 11 91 78 99 10 87 53 71 48 53 89 7 3 21 77 52 85 66 49 41 94 78 79 78 12 18 68 91 57 31 64 64 95 98 13 9 76 46 2 68 22 59 57 11 21 23 72 34 32 66 99 40 93 90 79 51 12 72 39 24 98 83 50 65 86 17 17 86 24 70 61 51 21 0 96 25 23 36 69 69 44 
26 30 37 5 77 68 89 41 93 4 93 79 54 43 20 91 22 82 73 53 40 38 45 79 26 42 59 74 56 22 69 90 60 80 25 44 28 19 15 88 43 26 36 39 13 46 56 43 68 7 61 81 26 24 13 87 40 43 69 76 58 21 67 25 15 77 29 42 25 82 56 82 78 69 53 13 89 37 27 18 23 65 70 32 70 58 66 56 59 70 72 89 8 83 5 21 94 49 59 80 1 63 72 15 88 14 17 87 57 86 95 52 34 76 71 10 93 31 86 40 71 89 14 23 10 44 13 17 6 71 81 23 92 5 55 58 25 2 15 33 52 71 32 13 10 2 61 85 88 65 73 84 87 71 92 81 97 52 65 85 74 80 22 9 59 35 74 12 40 62 73 35 34 76 27 75 93 74 52 34 80 47 82 64 84 45 36 23 53 49 61 57 62 53 29 34 60 17 74 92 52 66 98 74 79 92 68 37 97 55 17 75 29 90 94 99 20 87 68 34 59 68 18 60 71 64 95 18 79 34 9 19 90 53 62 24 20 60 15 1 32 22 96 3 64 44 68 45 92 49 4 11 65 33 33 71 42 53 14 56 70 22 41 10 81 25 2 58 74 33 87 99 43 8 90 83 52 34 69 73 30 62 43 71 61 41 61 90 27 25 5 58 96 0 62 88 62 93 4 7 
49 56 99 80 91 67 74 86 23 15 58 42 4 98 3 41 19 67 32 83 3 16 29 88 88 76 22 92 69 67 54 44 53 68 88 83 63 23 38 28 16 61 42 17 69 8 26 87 28 52 25 42 58 26 66 79 52 5 57 10 84 1 70 75 49 45 42 36 11 39 67 89 15 21 91 72 12 65 71 31 84 56 47 15 94 72 13 36 59 42 10 57 90 31 49 67 19 83 86 9 30 3 65 31 59 81 76 58 21 54 33 6 35 92 71 44 48 13 75 44 79 77 8 29 24 15 88 52 19 75 96 41 18 42 35 86 29 50 11 6 30 12 90 35 81 88 50 2 49 34 86 48 73 94 39 81 2 5 10 35 42 38 62 92 1 29 48 6 54 81 59 34 64 88 48 74 83 74 51 80 62 52 90 95 89 63 32 81 46 2 94 4 98 1 71 98 59 24 82 95 60 97 75 84 48 48 33 54 82 42 49 30 99 77 36 2 12 11 46 2 36 94 55 76 50 46 15 76 91 33 97 18 18 83 55 22 70 93 5 43 92 73 71 42 31 86 74 24 69 27 21 22 33 6 30 40 50 79 20 81 84 57 64 42 48 64 71 61 64 81 34 26 70 76 12 49 64 80 25 71 3 61 96 47 73 27 89 18 5 81 24 30 25 62 0 64 61 97 1 78 
51 91 2 76 19 29 77 29 39 80 1 93 25 58 37 84 46 37 52 94 48 5 4 73 21 73 6 44 94 79 49 25 9 73 68 71 80 13 71 67 75 78 48 11 65 91 25 34 24 6 28 21 25 38 67 56 76 88 7 84 51 69 96 70 86 49 43 38 67 31 52 17 27 83 96 36 51 86 2 38 18 90 5 36 25 9 85 4 24 26 2 53 35 16 93 17 23 40 50 48 28 60 80 2 57 54 39 80 71 19 26 43 1 52 18 20 14 28 66 73 61 14 84 97 99 89 48 12 30 10 17 20 79 21 46 52 19 58 50 39 50 34 25 4 6 92 43 33 28 38 26 73 82 74 54 33 95 15 83 38 67 66 8 46 33 36 22 10 31 96 85 3 63 48 89 70 52 39 46 9 77 92 85 43 80 52 99 58 43 88 76 53 48 54 34 9 75 32 31 90 42 86 68 54 52 13 38 83 34 22 8 48 67 70 25 64 44 88 23 26 91 90 29 16 3 37 20 12 43 45 24 44 73 24 16 66 31 42 13 72 14 42 74 27 78 53 96 96 91 6 66 55 25 56 37 40 36 53 25 34 15 33 89 80 57 75 88 42 87 17 72 70 26 11 5 30 38 47 65 84 77 57 56 93 53 78 77 43 77 8 76 79 23 88 64 0 45 23 78 89 
63 28 33 32 63 58 88 41 21 68 10 25 44 94 23 61 60 53 59 20 71 16 53 26 1 6 2 83 52 25 11 95 5 31 53 21 81 6 92 24 27 90 86 98 37 87 84 73 38 99 17 66 8 7 89 4 10 51 97 6 41 85 98 92 81 3 7 2 37 38 52 30 74 18 12 46 32 17 16 3 23 83 97 77 75 37 50 67 39 98 40 97 2 46 50 11 46 60 58 82 52 29 80 43 30 85 35 74 18 21 31 8 36 62 18 82 32 70 28 78 75 89 67 98 65 81 45 89 40 53 44 18 76 41 70 39 71 95 33 10 76 30 54 73 39 22 24 32 24 70 33 16 29 44 25 17 51 2 30 76 81 82 86 32 21 39 72 74 55 86 22 42 2 91 77 64 47 43 50 86 84 64 24 29 48 11 57 97 16 72 98 90 73 24 83 16 15 66 40 78 41 1 62 97 86 17 28 42 95 39 80 13 22 75 83 76 66 98 56 96 42 82 15 89 92 42 17 91 95 21 8 3 87 89 87 58 82 22 10 28 75 3 2 99 10 13 88 41 57 58 19 29 27 78 95 21 62 12 27 3 14 36 90 46 29 73 95 55 1 27 34 58 29 61 40 93 49 93 75 2 63 49 81 80 53 12 98 40 40 77 88 89 36 62 61 45 0 58 21 94 
45 61 31 77 46 85 46 48 59 35 91 90 26 6 57 46 61 35 16 61 51 9 93 40 38 87 15 58 35 85 47 67 44 31 12 84 69 89 72 23 81 90 64 19 55 97 96 18 49 81 2 52 39 32 29 72 51 60 20 44 96 8 75 76 69 53 59 72 75 98 51 84 60 89 64 88 94 80 38 44 58 91 62 62 50 74 53 5 53 4 11 92 49 74 56 22 5 35 58 89 10 82 38 68 33 70 54 87 33 21 24 95 10 98 65 28 54 89 43 75 69 77 19 64 4 19 75 61 45 20 28 47 96 29 56 35 87 68 50 10 37 70 63 34 56 54 15 42 53 48 90 38 70 70 23 1 57 11 53 76 88 18 47 27 45 36 92 16 88 95 67 71 78 74 68 46 78 41 5 83 4 57 61 18 96 7 36 63 57 43 63 9 80 45 70 38 99 70 31 34 33 55 63 32 54 90 78 21 58 22 80 80 65 44 81 10 67 98 48 96 69 55 45 55 24 79 74 97 79 14 29 39 68 59 28 26 11 84 65 93 87 5 48 87 12 6 75 2 63 31 40 34 5 15 16 63 79 78 50 64 20 20 23 68 74 23 64 22 74 98 12 71 66 56 10 71 45 40 37 16 94 31 52 18 69 95 53 94 82 23 8 73 69 93 97 23 58 0 39 1 
55 13 8 53 66 44 37 24 44 82 39 11 27 90 99 19 13 32 49 58 19 49 58 10 72 44 81 42 42 24 1 36 75 98 17 90 68 20 33 54 52 18 88 47 83 68 76 89 7 29 10 72 97 94 60 77 73 92 62 85 13 76 38 60 22 91 48 11 62 22 82 76 44 50 2 18 98 56 57 19 70 42 9 7 11 17 75 53 72 18 14 45 93 77 60 23 15 46 73 50 1 38 50 90 52 76 40 23 73 30 73 59 85 85 97 93 94 13 83 28 22 82 8 43 40 49 92 73 81 24 75 30 34 7 52 67 86 27 79 88 98 82 60 41 78 38 39 77 97 25 40 33 25 61 6 61 21 21 52 26 35 4 36 7 57 60 87 44 29 69 1 83 90 20 9 12 18 42 42 8 54 55 18 89 51 40 88 3 84 57 16 17 20 44 31 82 52 59 97 20 63 70 18 68 93 76 80 30 84 7 17 65 10 57 91 70 8 71 71 42 32 11 51 78 33 26 78 33 97 98 7 57 26 59 45 18 65 8 48 63 1 34 62 58 54 62 86 69 25 7 90 1 38 87 72 18 55 77 11 82 10 90 95 50 24 67 13 15 67 64 27 81 2 26 11 88 96 8 7 34 6 95 22 92 84 27 25 84 98 52 83 50 69 4 1 78 21 39 0 21 
1 18 51 39 53 95 88 29 20 65 18 70 2 88 95 69 29 14 4 34 92 37 9 44 87 38 35 4 28 10 87 88 51 86 70 61 92 13 9 33 30 1 4 29 62 50 43 39 4 71 83 31 77 12 58 3 33 27 41 94 79 22 73 81 66 15 85 30 76 87 11 51 67 86 49 52 97 41 5 82 66 86 6 39 51 36 84 51 95 70 95 93 82 93 54 68 22 92 12 69 37 75 2 99 45 41 12 46 74 82 61 6 95 24 37 93 14 60 39 84 9 98 28 69 64 60 2 34 27 51 35 99 31 92 13 85 42 91 7 69 66 36 33 91 47 5 96 40 91 82 78 49 50 11 64 95 28 40 12 88 47 98 80 61 42 66 75 3 68 8 46 41 4 21 5 21 60 17 98 85 78 3 11 31 34 13 32 30 8 32 4 14 2 98 43 73 42 30 10 81 94 82 35 98 7 37 91 15 63 53 86 57 78 80 93 93 6 4 33 38 86 32 4 88 72 68 47 88 96 15 6 41 81 22 94 10 54 95 8 66 70 31 20 92 3 43 72 79 51 52 60 80 45 92 37 22 97 75 95 23 64 96 14 43 63 94 39 71 50 56 84 85 25 13 51 77 77 88 90 83 3 50 76 95 5 11 25 35 32 37 76 2 44 7 78 89 94 1 21 0 
