400
0 38 13 73 10 76 6 80 65 17 2 77 72 7 26 51 21 19 85 12 29 30 15 51 69 88 88 95 97 87 14 10 8 64 62 23 58 2 1 61 82 9 89 14 48 73 31 72 4 71 22 50 58 4 69 25 44 77 27 53 81 42 83 16 65 69 26 99 88 8 27 26 23 10 68 24 28 38 58 84 39 9 33 35 11 24 16 88 26 72 93 75 63 47 33 89 24 56 66 78 4 1 78 7 53 86 71 3 77 92 22 76 8 78 73 76 77 44 21 31 37 8 46 69 58 83 97 14 11 24 82 8 25 75 93 21 33 13 66 95 61 25 83 98 3 93 99 11 55 97 83 87 71 67 72 49 55 16 6 18 43 21 49 23 14 98 54 85 11 97 56 62 57 90 22 97 84 26 15 14 85 44 7 78 57 60 16 25 10 67 72 54 70 37 22 41 78 92 50 48 78 41 79 46 88 17 29 46 68 67 79 47 1 30 64 76 36 54 94 34 3 85 84 49 55 33 29 56 83 32 29 95 75 9 33 9 85 78 51 80 42 65 84 25 21 45 16 31 92 15 20 27 87 8 54 48 61 35 33 20 68 25 84 95 39 48 6 80 64 88 33 43 75 67 89 99 31 18 69 65 61 79 18 40 36 82 29 23 39 42 75 78 71 26 49 51 63 45 55 1 87 17 20 10 93 52 11 69 24 15 64 22 47 4 57 89 81 47 55 80 72 15 78 16 26 54 85 59 86 30 45 38 23 92 55 77 13 60 27 77 72 88 40 44 77 39 92 70 99 34 44 27 57 70 74 53 90 28 44 2 83 95 97 27 85 31 65 23 99 53 4 71 13 40 84 49 62 71 14 37 24 23 67 93 96 54 10 42 58 89 94 77 83 12 37 17 31 85 58 36 
38 0 42 82 3 86 94 37 47 81 28 73 29 3 14 42 37 41 19 98 39 64 47 90 3 99 29 79 76 59 43 27 22 59 17 93 38 12 23 7 97 15 88 76 36 64 33 92 50 1 23 98 71 37 19 28 29 53 95 51 47 8 86 17 30 12 62 15 31 9 41 49 31 24 67 93 65 13 18 34 11 29 76 6 82 6 43 87 53 58 57 79 88 82 11 73 49 20 13 26 78 17 5 89 28 51 69 4 59 13 3 77 97 97 62 16 75 13 19 31 60 6 17 96 97 61 44 32 45 25 63 80 22 20 78 34 5 40 68 35 35 43 79 83 39 49 82 6 92 9 41 70 6 8 79 38 79 34 28 52 78 31 44 47 10 68 4 68 55 98 64 81 29 38 65 38 94 19 79 71 93 53 11 33 47 64 94 19 37 30 40 29 55 30 56 91 28 61 13 18 72 92 8 84 57 52 33 77 63 52 97 31 23 6 92 96 23 77 23 19 94 30 19 53 32 50 99 84 94 46 52 87 16 72 49 29 84 28 44 20 80 71 89 87 12 66 94 16 52 99 87 46 64 43 23 83 41 45 17 18 89 1 98 83 72 15 37 27 33 2 49 89 23 35 95 22 69 68 49 19 98 12 12 53 77 69 46 65 90 41 8 8 34 59 8 35 5 6 62 51 77 46 97 22 93 72 93 26 98 2 14 39 86 28 39 85 34 2 32 39 29 76 32 52 67 68 33 75 33 98 6 1 38 73 44 25 17 97 97 42 25 22 28 47 36 63 69 63 33 46 89 43 58 26 33 34 7 66 52 32 8 14 4 29 16 30 67 62 84 97 59 83 35 31 58 97 50 47 84 42 21 41 51 5 10 1 91 22 75 22 34 39 38 44 34 96 42 72 70 71 
13 42 0 24 87 40 32 38 39 57 88 29 37 67 11 85 1 17 31 4 79 60 54 70 50 75 47 28 34 73 69 40 33 98 8 34 63 15 78 44 62 86 37 13 54 27 83 13 26 2 42 56 56 65 16 93 41 61 71 50 51 33 91 21 53 39 66 81 58 53 90 20 95 65 43 48 22 98 2 90 39 13 19 78 78 89 91 84 40 99 16 38 97 37 99 2 33 31 8 51 51 33 44 42 70 2 98 52 31 83 50 82 83 96 72 22 19 47 45 92 10 5 78 64 24 96 60 65 83 32 2 85 79 69 55 26 84 28 57 93 9 56 77 47 50 12 9 62 75 24 89 90 83 83 6 43 47 22 52 74 43 14 19 24 46 96 53 34 55 15 58 62 41 73 66 23 3 87 2 73 52 72 88 78 63 49 1 43 40 4 58 44 54 44 75 99 98 76 60 67 75 92 6 27 68 32 12 4 55 2 14 60 57 82 9 39 5 71 77 74 6 80 85 60 32 91 8 67 33 47 76 83 45 65 38 48 74 91 85 16 66 53 70 67 90 29 20 18 6 80 11 30 18 82 47 8 18 87 62 65 8 30 56 29 44 99 56 6 51 93 64 53 35 99 84 78 38 90 55 5 44 12 30 77 90 33 51 52 43 24 90 44 89 96 29 65 87 59 89 52 23 11 32 10 7 31 68 19 13 74 75 92 66 86 54 43 7 10 37 88 60 9 54 88 19 22 68 15 21 86 10 43 67 21 17 59 78 43 36 76 29 86 35 45 93 83 9 31 65 78 19 39 12 57 53 84 77 69 26 70 32 60 63 30 67 33 72 61 94 73 28 98 94 69 39 61 98 10 68 79 64 21 36 56 29 46 93 57 52 5 80 76 32 77 53 39 84 81 75 71 
73 82 24 0 27 58 31 65 39 19 96 42 96 58 49 43 53 23 65 71 62 61 97 28 1 27 51 21 27 66 78 19 61 83 60 63 39 24 69 70 62 88 67 20 37 18 22 78 27 33 9 9 21 69 83 55 86 94 75 90 24 95 91 14 12 43 11 89 25 48 69 44 92 14 7 3 68 94 5 29 36 83 78 47 79 7 92 81 21 24 64 72 7 22 65 51 91 10 93 68 86 34 72 9 52 34 62 8 60 42 28 52 41 72 46 95 10 89 47 59 22 55 1 20 20 86 28 98 22 95 19 68 36 96 30 23 57 11 43 73 32 13 83 8 88 9 62 24 35 95 4 56 69 16 25 95 63 27 99 48 88 36 17 88 91 79 88 58 25 56 50 53 25 16 68 74 47 21 67 95 13 26 1 98 99 78 12 91 25 55 48 78 41 60 96 80 90 32 57 34 39 93 21 15 10 68 82 80 4 48 71 43 6 21 58 60 55 78 25 59 80 37 81 59 52 64 74 84 89 83 56 79 71 28 24 54 70 69 24 47 40 67 78 27 25 18 88 2 46 59 22 18 57 34 44 76 99 3 97 91 84 27 27 53 56 8 63 32 80 93 77 47 88 71 70 56 93 99 88 86 75 16 15 57 88 2 85 76 77 91 19 63 46 66 53 29 88 39 21 98 52 60 95 65 15 98 53 45 17 65 31 83 11 46 89 79 60 98 43 65 6 91 77 56 43 21 89 69 19 93 50 84 16 18 62 8 65 56 3 91 5 17 78 69 31 53 85 37 99 60 32 36 33 51 52 6 34 1 10 32 36 89 61 39 12 45 44 8 63 57 97 94 53 25 44 52 11 95 50 19 11 62 40 7 8 80 13 1 4 52 16 68 82 60 67 16 62 65 20 45 
10 3 87 27 0 88 62 22 1 64 95 85 2 85 61 77 23 15 25 47 33 81 71 55 25 78 90 36 58 32 40 15 94 49 14 20 16 98 42 36 26 52 35 23 34 62 79 8 33 4 68 96 58 97 47 90 22 93 85 59 65 41 79 79 63 63 48 28 72 43 15 94 52 19 79 11 36 50 94 80 90 5 6 87 30 54 81 73 30 39 79 55 43 65 69 45 85 74 51 81 51 36 73 16 40 3 36 98 80 16 16 95 67 35 84 94 19 75 19 26 18 50 38 21 41 53 24 19 80 52 33 38 31 41 51 74 69 81 16 64 65 92 21 55 24 7 25 1 49 81 29 89 2 74 22 1 77 33 41 82 84 31 88 54 34 83 23 4 35 50 89 71 38 34 13 38 80 66 7 80 93 4 33 86 45 30 47 68 67 29 58 85 44 95 94 21 53 32 26 64 53 60 18 23 55 14 31 24 51 22 72 4 24 13 78 8 53 31 27 9 97 85 82 74 40 57 61 26 66 96 28 19 87 2 35 3 18 86 12 94 54 60 83 12 84 4 84 1 94 86 52 92 33 87 85 82 6 12 70 10 47 75 94 33 39 43 64 24 41 64 64 32 19 41 6 93 80 83 75 41 26 69 50 83 87 47 14 22 81 82 95 50 52 15 31 11 86 5 8 55 60 85 99 42 36 57 14 12 53 67 22 82 95 35 62 92 86 61 93 99 92 75 9 76 82 28 26 87 37 15 4 93 85 73 44 9 56 18 61 33 99 84 28 96 53 51 81 92 80 27 38 25 57 41 53 39 20 45 21 64 22 66 69 93 19 69 17 79 60 57 45 36 40 62 33 68 54 63 76 9 35 34 93 26 68 2 99 9 90 28 30 90 78 11 62 17 80 75 77 98 
76 86 40 58 88 0 1 31 4 82 65 39 68 31 22 27 96 11 70 34 37 10 1 56 70 11 4 40 78 38 17 26 47 8 44 1 57 15 56 56 53 79 98 54 61 1 15 61 67 96 40 72 8 17 67 62 70 51 59 80 15 78 13 12 80 96 35 7 70 86 45 71 73 13 47 83 8 30 61 83 74 47 87 85 98 48 89 74 77 88 46 37 88 40 38 7 44 59 2 84 30 49 56 46 9 35 30 1 80 20 5 72 2 9 27 41 90 33 71 97 8 39 82 30 4 75 51 92 17 50 43 71 9 32 26 35 55 98 97 71 6 64 95 25 47 21 23 1 70 23 28 26 65 46 39 58 53 53 33 70 80 6 34 65 54 54 54 13 81 97 34 52 56 81 55 13 86 11 82 79 72 85 30 13 64 8 71 83 64 65 45 70 76 89 35 15 60 89 34 25 4 42 31 23 54 97 92 92 83 98 37 7 39 99 32 63 48 63 35 72 43 21 91 51 23 3 64 1 93 6 73 53 10 95 98 12 99 41 92 77 88 62 3 23 83 94 99 48 30 96 99 81 2 76 2 53 93 65 76 79 63 77 49 37 50 15 74 22 33 72 1 47 25 81 38 17 53 69 93 91 8 61 10 35 64 67 69 14 67 92 1 35 71 17 38 18 39 83 15 38 63 1 34 50 78 32 58 59 74 77 29 77 54 59 32 95 14 39 92 88 60 47 63 87 62 40 72 3 60 26 58 33 31 53 92 42 79 58 46 86 26 74 75 7 3 31 78 79 92 97 43 19 84 90 89 57 43 5 12 25 23 7 5 80 29 54 31 22 28 6 36 73 83 49 52 95 25 77 41 86 29 41 48 24 29 85 90 38 6 24 69 21 14 57 30 29 92 55 29 64 
6 94 32 31 62 1 0 82 61 70 84 73 80 49 53 93 93 97 58 95 40 91 79 62 58 6 77 26 80 94 38 45 61 16 93 42 64 8 3 47 76 53 67 26 38 4 26 85 65 1 53 82 47 85 18 55 36 79 61 51 47 24 66 1 33 13 91 76 26 56 70 6 15 88 3 92 65 99 88 59 25 46 15 78 87 33 92 73 39 84 21 25 72 28 38 96 83 17 55 97 53 74 6 67 81 95 51 3 90 33 8 90 86 37 67 74 12 36 43 40 53 94 85 21 74 8 53 70 58 63 90 84 17 29 46 83 82 69 68 62 84 70 39 75 64 73 13 35 25 84 35 23 90 41 88 76 78 39 76 22 16 56 69 83 69 12 37 58 28 80 2 13 2 9 90 64 91 16 86 81 85 28 94 8 15 76 13 62 21 38 63 67 34 58 75 73 6 1 3 5 65 58 36 31 5 76 81 15 3 53 55 16 97 89 1 60 63 2 92 68 82 42 84 45 98 7 88 57 50 48 73 60 94 83 81 99 93 39 11 88 66 96 89 60 74 96 92 35 51 52 83 83 52 92 25 56 69 66 38 58 98 88 45 58 42 33 28 56 64 81 92 77 57 27 63 54 93 23 39 21 59 44 20 46 76 38 85 35 88 59 2 41 86 38 59 8 25 25 84 42 95 28 33 15 26 14 79 37 25 4 57 94 32 29 77 3 61 60 73 41 16 38 8 83 39 48 61 61 49 83 9 86 69 40 64 55 14 62 41 74 75 69 25 26 34 19 79 47 79 8 78 9 39 50 15 18 46 58 78 88 27 32 59 24 38 43 94 90 82 97 27 47 19 25 40 76 40 7 69 40 47 22 68 74 25 72 33 13 87 66 8 3 97 21 4 86 95 36 18 18 
80 37 38 65 22 31 82 0 56 44 53 96 26 90 30 52 68 48 21 72 80 9 24 61 57 10 47 61 66 63 22 14 23 28 26 18 33 94 15 86 53 26 61 84 69 90 25 58 64 13 19 27 78 26 1 23 15 75 40 76 20 10 72 54 67 28 89 3 72 86 20 15 14 98 83 23 62 82 12 29 45 3 4 11 32 92 97 30 56 30 34 42 66 50 26 86 49 54 49 1 39 8 22 6 16 78 81 64 98 31 33 73 45 41 68 25 79 68 51 49 36 53 32 2 65 32 19 67 16 44 40 21 2 1 46 83 30 27 8 53 4 22 84 80 63 70 68 9 73 44 96 90 77 73 59 69 59 82 64 93 53 38 48 52 24 71 1 24 23 88 60 9 3 19 4 15 80 68 35 82 65 45 43 35 79 45 61 68 43 23 42 69 42 40 81 43 68 99 14 26 39 76 6 93 23 40 74 15 48 72 2 34 71 61 20 16 98 99 54 70 21 36 39 50 82 59 13 76 54 25 96 23 34 25 31 88 1 88 36 46 64 9 42 15 63 11 30 31 38 98 40 11 68 55 78 46 74 69 24 82 65 82 82 33 94 15 31 39 97 88 1 38 67 43 62 19 1 46 83 95 72 71 97 54 1 43 41 40 25 41 93 73 32 5 30 36 36 49 31 48 1 80 8 53 10 25 52 86 92 76 15 82 62 41 13 28 45 1 55 65 17 91 18 60 91 96 38 73 84 82 40 44 71 91 24 31 74 64 91 49 45 95 17 60 91 45 86 49 18 52 49 7 77 67 87 36 45 79 99 1 39 19 82 37 49 4 52 49 4 89 58 17 88 64 87 22 34 95 32 69 39 72 70 54 13 97 47 41 18 94 79 62 36 59 32 31 49 31 97 97 
65 47 39 39 1 4 61 56 0 21 7 75 36 37 74 39 72 57 72 68 50 62 83 99 84 86 88 48 1 66 22 22 40 77 61 3 41 78 44 84 60 67 79 86 51 23 38 14 16 85 47 39 90 55 28 30 49 16 74 30 52 50 89 65 14 53 95 60 35 4 65 81 93 58 1 10 91 39 18 14 43 53 10 39 26 58 82 52 70 54 90 70 30 91 63 77 21 56 89 96 2 63 55 11 32 70 96 48 49 11 41 26 73 88 23 50 56 89 4 29 25 21 66 88 10 12 22 59 88 95 65 79 88 72 87 83 1 43 35 67 58 93 7 71 3 13 91 5 1 35 77 9 24 62 28 16 12 86 54 91 48 61 89 30 84 51 70 39 84 75 96 48 6 60 12 36 52 85 74 13 36 17 10 85 59 49 22 48 72 57 52 68 4 93 51 54 88 80 93 40 81 83 83 3 31 86 48 66 42 57 42 80 45 95 80 87 34 55 16 28 38 6 65 35 43 88 45 91 43 45 53 89 58 81 3 65 74 96 50 32 32 42 40 15 3 48 36 51 33 33 42 43 96 17 84 29 32 92 12 39 88 17 57 10 65 84 27 3 39 86 31 87 54 32 31 37 16 22 93 48 74 45 5 67 44 19 60 91 30 78 10 24 91 9 92 15 88 48 73 38 42 90 31 40 6 34 75 20 94 38 90 16 13 98 65 1 70 51 48 19 69 68 67 75 70 56 66 82 51 49 5 51 57 79 39 11 95 25 40 59 56 1 39 94 86 96 71 74 56 16 97 50 56 7 33 30 94 79 20 29 79 42 93 25 90 11 70 16 47 30 45 20 84 75 80 45 99 13 87 78 50 32 54 88 93 79 3 70 97 23 43 3 21 57 40 38 27 22 4 63 
17 81 57 19 64 82 70 44 21 0 29 10 55 2 29 7 45 68 33 30 70 13 91 16 75 93 17 24 16 12 5 72 95 25 81 38 64 61 82 50 79 12 1 48 24 82 91 13 57 82 29 36 81 9 17 7 22 35 48 46 43 26 36 76 27 54 88 75 67 78 61 53 50 37 61 96 48 70 35 62 33 48 19 92 92 74 82 13 42 58 71 3 35 81 67 88 72 15 27 40 91 59 46 83 85 53 14 10 26 48 65 89 40 86 22 46 45 89 84 69 68 71 36 35 25 62 88 74 21 77 73 59 56 16 83 42 64 28 97 83 90 72 74 97 61 90 80 89 23 35 56 8 38 99 1 76 74 64 58 65 40 15 23 27 16 82 77 93 27 50 89 33 26 99 53 61 78 6 47 65 11 98 2 57 73 92 57 22 87 38 73 75 93 15 15 50 89 46 87 31 84 78 72 59 63 43 19 59 76 13 29 46 50 95 23 77 57 90 39 87 12 20 89 51 75 92 91 41 60 3 9 76 72 30 96 11 73 64 14 36 62 28 6 49 37 83 68 7 39 19 72 54 16 53 47 98 75 54 4 25 44 26 27 2 7 19 35 32 97 81 99 44 52 37 83 9 3 20 63 95 76 26 36 80 63 77 77 75 71 48 79 32 34 44 10 57 87 47 38 37 11 51 78 20 46 35 36 8 72 2 4 47 62 7 4 9 37 85 49 82 15 16 49 44 44 58 86 68 47 51 3 1 82 59 19 46 66 28 97 84 59 21 97 44 85 12 99 91 47 38 89 41 7 45 31 59 34 66 22 90 58 1 78 68 16 71 4 48 43 2 82 48 17 69 22 62 30 45 97 67 35 89 87 78 98 39 11 22 17 79 8 54 54 68 78 13 87 86 29 14 
2 28 88 96 95 65 84 53 7 29 0 62 7 58 46 62 52 94 7 58 41 8 5 93 8 19 52 73 3 83 47 19 87 30 36 12 53 77 38 79 70 25 70 30 78 25 43 11 66 86 54 21 14 27 7 32 84 50 66 55 1 51 82 38 77 71 21 55 16 46 30 71 15 14 77 82 48 44 76 63 26 26 73 43 62 45 45 54 33 29 6 21 62 8 52 98 51 84 22 10 78 12 68 36 38 42 10 16 94 86 77 30 53 26 87 38 16 23 92 37 46 67 4 59 96 73 73 90 17 86 75 33 63 7 74 38 3 46 14 42 34 4 5 31 66 70 89 75 37 66 57 78 71 17 43 98 58 94 6 90 88 30 96 70 87 42 82 52 47 59 40 84 16 76 94 94 53 57 26 80 37 5 83 95 12 43 23 85 29 57 33 59 87 69 67 23 3 74 2 34 81 8 64 70 6 43 16 36 47 82 24 21 5 24 26 47 32 26 19 12 54 46 7 21 6 68 12 45 45 27 86 57 81 54 38 47 12 65 57 84 23 57 77 75 72 37 51 32 24 29 1 40 62 33 67 59 47 80 38 54 91 89 34 35 26 79 20 84 53 76 85 64 97 80 99 42 39 40 7 9 1 88 43 19 45 44 94 6 3 63 37 95 60 84 20 24 31 18 99 40 56 24 17 10 92 31 49 50 38 52 22 1 32 94 19 40 45 50 45 24 37 82 90 70 75 86 69 62 44 47 54 75 13 36 18 12 5 88 27 66 17 76 26 64 25 17 80 85 57 20 34 66 30 39 84 54 70 92 65 20 55 76 70 71 94 23 82 29 98 74 58 51 21 30 33 44 92 48 47 58 80 2 13 40 20 56 60 58 67 89 58 54 56 3 34 45 54 38 63 74 
77 73 29 42 85 39 73 96 75 10 62 0 61 70 73 87 83 13 49 9 84 65 27 53 18 28 43 49 54 93 15 85 46 29 16 34 90 71 15 91 80 66 14 27 52 24 94 11 73 52 30 20 3 37 23 57 99 95 59 22 35 40 55 29 12 60 3 4 87 11 28 2 62 71 13 31 68 80 62 58 8 43 4 54 90 13 75 76 60 35 70 51 98 93 22 86 76 44 4 85 7 2 66 97 19 54 8 71 47 26 35 56 72 64 95 12 13 50 80 68 55 70 82 42 32 83 34 74 10 89 75 96 2 20 12 73 42 24 36 59 30 15 2 50 95 40 28 58 20 33 12 52 88 86 65 77 61 9 40 85 98 19 4 47 41 32 96 43 63 24 17 89 32 98 76 84 7 19 46 65 54 86 44 51 43 14 8 1 6 14 9 39 67 60 98 67 6 26 89 7 16 75 60 20 51 23 3 76 76 51 42 9 48 84 28 10 71 19 79 70 62 84 36 36 57 54 23 14 49 22 8 7 78 29 44 85 71 98 29 74 90 7 54 14 73 55 90 51 49 39 58 35 69 66 52 25 86 48 39 85 39 32 79 79 9 37 96 73 38 78 35 40 20 68 32 71 65 56 60 57 27 90 78 31 53 89 32 84 44 1 52 11 73 40 77 14 70 70 50 12 13 60 14 90 32 20 26 65 87 67 19 87 92 99 99 37 49 15 41 46 79 64 1 55 21 85 24 56 60 41 38 3 35 70 44 91 41 84 61 46 19 69 27 61 46 59 24 2 41 14 78 63 52 95 48 62 58 65 98 24 2 3 68 84 5 9 78 15 14 99 7 96 69 98 87 29 74 35 84 59 49 10 15 32 25 25 23 75 26 20 97 75 62 86 8 54 89 62 76 69 
72 29 37 96 2 68 80 26 36 55 7 61 0 18 44 29 18 53 49 92 95 60 22 87 72 93 10 11 21 84 16 47 39 20 61 7 24 32 92 1 84 72 10 68 66 3 66 48 87 26 20 5 53 71 5 23 63 60 41 70 71 24 77 32 59 28 73 31 19 57 45 37 60 89 57 84 57 2 49 9 55 24 94 54 71 24 43 69 62 31 73 27 36 89 95 22 61 33 91 87 19 10 30 75 31 59 40 95 26 74 74 54 76 78 61 27 7 85 68 78 34 92 52 37 34 84 41 14 65 52 74 7 57 22 60 31 46 69 58 20 83 32 71 61 76 34 18 79 97 1 83 42 68 86 63 35 25 98 73 13 51 64 65 34 60 36 20 7 24 97 61 19 97 63 10 24 41 77 98 7 80 35 81 7 33 13 71 96 52 46 18 88 87 85 7 58 58 84 73 7 88 19 31 7 88 14 54 62 41 39 17 48 39 98 1 66 49 70 32 66 1 76 77 20 85 83 64 39 55 87 13 22 19 46 60 61 13 29 12 14 61 83 60 88 84 3 34 92 10 3 77 44 82 18 89 54 51 76 7 37 95 17 77 99 63 23 71 70 83 16 96 19 22 10 3 79 79 7 97 60 37 26 6 62 9 7 21 57 14 94 4 79 6 82 91 40 99 8 33 11 69 45 99 82 80 98 20 50 67 62 51 26 41 25 56 3 87 6 10 95 81 26 54 72 66 56 64 8 69 87 40 58 74 78 39 32 77 60 82 28 90 40 9 4 15 99 10 76 79 82 65 74 84 16 65 53 48 27 54 17 26 8 25 5 10 26 37 90 81 53 70 55 26 42 19 12 81 4 2 18 51 91 19 46 45 49 21 92 17 36 30 8 29 7 30 98 97 95 3 89 
7 3 67 58 85 31 49 90 37 2 58 70 18 0 91 61 70 1 87 15 69 74 16 87 90 45 68 16 51 35 53 15 71 31 29 93 73 35 60 15 81 13 87 64 86 79 3 10 76 31 33 20 68 77 31 71 9 18 75 67 49 66 17 33 18 78 59 12 67 34 8 7 5 63 1 22 21 38 51 59 82 79 7 47 13 62 50 52 28 60 15 22 88 54 14 75 35 50 71 24 54 52 13 71 11 99 5 97 12 75 38 32 44 95 38 87 1 39 26 23 45 94 47 86 14 32 47 82 67 37 53 35 32 14 48 19 26 64 87 6 24 20 31 5 8 52 99 67 65 28 96 56 1 44 44 91 63 65 5 7 25 24 28 31 69 26 94 51 68 3 99 86 57 19 13 25 38 70 65 59 1 65 14 22 38 99 15 18 91 90 23 21 51 73 49 11 24 97 66 13 21 86 22 47 32 27 35 59 91 83 70 15 80 84 79 63 26 68 18 20 55 38 1 81 62 62 4 17 54 78 25 65 20 72 63 54 5 5 72 84 70 80 61 98 54 33 88 7 3 41 6 22 4 12 80 68 7 76 47 17 64 5 20 41 38 63 59 6 80 87 75 45 11 7 33 41 9 67 96 73 58 25 95 34 48 95 53 92 12 37 7 61 30 50 56 7 41 64 8 76 27 56 32 83 96 55 78 77 7 96 91 79 58 14 84 24 21 66 91 85 55 67 84 88 38 17 8 81 69 16 16 83 21 48 21 59 10 97 56 60 89 8 26 10 11 37 40 21 83 76 29 99 41 86 84 6 11 49 61 68 60 34 22 77 84 7 22 15 42 66 79 69 39 92 54 81 95 13 90 78 61 58 52 15 68 49 55 10 23 34 99 57 81 15 32 20 43 32 74 28 
26 14 11 49 61 22 53 30 74 29 46 73 44 91 0 62 15 54 41 91 44 12 74 73 32 52 59 16 49 4 26 65 29 69 60 60 84 78 5 70 67 74 44 88 84 74 79 63 5 73 41 98 13 19 55 36 20 32 10 71 30 33 86 95 87 85 84 12 85 97 96 83 29 90 37 18 96 22 11 80 62 40 89 91 72 84 46 13 20 45 20 85 64 42 64 31 52 12 54 32 75 92 69 11 21 88 73 78 1 39 89 48 6 47 75 72 94 58 18 47 38 88 88 74 4 51 64 64 61 53 49 52 7 64 94 2 25 23 89 49 35 23 40 19 64 75 89 18 8 28 87 79 3 51 17 44 80 12 78 14 95 39 1 72 27 93 77 95 89 55 17 63 74 57 54 40 19 65 79 69 59 51 54 44 48 51 48 88 95 55 75 66 4 45 12 53 57 41 15 39 98 14 47 62 6 62 15 78 66 93 48 77 14 6 23 42 7 16 31 47 93 33 19 30 72 4 1 51 70 41 36 52 16 50 9 68 66 35 35 86 39 3 46 59 18 34 93 9 45 6 10 42 51 74 78 63 8 33 80 67 42 78 77 49 92 14 76 2 33 28 10 37 8 55 12 90 37 81 59 77 64 24 33 66 80 76 74 63 18 87 66 6 77 60 45 93 30 57 57 68 54 18 13 53 83 94 20 61 58 34 62 89 74 80 33 61 71 19 35 74 39 72 23 16 55 28 24 27 12 61 31 62 98 74 45 81 24 65 72 18 65 13 85 39 77 38 38 84 44 88 78 14 44 91 28 47 69 5 99 32 59 90 42 64 97 83 55 88 40 72 37 40 71 17 11 26 48 12 79 64 44 94 42 24 34 89 47 26 46 31 95 87 26 97 38 7 23 30 84 32 
51 42 85 43 77 27 93 52 39 7 62 87 29 61 62 0 88 98 54 16 84 87 16 79 36 7 2 9 83 12 79 81 93 40 7 27 74 77 65 35 27 83 39 92 9 19 25 6 56 46 3 25 48 58 40 80 38 52 10 38 9 70 16 57 67 38 23 76 19 7 78 72 35 41 53 25 50 7 33 67 13 59 87 33 49 46 56 33 27 16 60 57 31 67 28 94 21 49 39 23 65 62 85 88 68 70 67 8 16 26 95 63 28 94 19 91 85 74 80 37 1 13 24 98 10 47 87 76 75 6 70 43 4 34 77 21 58 2 67 80 78 62 78 79 86 51 86 17 2 22 58 23 17 68 38 61 79 81 91 1 38 77 81 82 8 61 93 24 13 51 16 64 9 3 43 18 16 51 26 64 52 55 28 45 59 80 5 12 37 22 93 10 91 22 13 46 98 29 40 3 48 71 51 19 92 93 37 83 74 57 66 5 48 39 80 76 19 50 64 71 55 43 70 42 21 17 1 40 68 36 22 87 52 91 65 4 9 60 2 10 62 25 38 96 71 52 83 84 74 6 58 19 46 63 87 79 87 67 51 22 94 73 71 77 81 37 69 37 77 45 48 45 52 21 3 47 77 37 46 15 25 85 72 31 94 96 12 51 73 69 95 80 63 49 83 36 13 82 32 71 3 71 86 26 25 53 37 2 90 52 96 63 42 68 67 43 55 53 72 31 29 24 10 9 46 94 46 70 21 92 8 18 64 40 62 57 50 43 44 96 86 90 59 98 22 27 23 91 52 59 98 71 28 4 32 11 54 44 25 23 88 16 76 68 24 55 59 67 16 92 27 25 6 27 45 94 81 82 68 58 66 1 12 34 19 61 6 6 72 15 81 26 55 19 85 45 59 71 96 49 
21 37 1 53 23 96 93 68 72 45 52 83 18 70 15 88 0 11 91 47 73 33 29 76 4 53 34 82 56 91 20 64 12 4 40 31 23 78 63 65 57 72 36 53 47 9 81 61 4 23 32 96 96 56 11 79 56 19 95 88 78 16 90 55 63 75 51 78 56 67 37 63 37 14 66 53 27 73 90 93 92 48 99 13 54 43 17 49 21 8 85 24 77 38 16 5 16 9 49 37 67 78 19 45 39 12 30 97 74 6 94 31 45 2 39 5 33 86 71 61 4 13 68 12 14 29 4 98 71 29 75 90 16 42 14 2 52 77 84 72 56 10 81 8 28 45 6 47 79 96 70 51 65 88 61 33 88 28 45 45 44 25 19 76 80 1 55 47 95 2 20 71 71 35 63 10 5 63 49 47 49 91 81 11 71 26 20 9 65 3 73 65 94 20 74 67 32 66 65 69 46 92 94 23 98 55 62 48 25 24 27 34 84 95 41 19 15 39 64 7 72 53 15 44 80 84 41 22 61 97 23 49 86 72 96 38 85 67 57 51 66 89 21 1 76 15 94 27 72 91 75 27 6 99 76 68 16 78 25 27 57 79 2 22 79 1 91 61 75 53 88 44 64 29 59 92 13 95 14 9 70 27 64 4 5 35 60 8 76 41 20 69 28 88 6 1 83 45 54 55 89 68 30 22 37 40 54 64 17 96 72 77 63 73 22 74 19 83 55 75 74 4 31 79 70 99 97 17 33 49 18 24 76 94 92 65 89 64 71 60 96 28 55 36 30 29 33 54 98 78 81 77 84 4 89 70 58 89 81 48 19 35 70 77 85 33 27 1 75 20 45 29 4 53 93 58 9 62 11 20 28 99 7 36 54 9 22 87 31 96 69 13 52 23 21 94 33 91 96 2 
19 41 17 23 15 11 97 48 57 68 94 13 53 1 54 98 11 0 38 25 83 1 7 68 82 5 13 15 59 5 85 94 50 22 41 82 18 67 54 47 33 9 33 75 32 60 50 12 12 55 9 10 73 90 96 73 48 74 77 12 70 58 95 45 4 22 65 32 44 37 87 60 16 40 69 2 15 83 78 69 32 57 38 30 48 70 6 35 28 64 63 12 59 9 54 37 75 13 27 77 3 86 71 21 48 47 1 53 98 6 17 45 30 49 51 87 18 97 58 33 79 2 22 95 1 77 22 85 92 80 53 57 67 92 89 79 96 57 10 12 85 60 14 49 33 46 20 84 34 84 47 55 73 66 72 57 34 54 60 74 69 50 36 69 72 52 97 7 85 5 24 22 36 60 40 67 61 34 9 4 69 7 8 68 30 95 78 98 37 75 30 91 56 50 82 46 11 16 71 24 37 25 70 26 73 99 77 79 45 97 12 11 84 94 53 31 31 63 22 23 43 57 96 93 38 44 86 96 73 95 2 17 27 2 98 53 60 54 80 56 76 96 85 29 55 14 8 16 84 35 52 44 91 76 79 52 58 30 69 61 50 81 3 4 79 88 73 26 40 10 44 57 65 10 2 82 16 87 84 80 64 93 6 82 65 28 19 16 12 71 92 52 6 69 21 53 60 37 3 69 27 22 45 43 43 49 54 5 17 50 21 20 34 65 85 46 35 36 89 25 61 13 82 37 39 16 86 90 84 43 90 67 97 75 40 95 1 11 33 2 88 27 36 40 31 7 66 80 55 59 45 82 17 92 62 77 84 85 3 87 35 77 86 44 23 72 22 80 98 48 60 72 64 36 30 54 35 14 70 48 91 6 55 98 33 13 28 92 99 70 18 31 34 58 14 3 74 35 52 16 
85 19 31 65 25 70 58 21 72 33 7 49 49 87 41 54 91 38 0 8 72 77 13 22 67 10 37 60 72 46 34 92 78 34 74 98 85 39 71 86 37 95 13 43 69 26 89 95 41 82 87 58 57 82 54 3 13 6 29 22 47 90 94 23 98 51 98 15 82 69 82 22 4 90 73 51 52 20 53 20 60 24 59 77 36 73 71 31 81 90 52 63 50 44 13 97 51 33 35 55 84 91 46 46 9 53 79 90 22 64 32 6 72 8 39 9 60 94 72 94 98 83 2 67 43 99 47 60 59 58 16 83 44 11 61 59 51 67 65 34 68 53 59 48 91 24 15 8 32 63 78 4 19 9 45 94 90 68 26 88 21 1 38 72 87 74 26 33 91 32 99 64 10 33 67 69 77 65 35 2 25 65 17 5 87 78 24 72 81 22 94 61 48 99 19 83 15 28 62 27 69 80 85 76 60 9 3 81 25 63 33 61 96 45 21 86 92 90 8 19 49 77 37 63 55 31 3 4 7 66 77 11 36 67 66 76 32 56 20 85 71 45 67 56 86 96 60 63 77 81 96 13 81 19 19 9 60 47 72 98 75 65 78 79 47 2 36 83 66 7 49 64 12 87 82 59 95 28 31 18 59 44 72 47 36 7 19 45 41 82 48 41 75 73 58 59 85 4 30 58 45 26 61 9 49 26 29 46 75 54 24 19 97 81 19 95 24 92 37 16 15 66 78 31 54 61 68 85 96 85 86 64 69 69 22 27 44 38 5 34 41 45 95 32 57 57 99 85 15 28 19 77 13 25 55 49 48 44 62 8 20 47 20 80 59 95 61 54 14 31 29 3 76 93 44 30 91 80 48 35 29 10 53 25 73 89 88 1 24 17 15 90 44 7 76 37 42 22 2 85 
12 98 4 71 47 34 95 72 68 30 58 9 92 15 91 16 47 25 8 0 35 88 86 72 15 83 4 10 45 26 49 88 70 94 78 35 76 40 28 14 46 90 19 2 38 69 21 31 84 97 89 12 42 76 73 6 87 44 38 98 76 40 94 34 15 78 97 18 73 83 97 37 63 13 80 58 84 24 86 32 20 96 52 69 16 39 55 68 44 33 73 34 93 37 13 55 89 36 92 95 11 97 88 68 31 67 39 31 45 65 90 17 99 76 68 32 1 24 84 78 90 10 28 40 91 18 76 63 38 61 44 42 39 17 84 85 89 19 66 10 15 56 31 8 83 4 22 74 23 13 16 91 47 37 30 72 42 41 75 73 60 58 2 21 98 18 33 2 87 82 35 47 41 22 65 89 19 18 51 17 32 20 80 96 41 31 54 66 51 85 4 29 16 74 42 42 52 44 65 75 48 84 30 77 54 2 90 71 36 4 4 7 7 88 36 61 30 77 76 42 8 42 32 34 15 89 91 68 11 77 50 20 21 55 74 71 39 36 51 53 42 93 99 13 84 59 29 71 43 25 5 91 25 86 74 29 88 98 57 15 10 20 65 73 1 93 95 38 42 30 56 50 19 16 58 60 89 86 41 89 73 97 83 33 61 42 60 62 83 38 23 48 88 14 24 74 28 3 54 9 6 81 11 71 41 66 36 73 66 52 40 68 28 52 37 69 8 27 39 9 82 11 64 16 80 59 22 6 2 15 81 35 36 86 39 58 8 57 81 18 45 86 77 72 85 88 53 34 39 80 30 5 60 32 78 9 92 29 94 88 82 6 68 94 52 94 48 88 41 18 37 48 52 26 76 87 66 12 91 17 90 73 67 32 7 14 39 86 5 30 21 93 55 61 23 30 84 30 85 61 
29 39 79 62 33 37 40 80 50 70 41 84 95 69 44 84 73 83 72 35 0 40 50 79 67 26 66 60 94 99 80 61 50 72 55 70 43 16 37 39 43 40 52 51 11 13 57 72 75 94 99 91 1 84 26 22 69 41 2 7 15 21 34 74 67 26 48 98 2 22 62 62 20 10 20 44 13 79 79 38 75 8 7 64 98 90 83 88 92 1 16 72 31 82 88 53 48 54 49 63 12 11 54 51 71 53 64 50 18 45 29 96 89 50 43 38 23 88 86 20 5 40 24 27 11 20 43 64 90 34 86 64 57 89 26 85 54 35 60 45 22 94 90 59 60 8 71 71 50 13 4 82 3 42 43 19 36 64 60 33 94 58 28 77 89 8 6 88 43 65 78 74 46 4 70 77 97 99 27 54 78 8 31 65 71 72 23 48 65 92 97 98 75 36 10 38 10 48 30 25 63 10 91 70 55 49 55 85 38 2 49 97 11 27 24 68 69 45 74 92 44 83 58 42 4 73 2 51 65 29 20 35 27 73 87 26 24 62 4 54 22 84 95 30 17 23 17 60 33 43 30 17 44 16 18 69 5 21 77 31 95 67 72 3 97 23 26 55 29 30 19 98 36 61 78 26 69 52 42 26 55 92 99 96 80 98 48 11 63 61 99 64 71 6 88 49 73 79 56 42 98 89 30 38 1 95 1 76 16 51 6 65 4 84 77 50 79 64 20 74 91 58 48 68 66 11 1 95 8 57 12 51 16 32 62 56 13 82 62 48 72 36 37 96 98 65 24 93 1 66 97 90 75 78 89 88 49 5 57 4 74 73 72 14 76 63 43 81 32 47 71 30 18 48 38 13 62 61 33 58 33 86 23 10 44 70 98 39 5 38 74 6 34 75 18 9 16 30 53 17 
30 64 60 61 81 10 91 9 62 13 8 65 60 74 12 87 33 1 77 88 40 0 36 66 21 99 39 91 13 5 63 68 54 10 26 22 35 24 21 50 99 53 98 40 3 98 50 99 21 7 70 32 4 96 32 12 22 42 2 59 86 99 23 43 9 21 71 55 52 15 77 3 63 76 28 8 42 22 44 20 80 74 94 39 39 44 10 2 88 18 15 58 94 20 42 43 79 96 42 81 23 40 88 8 29 32 4 95 77 15 68 56 69 94 52 35 42 28 18 27 65 51 54 84 22 9 10 13 17 74 26 64 12 48 20 75 26 43 44 98 81 55 83 39 20 7 5 94 58 4 91 91 10 6 93 57 99 71 92 30 53 45 87 5 37 11 87 84 23 55 50 85 4 54 27 33 1 16 79 54 29 25 83 16 59 26 67 1 61 86 68 18 50 80 74 19 41 92 78 95 62 81 84 4 2 45 38 63 63 22 25 97 60 8 58 97 79 28 32 97 46 38 59 43 29 96 21 23 40 2 1 13 28 6 55 66 26 8 6 59 99 20 68 62 30 98 90 62 50 96 52 73 12 74 43 99 79 98 83 60 67 34 7 39 11 17 33 14 86 39 16 91 2 48 96 63 69 36 2 85 76 38 57 62 27 14 79 27 31 46 72 96 81 15 88 39 57 90 16 76 32 55 59 41 35 70 31 3 14 89 17 33 17 91 60 64 30 94 74 35 29 56 72 46 50 42 41 45 96 5 58 12 55 24 46 61 7 38 72 44 8 20 44 30 62 67 65 21 36 75 2 97 78 26 49 91 88 95 41 81 44 49 29 59 14 25 36 30 43 8 66 79 43 24 25 27 15 74 47 15 36 22 67 79 25 85 24 10 95 47 97 90 1 24 64 24 8 29 65 49 
15 47 54 97 71 1 79 24 83 91 5 27 22 16 74 16 29 7 13 86 50 36 0 15 77 71 30 50 73 35 20 97 25 94 20 91 1 79 85 58 67 29 83 6 64 71 5 30 69 38 99 45 54 50 14 27 74 71 96 44 5 12 49 11 51 94 96 2 53 59 68 97 57 58 72 93 71 1 40 3 19 73 41 31 52 58 63 44 14 35 36 17 63 96 86 97 66 66 67 85 70 79 65 43 29 1 95 56 25 27 4 19 12 86 96 11 66 91 13 8 60 52 77 23 34 19 37 47 23 33 54 44 95 31 31 16 97 33 85 41 32 35 66 35 75 16 92 9 18 76 61 72 25 90 34 65 80 48 90 34 68 53 94 54 79 68 98 58 81 54 28 99 47 54 56 70 20 73 91 90 10 16 93 36 67 9 89 96 80 70 85 55 37 85 81 9 8 25 79 9 10 94 81 91 13 67 30 67 25 38 62 86 47 91 49 31 68 20 44 2 88 81 82 32 16 89 71 4 69 49 54 35 75 24 10 10 83 9 72 42 88 47 75 70 98 98 56 60 2 9 64 80 79 48 93 62 13 36 35 17 99 12 16 82 89 75 46 76 78 95 6 49 69 69 54 49 11 47 1 87 62 62 46 55 94 16 64 17 66 40 98 37 85 21 67 46 46 66 78 8 39 20 53 60 33 29 25 39 89 73 91 94 68 79 86 2 43 54 3 12 75 61 92 90 42 11 57 14 78 19 26 3 97 1 98 87 29 91 3 2 85 94 57 7 66 6 10 18 88 18 13 76 6 10 44 1 86 89 18 64 27 29 88 2 78 34 81 16 48 78 74 38 25 26 5 16 95 55 26 33 48 8 59 47 76 62 49 68 81 5 58 55 19 98 49 27 27 25 64 33 
51 90 70 28 55 56 62 61 99 16 93 53 87 87 73 79 76 68 22 72 79 66 15 0 43 31 3 80 26 11 29 15 33 7 72 96 44 36 46 93 29 28 16 10 95 32 54 71 22 67 61 38 98 58 72 92 58 96 91 21 95 6 2 27 8 62 4 30 22 89 60 92 99 59 13 17 3 1 72 32 43 59 29 93 41 32 75 35 41 26 57 74 77 2 13 54 85 61 45 40 56 90 68 65 42 96 47 19 46 87 94 11 34 57 32 4 21 35 67 96 25 75 40 73 88 7 34 52 84 23 17 16 82 70 70 66 78 64 56 97 70 52 55 10 17 53 26 22 58 26 50 52 47 95 90 33 38 39 4 3 38 6 7 63 87 90 44 25 95 67 36 88 87 64 17 95 28 44 11 83 45 37 8 77 43 44 16 75 32 49 87 11 22 92 24 45 25 27 86 27 43 97 18 76 18 43 53 54 74 88 97 41 7 1 4 80 94 33 35 28 13 84 94 91 6 58 51 35 86 45 96 28 71 90 18 49 66 20 64 27 33 2 85 16 79 83 56 53 57 23 58 76 64 32 44 96 35 76 97 57 2 50 86 41 65 51 57 33 63 85 24 71 89 42 39 27 2 1 37 37 42 89 17 69 54 22 93 24 92 50 52 70 54 1 61 13 20 28 13 88 17 70 97 90 33 95 91 79 7 43 13 33 90 72 75 91 99 79 36 2 30 92 32 42 42 4 66 63 70 7 69 7 46 50 41 52 89 14 24 42 36 19 70 15 61 88 67 23 73 28 11 56 21 71 26 95 25 88 13 70 19 45 12 47 15 51 76 65 88 30 64 67 8 1 18 46 61 11 39 53 10 13 42 24 71 58 76 24 55 91 2 51 75 9 65 70 76 97 87 14 
69 3 50 1 25 70 58 57 84 75 8 18 72 90 32 36 4 82 67 15 67 21 77 43 0 29 62 78 98 30 64 57 86 63 97 8 28 63 74 18 86 86 93 61 31 20 8 3 44 59 17 49 29 63 99 7 75 60 53 9 5 44 75 51 96 22 11 65 67 69 52 91 96 6 37 37 44 66 68 26 28 3 47 27 78 45 79 84 78 47 30 49 64 13 60 46 49 67 13 45 69 64 8 4 30 87 63 63 36 8 43 56 76 97 66 88 49 2 58 81 53 46 96 22 90 74 8 1 15 34 59 79 68 48 54 23 95 58 18 17 7 34 95 16 49 53 95 18 53 31 3 38 51 57 91 67 66 87 6 15 12 43 79 15 85 1 4 60 72 93 49 10 8 24 23 99 7 33 88 69 83 97 12 26 89 94 96 16 94 72 80 68 70 6 42 61 86 18 39 93 2 16 50 24 41 36 75 41 36 50 29 87 31 40 16 89 40 34 81 23 65 87 77 7 11 80 29 47 24 44 62 44 65 1 75 97 1 1 32 75 41 12 72 60 76 6 20 31 95 45 26 70 32 75 30 91 5 59 79 85 85 28 65 1 3 6 19 62 73 65 43 74 89 51 67 48 95 6 41 92 34 80 6 78 67 31 16 45 33 76 45 5 16 11 14 72 54 14 57 23 59 48 64 51 25 48 19 83 15 15 83 20 35 77 67 39 72 54 12 64 41 15 25 80 68 73 31 31 98 86 14 70 82 78 5 26 60 27 24 62 39 89 83 85 14 89 91 73 48 52 98 64 29 28 60 95 79 60 51 11 92 85 23 38 30 13 21 67 53 16 3 42 58 2 98 63 46 44 4 48 88 5 40 69 6 72 60 8 34 58 90 58 72 29 48 5 62 52 2 91 
88 99 75 27 78 11 6 10 86 93 19 28 93 45 52 7 53 5 10 83 26 99 71 31 29 0 75 25 41 97 37 52 88 84 68 3 68 65 28 21 28 15 18 77 92 11 90 59 75 8 40 3 68 57 44 98 33 61 25 2 26 64 15 11 59 48 39 14 76 43 43 55 41 97 57 99 70 1 17 51 49 12 79 15 32 33 83 99 73 45 27 30 96 33 59 11 28 84 46 3 54 45 78 98 32 80 17 32 51 90 8 60 51 15 90 58 44 43 95 78 29 55 69 39 61 27 98 20 94 60 20 36 90 92 21 69 41 76 79 15 48 74 15 1 65 24 89 69 46 52 43 90 35 86 85 59 67 59 89 88 47 64 69 45 33 60 23 8 26 81 78 66 89 32 53 3 26 5 67 87 23 31 58 76 38 59 34 57 83 33 74 76 89 40 66 89 74 42 59 76 92 27 93 29 73 8 76 55 16 62 87 24 20 75 25 88 68 53 12 17 70 24 40 38 35 30 73 58 96 4 16 3 4 23 86 14 84 11 57 93 41 40 45 67 75 77 29 67 14 11 65 63 75 3 24 56 50 10 81 12 5 33 88 6 55 94 49 3 52 29 86 30 61 47 18 49 93 43 12 35 91 20 18 92 3 88 94 98 68 12 70 60 17 71 4 39 40 64 74 11 80 15 32 97 98 30 21 56 72 99 31 85 97 35 95 6 11 54 94 67 58 87 21 47 33 35 94 56 41 70 14 75 27 56 69 86 72 21 6 88 61 82 91 58 73 95 29 93 22 2 63 54 12 21 36 29 81 15 48 15 90 58 78 24 79 68 79 29 65 85 44 50 77 55 24 4 79 74 85 55 79 30 49 41 81 87 38 2 9 48 90 77 85 11 31 95 15 14 83 25 
88 29 47 51 90 4 77 47 88 17 52 43 10 68 59 2 34 13 37 4 66 39 30 3 62 75 0 33 17 79 53 25 86 9 69 50 12 11 18 12 34 90 40 78 62 67 51 77 84 72 6 33 61 42 79 84 7 38 41 15 38 29 40 80 77 55 77 16 75 43 56 64 61 7 62 46 81 91 15 72 88 10 85 72 64 65 51 14 37 43 58 9 68 92 36 62 63 30 60 3 25 75 38 87 31 44 83 71 21 84 90 61 71 53 5 94 95 5 84 15 63 8 8 49 21 83 3 82 76 52 93 98 54 32 59 47 52 5 4 25 3 31 55 29 28 42 40 39 23 84 32 17 5 44 32 95 81 26 36 44 65 65 98 32 24 61 22 74 25 12 98 25 8 43 90 66 59 79 59 13 18 35 80 9 34 56 21 13 65 36 13 17 49 35 84 72 46 21 55 20 88 27 90 98 80 87 7 69 22 45 50 97 12 43 62 18 18 44 5 20 6 51 33 42 84 13 12 28 60 89 63 74 84 16 49 89 61 67 99 28 8 86 28 9 42 28 41 83 93 21 91 27 93 83 56 21 21 19 44 43 91 11 19 51 86 2 39 9 17 42 46 79 68 57 68 5 71 57 86 18 80 80 75 2 28 87 63 22 99 16 61 30 76 88 54 79 66 65 40 67 37 15 96 43 3 61 36 51 86 51 82 92 7 72 13 9 17 19 56 49 31 6 66 36 50 92 34 43 86 36 16 52 37 9 38 31 86 42 77 64 95 42 56 83 12 23 49 28 73 4 36 49 80 45 45 8 28 54 35 38 45 30 9 97 70 9 65 90 28 63 80 81 69 68 92 82 67 74 10 82 11 57 98 85 75 41 1 45 28 24 69 12 33 48 21 62 69 22 75 91 
95 79 28 21 36 40 26 61 48 24 73 49 11 16 16 9 82 15 60 10 60 91 50 80 78 25 33 0 98 73 72 17 40 38 60 75 75 4 87 94 62 42 71 31 84 82 80 65 20 62 94 65 58 63 66 71 36 65 33 33 42 91 60 92 81 48 77 40 84 65 86 69 70 26 68 16 9 93 99 66 40 32 84 26 84 23 99 76 33 62 50 94 97 95 7 24 21 88 90 4 62 49 59 32 59 25 39 73 17 8 67 20 44 97 90 74 4 11 33 2 98 76 96 96 79 36 54 43 79 39 88 24 13 5 95 1 90 43 56 95 42 76 92 18 1 46 97 54 15 17 97 83 59 93 95 47 23 8 37 55 96 25 92 75 40 17 57 54 29 39 94 95 70 3 42 33 62 59 88 96 17 79 55 17 42 91 24 45 69 92 30 15 16 21 95 22 39 63 83 58 84 24 74 69 86 75 30 68 56 27 9 51 61 75 5 20 54 95 27 48 63 60 69 47 29 1 24 96 18 93 73 43 15 52 35 47 6 61 54 62 24 23 98 58 9 32 32 57 38 36 41 30 77 12 28 19 64 3 19 23 13 6 89 20 13 25 53 54 4 34 75 35 24 61 1 29 71 68 70 10 14 62 23 6 72 18 38 7 29 58 78 55 13 40 93 49 79 81 60 29 83 18 64 8 48 85 90 19 53 30 13 28 60 1 8 82 3 73 58 76 47 9 82 37 88 72 58 53 38 72 73 68 99 59 36 59 47 83 1 2 76 88 42 99 22 20 37 55 49 72 64 18 22 25 8 75 66 16 41 6 16 10 93 8 7 51 90 17 65 43 93 15 99 43 44 41 88 87 51 27 92 11 34 67 40 37 47 54 63 40 94 38 2 97 37 97 89 49 20 75 
97 76 34 27 58 78 80 66 1 16 3 54 21 51 49 83 56 59 72 45 94 13 73 26 98 41 17 98 0 33 84 1 20 55 92 73 29 50 36 78 3 63 73 70 8 2 14 90 33 49 77 25 5 82 12 4 82 44 31 78 85 34 44 14 40 11 49 85 62 24 12 24 77 81 13 87 73 7 88 50 93 98 17 74 65 26 60 47 73 43 19 72 78 52 26 47 5 43 21 36 79 1 69 20 21 1 9 89 72 79 37 51 60 9 62 8 88 27 77 21 3 4 30 17 17 6 49 71 44 7 54 54 59 2 64 29 65 87 16 59 58 24 2 49 74 14 72 73 15 38 71 92 72 33 9 4 6 48 66 31 44 76 73 93 27 25 31 78 51 43 94 2 24 11 12 7 77 4 20 70 62 46 32 11 84 1 34 53 15 65 87 98 69 53 27 22 49 80 55 68 77 44 33 46 61 33 25 45 96 87 49 20 90 84 25 90 49 99 10 30 10 42 89 76 47 67 77 74 77 99 41 41 9 45 1 14 51 90 98 47 19 14 34 83 37 75 94 93 37 79 70 36 64 96 31 94 1 8 69 37 40 17 39 33 88 58 61 30 51 54 74 82 6 85 29 70 85 62 34 93 41 83 74 45 58 97 10 2 83 85 84 24 52 65 39 37 21 10 83 44 69 20 58 86 30 35 31 14 33 56 91 41 66 68 73 85 33 11 88 67 65 55 82 6 4 81 72 38 95 23 55 54 34 87 41 60 41 35 60 51 3 12 26 41 39 43 56 60 17 33 28 42 84 40 37 83 70 60 77 34 96 17 86 69 9 35 13 39 37 34 93 80 53 31 6 73 67 66 28 72 26 57 26 37 19 27 57 57 82 28 73 82 28 79 2 34 82 17 30 9 
87 59 73 66 32 38 94 63 66 12 83 93 84 35 4 12 91 5 46 26 99 5 35 11 30 97 79 73 33 0 91 47 16 2 96 1 19 71 88 28 67 24 23 54 33 22 43 59 36 30 86 92 5 8 68 30 53 26 1 93 37 78 37 88 85 19 41 84 29 29 52 81 8 3 93 85 44 27 75 50 30 55 33 68 42 38 25 57 38 93 69 3 73 44 54 95 82 30 29 69 75 60 50 68 21 25 23 1 7 3 19 26 16 32 63 19 62 55 89 29 63 4 83 80 31 2 62 37 29 73 24 57 12 39 65 77 39 88 3 85 41 29 82 22 38 95 64 40 89 31 71 18 34 38 23 87 11 11 21 67 45 4 37 22 43 68 64 43 68 17 94 31 45 76 80 43 79 3 77 39 83 20 36 13 96 9 10 99 7 57 63 9 19 95 4 69 8 58 11 25 42 57 5 38 19 18 66 25 80 4 38 64 74 96 41 14 39 35 80 45 49 7 29 11 27 45 87 58 69 7 94 69 91 82 90 49 98 46 66 54 90 93 84 19 26 7 80 7 4 58 32 26 82 60 10 13 49 5 47 34 38 11 64 97 23 22 25 82 7 56 71 13 59 10 66 3 44 5 6 51 54 89 42 15 51 79 93 94 73 33 53 85 6 90 27 96 12 43 16 75 27 81 52 30 80 73 99 31 29 59 33 4 33 39 28 68 30 58 55 67 56 86 52 26 10 54 86 14 78 71 14 68 79 59 74 16 63 19 85 21 66 8 54 9 33 89 51 41 37 43 4 37 59 49 98 34 69 78 28 40 22 30 76 43 50 6 70 19 99 97 22 54 33 42 97 28 28 76 97 22 22 81 79 45 81 8 3 46 55 66 60 52 56 13 77 39 13 11 12 47 
14 43 69 78 40 17 38 22 22 5 47 15 16 53 26 79 20 85 34 49 80 63 20 29 64 37 53 72 84 91 0 57 63 99 70 79 19 18 56 65 58 88 59 49 22 77 92 44 43 76 22 91 66 83 6 76 16 6 83 79 97 89 28 39 59 7 16 67 11 91 92 21 25 80 77 82 89 13 74 54 21 35 4 62 73 62 60 45 36 80 64 64 88 79 83 10 32 41 71 15 84 16 24 26 86 32 13 5 4 80 45 31 66 22 36 65 10 82 81 43 13 57 78 76 15 70 21 93 11 8 31 48 34 4 4 55 85 89 78 87 39 65 52 89 66 55 20 3 99 54 64 40 47 41 59 10 6 16 73 77 99 16 22 88 34 13 54 49 76 44 34 34 20 91 34 85 43 78 74 11 21 75 62 86 42 15 26 61 78 90 90 18 1 72 39 80 1 53 2 24 17 20 55 99 4 72 87 44 42 15 91 11 87 29 90 27 99 96 65 39 44 68 93 19 89 37 39 77 79 87 99 50 5 92 99 37 48 41 65 76 51 20 69 37 52 11 92 52 93 85 14 83 87 26 20 74 13 11 14 75 79 27 86 79 65 98 51 30 62 45 17 57 51 31 7 15 92 63 72 88 71 27 31 51 2 39 71 67 74 57 26 24 74 8 94 85 63 66 70 90 48 80 67 58 9 18 42 69 16 21 3 36 22 48 49 83 98 45 63 51 29 72 87 12 41 90 53 41 40 88 74 56 24 66 40 31 59 84 14 81 13 63 8 38 26 84 75 76 73 50 59 71 67 91 41 94 37 84 48 18 66 76 44 94 83 61 73 51 25 15 23 29 46 37 79 29 47 16 71 38 31 76 12 21 91 86 73 45 4 31 63 77 44 71 87 17 3 55 24 2 
10 27 40 19 15 26 45 14 22 72 19 85 47 15 65 81 64 94 92 88 61 68 97 15 57 52 25 17 1 47 57 0 23 11 33 98 15 34 76 67 37 37 27 59 54 40 34 27 66 30 31 38 3 24 83 24 55 65 38 47 80 76 10 9 69 87 86 53 59 49 15 8 86 6 90 36 42 48 86 64 88 4 71 41 42 86 42 19 33 28 86 36 61 68 12 44 13 64 21 93 63 71 14 19 92 25 8 82 13 29 57 32 91 53 82 78 34 72 23 81 66 66 72 32 31 99 25 15 47 60 84 99 32 54 45 95 43 85 98 31 48 71 70 18 55 52 30 96 11 84 28 41 60 56 80 30 32 29 62 58 23 45 92 88 79 43 86 44 80 62 48 84 58 34 37 74 80 50 66 12 47 48 68 79 49 1 9 43 70 65 37 63 53 92 69 77 11 92 47 38 36 92 92 65 83 35 48 62 81 28 1 88 70 69 42 30 42 63 37 59 53 94 77 41 27 75 63 12 85 42 1 62 70 7 31 55 40 99 95 47 78 38 49 27 4 48 82 88 1 71 46 4 1 55 5 46 47 73 47 94 4 98 23 47 16 40 58 72 68 53 52 18 68 20 57 35 6 33 35 82 89 73 19 14 6 6 30 33 31 66 57 73 13 35 16 9 25 82 22 13 27 78 76 72 9 59 3 17 70 19 91 68 98 76 14 87 74 23 72 81 24 26 4 2 54 11 22 18 88 70 66 39 17 11 98 19 47 29 55 91 94 79 45 65 27 76 19 17 73 41 83 55 52 5 87 32 15 73 98 1 96 44 61 71 15 35 9 29 37 79 6 30 12 15 57 20 3 97 55 60 30 7 97 73 2 46 43 82 5 56 76 29 70 56 21 86 83 42 36 77 
8 22 33 61 94 47 61 23 40 95 87 46 39 71 29 93 12 50 78 70 50 54 25 33 86 88 86 40 20 16 63 23 0 33 5 92 78 76 41 27 31 81 76 41 84 65 8 53 66 55 82 89 54 70 92 60 59 61 83 90 9 82 25 57 31 60 77 88 97 10 82 45 56 68 86 61 37 91 25 16 41 73 89 24 9 92 22 97 71 39 21 93 32 32 63 33 68 86 79 34 70 18 85 78 75 46 7 30 49 61 20 10 97 55 63 27 74 81 44 9 66 85 83 46 22 60 70 13 18 99 8 63 46 17 95 29 35 47 76 55 94 17 73 53 37 18 71 45 44 62 95 38 27 60 48 86 36 88 61 59 48 97 97 35 25 23 94 97 23 5 23 15 16 53 2 36 20 36 60 81 98 10 76 58 25 38 27 85 55 43 27 84 67 49 61 13 88 23 37 94 10 62 49 97 75 83 26 6 79 37 15 95 47 83 18 71 68 36 74 13 69 65 37 55 83 62 59 66 69 85 92 82 35 5 39 37 88 27 21 12 69 40 95 57 24 52 70 26 6 5 7 84 2 82 48 25 2 67 22 72 3 80 55 4 23 59 29 54 58 35 64 85 15 14 21 19 32 25 65 4 81 70 5 80 58 2 47 56 13 41 88 42 97 59 40 77 56 47 68 61 99 30 84 94 45 48 64 81 95 29 42 20 53 37 47 73 73 97 62 56 23 11 8 59 21 70 48 70 8 97 72 3 26 6 23 66 85 94 50 60 41 61 38 19 61 12 86 41 21 79 3 56 92 77 75 90 83 37 78 13 26 93 64 5 95 55 7 34 12 43 12 55 93 45 59 21 51 35 72 4 68 79 18 63 17 87 55 65 91 23 34 83 52 13 26 78 3 50 71 23 
64 59 98 83 49 8 16 28 77 25 30 29 20 31 69 40 4 22 34 94 72 10 94 7 63 84 9 38 55 2 99 11 33 0 43 23 21 64 87 76 30 19 23 20 85 7 83 12 70 2 83 49 5 5 84 84 36 77 88 7 10 58 4 37 40 32 43 63 31 88 58 66 86 1 2 53 5 7 94 45 67 5 48 48 48 37 26 20 39 76 86 95 2 56 84 98 68 18 19 87 3 63 91 10 98 78 50 46 8 91 87 97 68 50 6 85 47 74 73 82 9 86 64 95 54 45 26 93 41 8 63 66 15 56 38 67 44 65 85 18 72 19 83 38 92 76 93 19 31 60 35 75 65 88 48 46 52 84 7 49 54 81 25 17 14 15 60 93 87 22 18 18 31 43 29 6 83 90 21 36 81 73 11 36 17 35 74 86 54 75 72 49 56 21 79 6 38 13 40 28 50 34 96 55 51 49 84 97 62 5 83 84 94 56 63 57 91 61 39 72 70 13 28 19 54 35 93 83 95 44 95 37 84 36 7 87 31 11 31 56 37 56 62 20 51 93 46 76 57 32 94 60 76 31 90 81 42 78 4 28 7 10 67 68 83 75 36 57 45 60 72 9 78 35 72 73 94 82 35 62 79 66 56 10 60 2 48 58 3 20 26 54 12 9 30 43 42 93 83 54 26 28 39 42 48 78 38 78 56 38 70 51 61 23 90 94 55 6 83 84 35 60 37 26 32 17 41 56 88 83 39 12 61 13 59 6 27 20 36 42 14 85 64 71 66 52 1 56 29 99 31 83 15 77 35 82 68 45 16 60 56 26 25 84 96 76 43 48 51 74 86 68 38 20 28 90 58 81 4 1 88 15 72 84 45 58 74 26 30 64 80 56 10 95 15 78 57 72 81 72 
62 17 8 60 14 44 93 26 61 81 36 16 61 29 60 7 40 41 74 78 55 26 20 72 97 68 69 60 92 96 70 33 5 43 0 81 38 20 20 32 61 43 83 68 32 98 16 22 61 70 54 61 62 35 30 29 17 5 47 92 3 90 29 18 31 6 85 99 78 20 99 61 89 82 5 51 72 34 8 71 90 57 48 51 61 26 38 30 91 80 83 56 13 54 43 30 74 61 69 39 39 70 33 80 37 3 46 9 86 87 6 97 41 74 45 18 1 65 87 47 26 42 53 33 81 58 65 66 16 65 96 59 4 85 85 53 55 54 82 91 55 89 50 11 60 99 5 58 18 52 14 2 49 20 46 16 31 57 71 65 67 6 25 13 76 49 25 41 1 87 86 1 47 23 76 52 61 24 50 4 81 52 62 75 45 58 13 32 84 43 19 44 61 27 44 70 34 17 11 39 33 79 85 81 36 13 4 20 32 46 91 74 91 72 13 94 97 31 31 55 40 5 32 84 59 49 25 1 27 11 99 73 22 74 30 49 89 24 13 98 59 50 21 4 7 45 38 43 87 34 73 18 89 39 30 85 69 67 15 41 24 93 59 75 23 83 52 65 53 17 43 58 51 23 48 37 1 14 56 20 58 6 75 64 16 99 79 18 16 31 96 2 62 24 34 40 9 86 99 72 35 75 52 82 48 93 87 29 68 37 19 10 26 47 98 37 10 69 81 12 63 23 84 15 52 45 56 15 10 80 65 23 21 40 84 70 25 4 70 24 4 64 39 82 52 97 57 9 29 2 34 23 71 43 78 82 4 50 8 9 33 66 6 44 64 50 92 14 23 49 81 97 70 16 5 77 69 86 83 86 75 32 51 10 32 64 57 28 40 99 71 62 90 78 54 75 79 69 68 46 
23 93 34 63 20 1 42 18 3 38 12 34 7 93 60 27 31 82 98 35 70 22 91 96 8 3 50 75 73 1 79 98 92 23 81 0 14 60 57 62 55 65 90 98 4 43 11 14 73 50 45 55 78 35 81 83 8 5 31 56 42 40 9 10 29 81 93 16 1 33 42 39 50 66 57 62 39 34 8 96 15 25 87 88 71 30 74 70 61 13 72 34 82 4 60 77 55 38 54 31 1 68 83 14 95 32 94 90 14 1 55 58 25 45 86 95 79 97 26 59 97 38 66 54 79 67 57 4 2 53 49 28 23 24 68 28 24 38 49 7 4 8 55 79 21 58 68 56 59 46 85 99 50 56 86 28 93 73 47 48 43 82 81 30 59 46 83 99 95 65 57 45 66 35 19 22 41 26 73 71 4 63 52 23 79 3 26 47 75 31 23 90 81 3 97 16 26 78 21 82 9 54 34 42 57 77 23 75 94 86 95 19 50 34 5 27 17 59 17 9 35 5 43 4 71 51 44 92 75 75 41 31 56 61 60 30 86 28 9 48 11 90 98 59 33 4 54 5 89 90 81 86 18 59 67 46 54 32 1 92 51 25 52 97 86 72 32 16 69 38 32 2 2 64 17 66 85 79 55 69 20 77 6 14 39 24 76 22 24 37 73 44 8 32 52 52 93 4 88 80 40 69 72 10 24 91 22 57 29 73 12 20 70 70 52 93 79 85 37 69 18 2 39 91 68 13 9 86 64 40 49 60 99 98 59 58 10 69 78 46 48 65 14 94 47 60 67 22 77 33 24 76 35 46 44 31 84 26 22 38 76 53 63 58 87 19 36 98 62 90 51 23 40 10 44 14 95 67 78 98 94 80 1 9 7 52 6 99 81 29 71 39 53 23 96 2 3 73 12 73 
58 38 63 39 16 57 64 33 41 64 53 90 24 73 84 74 23 18 85 76 43 35 1 44 28 68 12 75 29 19 19 15 78 21 38 14 0 23 74 40 22 90 57 58 22 5 10 11 18 91 85 57 36 1 44 94 43 20 89 76 52 56 38 88 44 58 26 34 30 39 47 50 18 13 18 49 1 2 97 58 98 98 10 91 11 81 52 24 22 18 20 71 56 65 61 9 77 68 68 42 32 16 23 43 51 58 2 50 53 88 5 99 1 45 60 49 53 39 25 21 31 97 17 17 44 28 93 50 92 6 16 94 54 18 64 22 53 88 33 73 16 20 76 57 66 9 73 70 19 47 55 15 72 59 43 62 51 6 68 64 74 39 57 24 48 81 67 49 23 32 66 5 50 54 40 37 74 28 17 33 47 92 1 70 54 82 39 95 38 97 87 63 70 52 29 24 99 36 71 28 24 18 17 9 38 11 26 84 42 38 1 12 8 47 67 26 16 58 24 94 3 33 73 39 54 88 2 30 59 1 93 50 31 25 39 97 3 12 59 92 60 54 79 54 69 72 69 17 71 95 91 94 70 55 50 58 66 43 4 35 24 53 60 56 7 52 50 38 64 75 61 25 28 17 2 10 83 13 70 40 87 13 49 83 96 79 47 65 44 95 57 35 33 26 10 7 68 85 53 25 40 48 88 4 71 70 35 74 55 33 34 11 48 3 59 82 6 58 40 49 61 46 78 34 70 75 9 56 75 87 67 41 49 98 16 25 77 58 75 10 21 79 49 53 55 61 30 15 89 97 83 28 79 68 35 11 89 89 98 85 48 98 21 70 18 9 57 68 18 28 36 57 16 52 20 21 19 9 73 90 13 18 21 41 11 22 31 39 5 68 87 41 31 14 3 93 50 3 61 85 
2 12 15 24 98 15 8 94 78 61 77 71 32 35 78 77 78 67 39 40 16 24 79 36 63 65 11 4 50 71 18 34 76 64 20 60 23 0 22 77 40 25 44 21 84 38 64 14 61 28 26 1 99 39 60 82 85 74 7 81 67 10 9 30 25 84 45 24 53 88 64 32 55 75 35 92 46 29 53 95 20 25 32 76 76 91 65 55 96 89 84 27 73 5 49 84 90 74 79 50 92 63 89 45 44 29 81 17 32 37 19 43 80 49 63 90 16 99 55 49 46 93 45 96 56 18 50 20 94 98 45 87 95 69 25 33 39 51 40 71 63 38 91 42 6 71 75 86 46 84 23 6 8 90 53 76 81 42 21 66 52 72 31 60 15 71 30 35 36 21 97 53 26 6 54 12 8 50 13 82 72 24 43 39 33 24 63 32 59 35 68 9 77 19 67 79 70 53 87 7 94 83 42 65 97 95 51 42 92 82 69 99 29 59 66 35 36 98 1 93 16 97 55 51 57 38 61 90 6 61 18 34 39 95 10 84 93 19 27 61 97 13 90 1 65 40 71 63 21 14 18 51 60 39 95 8 28 27 66 82 43 91 85 35 82 36 13 39 79 38 81 5 96 92 57 81 32 13 10 31 79 47 29 76 97 93 49 47 94 74 76 96 77 19 81 77 76 48 64 56 68 96 1 3 20 85 8 78 32 35 39 55 41 43 59 87 17 68 78 7 5 59 69 40 30 75 22 28 85 3 52 48 58 9 97 2 42 23 41 98 85 30 71 35 53 97 6 28 95 20 71 55 24 18 50 20 77 60 6 43 31 73 72 7 68 53 31 47 42 12 16 94 17 21 10 20 55 21 61 99 80 83 96 59 10 52 14 10 70 92 5 6 16 79 44 54 80 5 54 52 
1 23 78 69 42 56 3 15 44 82 38 15 92 60 5 65 63 54 71 28 37 21 85 46 74 28 18 87 36 88 56 76 41 87 20 57 74 22 0 63 93 19 26 58 25 8 39 97 77 52 96 10 47 55 32 52 64 93 42 70 19 77 56 88 22 90 38 24 22 40 6 96 66 48 66 26 41 56 81 76 38 9 99 50 90 14 91 46 40 43 12 10 76 80 20 44 67 39 36 43 46 18 60 89 19 48 4 18 40 73 81 60 12 79 26 20 51 51 18 48 65 59 10 15 72 39 89 21 89 6 18 46 74 82 44 23 64 71 26 65 18 53 41 95 59 18 61 35 57 8 43 35 27 93 3 57 48 6 94 9 65 2 38 14 13 59 44 67 33 16 70 54 31 39 28 18 97 43 79 27 40 16 83 75 48 76 6 58 59 3 21 13 97 70 14 61 66 48 53 86 79 32 46 7 91 49 68 58 50 10 24 97 63 63 19 45 75 15 68 75 20 76 50 83 49 81 48 27 71 37 14 56 55 24 52 94 97 65 33 70 20 37 48 26 93 22 21 59 73 94 38 10 22 97 86 37 68 39 57 88 32 97 91 74 41 63 85 22 5 63 94 47 96 25 83 83 76 63 91 63 5 53 37 31 12 32 13 9 24 26 38 7 32 94 12 16 97 80 64 20 28 51 18 85 87 78 80 61 23 68 30 8 97 80 50 48 49 85 27 59 46 15 29 6 56 70 67 32 48 59 67 65 18 13 7 19 78 23 12 54 44 42 25 81 72 27 84 36 23 66 96 72 25 8 91 55 88 91 37 37 73 15 41 21 8 68 62 90 97 41 26 72 28 78 66 36 56 62 53 34 99 27 66 55 67 62 69 37 2 4 89 18 96 81 88 23 27 11 99 89 
61 7 44 70 36 56 47 86 84 50 79 91 1 15 70 35 65 47 86 14 39 50 58 93 18 21 12 94 78 28 65 67 27 76 32 62 40 77 63 0 93 63 6 27 12 84 78 92 66 12 96 7 64 19 10 93 35 36 40 70 35 38 12 63 71 86 34 33 24 43 63 83 80 79 14 35 18 12 60 80 73 44 11 1 81 60 30 31 12 81 40 53 5 73 70 22 82 44 97 81 41 14 74 35 57 1 53 73 80 40 68 54 55 22 67 25 62 74 15 87 96 56 20 41 13 15 83 32 30 45 3 33 73 65 60 74 1 93 1 7 53 99 90 79 59 97 38 86 88 44 15 91 69 11 11 47 10 90 88 14 67 41 41 39 32 67 89 68 14 82 13 44 67 13 66 67 89 29 60 58 22 54 14 28 23 56 22 18 26 11 29 87 11 85 52 30 5 95 73 50 4 22 6 66 97 23 26 75 53 66 38 45 32 84 75 67 48 95 91 79 21 35 10 28 87 60 42 7 13 28 27 4 2 11 19 48 12 44 50 51 86 67 84 58 66 40 82 61 88 17 68 15 37 41 24 73 43 59 83 44 27 53 23 18 8 12 4 39 18 87 43 80 43 13 47 1 22 79 45 41 7 96 22 23 52 19 64 24 58 24 25 93 60 60 96 29 90 56 94 93 19 95 75 31 98 2 5 93 68 55 61 6 68 51 32 21 39 10 42 71 3 38 77 16 82 15 20 85 49 31 71 61 47 76 46 25 30 89 97 10 90 46 77 95 1 80 91 7 97 58 23 37 36 49 76 9 86 7 13 88 88 59 84 19 92 91 11 43 39 36 26 21 35 27 70 31 69 88 51 90 1 16 46 40 50 13 61 25 13 7 47 17 50 96 76 9 94 80 47 6 
82 97 62 62 26 53 76 53 60 79 70 80 84 81 67 27 57 33 37 46 43 99 67 29 86 28 34 62 3 67 58 37 31 30 61 55 22 40 93 93 0 50 71 31 84 3 45 57 17 34 94 6 79 16 94 41 90 33 87 79 56 4 72 77 3 52 83 94 13 80 80 65 8 63 26 83 46 35 65 10 65 14 95 76 64 28 40 29 53 2 23 16 15 4 21 31 6 30 86 74 83 12 19 49 66 1 69 72 38 78 66 69 93 77 5 36 55 99 86 97 5 94 76 28 45 58 17 96 6 24 2 2 32 77 90 64 48 77 79 33 41 81 99 46 31 70 95 97 29 76 68 96 21 93 22 66 43 65 35 67 95 13 36 53 67 16 39 88 10 18 89 58 16 9 11 73 50 77 88 88 64 73 55 58 45 46 63 68 17 39 53 19 76 58 83 6 65 11 96 70 57 32 33 37 49 90 35 42 69 90 71 83 36 14 86 55 94 29 92 34 50 40 30 53 96 91 57 9 26 72 83 80 20 23 5 20 38 83 47 16 34 20 39 31 4 64 68 87 18 31 54 40 6 83 2 31 80 14 93 59 87 9 65 20 80 59 63 13 34 7 41 1 99 4 75 40 84 79 5 64 38 91 39 16 74 97 64 72 93 47 96 92 80 57 69 38 84 94 31 49 44 40 52 76 10 51 73 33 94 21 66 55 91 38 61 89 25 1 68 67 94 31 4 23 40 11 1 11 37 2 63 65 19 40 92 32 26 57 81 94 84 68 42 28 62 29 62 69 48 84 92 41 17 78 53 13 63 16 73 24 80 42 43 70 81 14 2 57 5 93 32 61 61 89 90 50 81 50 19 12 68 22 89 86 82 87 53 40 53 14 10 99 79 47 27 64 87 3 97 46 
9 15 86 88 52 79 53 26 67 12 25 66 72 13 74 83 72 9 95 90 40 53 29 28 86 15 90 42 63 24 88 37 81 19 43 65 90 25 19 63 50 0 14 68 38 37 55 64 66 59 50 49 60 27 3 27 45 30 35 73 63 53 76 73 96 1 52 40 61 25 96 81 35 37 56 32 67 81 57 24 21 57 60 28 28 90 81 35 59 75 71 82 8 36 30 75 14 44 61 28 98 17 56 26 20 46 81 49 74 23 32 21 17 18 60 29 71 10 46 36 85 55 82 86 97 81 90 21 41 27 77 10 78 5 15 20 7 7 31 74 24 35 53 51 50 86 42 17 10 63 86 70 93 66 57 60 27 66 92 12 79 28 43 32 50 37 66 45 75 24 72 77 61 98 88 35 60 66 41 36 79 3 95 57 95 43 5 88 51 60 92 27 37 46 10 14 59 86 88 21 9 60 83 56 25 93 73 70 49 80 33 91 5 83 6 71 44 20 22 20 96 99 90 2 1 70 30 58 58 80 45 19 97 71 33 61 1 20 4 6 55 53 20 45 95 76 79 60 13 2 8 16 24 99 1 4 28 63 9 34 80 15 72 55 77 97 60 29 79 57 7 71 23 76 6 72 38 1 32 44 83 48 83 34 70 24 47 95 62 63 69 92 3 25 78 4 61 69 67 5 93 86 48 13 46 47 58 66 29 13 34 66 21 2 18 10 23 34 98 19 17 91 17 95 5 52 61 88 75 13 21 6 23 67 7 25 75 32 72 33 41 14 35 50 4 44 34 13 81 46 85 4 17 22 15 38 34 26 96 63 75 2 35 58 11 71 43 60 5 86 64 8 83 85 22 72 63 18 50 20 94 29 45 68 74 99 40 1 78 58 23 70 80 60 35 30 57 52 24 69 
89 88 37 67 35 98 67 61 79 1 70 14 10 87 44 39 36 33 13 19 52 98 83 16 93 18 40 71 73 23 59 27 76 23 83 90 57 44 26 6 71 14 0 57 97 4 22 4 74 21 25 88 38 68 41 73 18 66 66 6 48 71 17 51 65 67 97 38 24 69 57 7 97 20 62 41 31 16 47 90 66 34 8 82 93 1 19 39 73 21 23 44 43 96 66 88 77 48 51 7 59 68 95 60 38 97 34 64 70 94 11 60 61 53 25 98 73 95 71 19 28 96 97 79 12 11 12 93 96 92 99 4 32 69 49 78 27 85 83 64 75 18 51 34 64 63 46 89 11 47 77 18 18 26 3 28 17 38 25 79 97 23 11 37 38 14 80 80 32 63 43 28 18 66 58 99 98 14 4 1 27 38 80 61 57 38 50 31 11 52 53 47 53 26 59 35 83 2 28 96 26 59 22 79 51 29 60 19 19 11 86 59 78 6 85 54 44 52 83 4 7 80 57 2 80 14 11 12 82 1 81 99 91 25 26 38 8 41 47 25 16 7 80 66 82 3 63 74 55 96 7 64 92 29 68 42 35 8 57 46 39 75 75 82 27 62 44 49 58 97 10 27 75 15 84 18 11 88 33 61 7 10 60 96 2 53 17 92 72 26 83 25 66 6 87 68 58 12 94 67 96 12 43 58 76 61 25 37 79 76 10 84 6 44 85 94 65 88 39 20 50 94 96 78 78 72 23 31 94 19 6 50 39 86 62 81 93 9 70 13 15 86 24 97 59 84 69 33 92 84 32 80 23 57 76 51 35 58 8 85 42 88 26 6 62 18 58 75 2 60 46 2 9 47 17 4 88 96 93 39 45 86 13 9 30 16 28 41 16 70 10 25 78 45 65 40 8 96 14 64 
14 76 13 20 23 54 26 84 86 48 30 27 68 64 88 92 53 75 43 2 51 40 6 10 61 77 78 31 70 54 49 59 41 20 68 98 58 21 58 27 31 68 57 0 70 67 41 80 69 62 24 94 81 69 12 28 44 67 76 11 69 17 36 60 51 31 85 38 68 78 88 69 83 34 2 62 26 43 37 57 47 68 13 71 33 56 7 3 19 94 12 98 69 19 68 20 93 25 92 58 61 67 52 53 83 20 61 75 20 65 84 54 44 74 3 21 62 43 99 35 81 45 7 16 58 18 69 89 40 47 64 29 49 81 64 68 88 54 65 67 65 10 15 66 4 33 76 96 9 76 39 73 89 51 96 13 68 78 76 23 60 78 13 48 19 80 23 65 75 62 53 99 44 62 86 61 95 26 5 72 7 32 89 58 55 15 72 80 55 87 40 13 58 84 51 41 96 13 79 84 19 47 49 1 80 4 9 9 85 81 81 9 3 22 84 30 62 13 94 82 71 38 33 55 64 23 57 43 98 40 82 85 65 73 62 12 36 96 63 89 64 11 39 35 92 97 45 61 66 65 46 91 43 72 21 63 12 59 99 36 68 62 63 28 40 70 54 12 9 37 55 16 60 37 90 58 75 50 7 31 13 4 73 88 49 52 44 59 6 11 93 68 49 98 7 19 28 31 43 68 65 6 69 62 97 23 46 42 57 93 97 51 66 32 7 16 91 25 9 82 54 27 7 44 66 30 55 22 3 38 17 88 69 85 97 35 88 10 2 94 49 49 68 20 20 93 30 58 70 27 7 95 98 76 37 47 11 38 62 69 92 79 19 49 83 32 12 72 8 81 73 74 34 24 96 58 31 13 90 10 84 79 13 67 91 81 41 1 5 75 76 52 13 54 27 60 35 96 64 17 
48 36 54 37 34 61 38 69 51 24 78 52 66 86 84 9 47 32 69 38 11 3 64 95 31 92 62 84 8 33 22 54 84 85 32 4 22 84 25 12 84 38 97 70 0 21 50 87 92 65 91 84 2 44 1 90 69 65 30 88 55 42 28 36 26 84 90 65 71 90 50 2 98 73 46 21 1 69 85 8 76 22 92 66 17 49 73 31 67 69 96 27 14 55 77 61 45 78 56 2 59 40 32 11 49 40 40 59 18 82 36 95 85 83 94 72 99 33 26 58 75 17 40 53 82 35 85 74 9 6 35 97 61 74 5 9 92 56 28 17 2 90 89 25 10 13 42 87 21 39 30 24 62 82 2 57 18 88 35 24 35 42 43 92 6 86 24 20 65 28 49 55 64 6 35 53 48 3 26 22 57 49 2 22 98 10 10 52 60 40 69 97 42 81 1 99 35 74 21 25 32 89 60 65 13 63 28 94 7 87 1 4 29 75 68 11 3 61 68 40 78 90 81 87 10 22 98 67 72 29 31 54 27 27 68 28 46 94 89 4 58 22 27 16 16 9 79 19 83 44 56 92 6 29 35 99 43 69 65 94 97 63 49 21 51 71 41 51 85 9 95 30 8 57 8 42 37 99 20 25 96 98 3 2 37 13 82 32 39 22 88 81 97 7 60 66 50 4 44 36 77 39 86 69 86 29 94 85 10 40 18 12 67 70 96 98 75 38 73 63 7 55 66 97 17 19 12 82 37 26 1 68 33 82 57 92 22 77 74 33 33 67 62 11 77 69 52 45 41 83 11 49 79 64 55 1 54 51 25 99 22 90 95 54 56 91 20 70 62 22 59 60 2 76 93 19 90 65 65 93 2 57 67 62 35 34 24 59 74 65 47 59 49 43 10 6 94 77 97 16 
73 64 27 18 62 1 4 90 23 82 25 24 3 79 74 19 9 60 26 69 13 98 71 32 20 11 67 82 2 22 77 40 65 7 98 43 5 38 8 84 3 37 4 67 21 0 59 91 55 11 57 81 15 42 31 56 12 54 73 18 88 76 8 71 43 55 22 11 56 84 99 83 38 22 25 59 95 19 34 84 6 39 22 7 31 52 70 27 8 90 85 26 67 46 13 25 62 95 27 90 48 22 59 41 2 17 81 75 60 62 10 10 84 41 42 29 63 17 25 10 58 60 72 74 86 6 16 29 12 55 89 89 58 10 65 87 94 11 6 79 85 4 84 2 34 6 64 88 44 61 44 97 12 98 94 19 71 98 81 99 10 69 34 54 12 90 44 75 76 82 4 95 41 86 96 44 54 81 26 26 91 86 40 25 64 14 47 16 16 76 35 7 43 49 25 75 70 92 76 60 81 54 20 74 90 4 17 31 59 37 32 3 87 52 59 19 96 30 12 9 76 79 43 78 71 77 26 71 38 41 36 28 66 4 58 60 14 10 31 40 97 58 78 75 70 34 74 77 68 37 47 87 21 80 21 21 76 46 70 18 17 18 94 89 24 5 49 49 24 41 25 74 98 95 3 83 30 11 95 58 81 52 50 61 78 40 81 14 28 46 53 96 29 37 82 4 12 72 57 70 18 11 74 65 2 19 33 40 32 53 58 52 85 84 98 80 42 60 81 42 58 31 8 3 99 62 13 77 75 11 57 20 34 43 83 50 59 8 43 90 30 37 5 27 5 32 98 68 27 42 83 47 45 45 7 38 49 96 73 66 23 27 52 34 68 38 73 31 53 21 20 48 40 55 81 63 72 85 24 68 13 13 14 88 40 99 56 46 54 9 75 11 71 72 30 74 57 41 18 26 
31 33 83 22 79 15 26 25 38 91 43 94 66 3 79 25 81 50 89 21 57 50 5 54 8 90 51 80 14 43 92 34 8 83 16 11 10 64 39 78 45 55 22 41 50 59 0 54 49 72 96 45 57 10 6 44 74 52 27 24 5 16 33 86 14 17 34 29 22 10 91 59 95 57 47 19 15 49 86 81 69 22 66 8 18 93 92 9 98 56 68 42 46 71 61 71 88 57 12 83 40 99 76 79 35 96 69 21 50 66 6 72 50 28 43 73 92 54 59 7 6 34 54 4 75 5 91 48 23 28 86 59 75 89 93 68 49 14 49 10 48 41 44 32 3 74 91 54 13 21 71 78 79 66 18 38 9 99 90 43 62 58 86 49 31 67 24 24 26 96 90 43 28 57 28 16 87 11 56 47 59 18 7 11 12 38 64 53 18 63 77 68 87 89 11 41 48 86 85 38 14 28 45 95 20 70 51 93 84 42 60 26 78 20 3 28 88 81 28 18 23 69 53 42 69 95 95 70 33 2 88 38 23 21 95 97 8 13 17 99 60 46 65 71 1 30 63 64 78 43 94 6 62 63 49 24 4 86 34 75 19 6 14 87 19 54 63 81 79 25 17 97 77 54 29 38 43 23 7 27 37 91 89 36 57 1 71 15 59 30 71 3 29 40 3 51 9 36 27 10 59 92 89 21 72 7 94 8 67 99 77 45 49 3 53 91 15 33 29 97 51 34 51 93 43 24 60 76 39 14 20 22 66 21 28 51 44 89 12 69 91 26 85 42 44 68 76 91 60 32 12 8 24 40 29 75 99 5 99 62 9 59 28 96 61 21 81 63 93 48 87 60 38 62 2 57 27 95 10 93 35 60 11 13 23 88 83 99 70 37 67 24 4 55 33 21 55 50 23 83 
72 92 13 78 8 61 85 58 14 13 11 11 48 10 63 6 61 12 95 31 72 99 30 71 3 59 77 65 90 59 44 27 53 12 22 14 11 14 97 92 57 64 4 80 87 91 54 0 73 99 37 21 57 60 93 12 48 66 35 48 5 21 13 81 70 64 87 89 54 11 50 8 82 33 93 26 91 67 23 99 69 63 60 15 76 10 12 8 90 66 3 70 18 43 17 95 19 96 77 31 34 43 7 85 22 70 15 83 15 80 24 31 16 88 29 77 5 90 62 76 5 60 37 53 52 94 18 56 81 80 32 66 9 51 39 47 67 11 86 35 74 47 48 63 83 99 3 97 21 45 70 27 59 77 43 79 73 58 43 39 10 8 16 80 43 32 39 50 15 16 54 12 61 33 64 99 81 44 44 37 23 62 99 38 88 62 93 66 65 23 34 29 42 43 7 59 48 85 9 65 35 76 41 89 38 35 21 59 40 71 32 19 43 77 64 53 1 41 78 89 17 96 91 54 64 31 76 71 35 34 26 4 4 12 76 31 32 60 80 52 80 61 56 85 4 17 47 5 86 89 58 45 18 88 22 79 36 14 64 78 48 8 84 22 50 38 8 35 49 63 31 12 4 92 41 7 87 46 63 72 60 52 70 11 42 83 50 88 84 79 68 52 2 6 99 89 26 4 35 99 56 44 20 16 18 80 79 98 49 32 62 77 1 65 84 54 79 5 62 76 28 88 25 96 60 3 84 47 37 81 30 5 50 40 99 56 48 22 10 71 52 52 29 36 99 86 77 99 48 20 62 73 1 59 32 89 26 86 44 25 58 83 65 59 63 94 30 62 75 43 99 85 89 58 92 30 22 66 9 95 40 62 68 78 13 33 76 57 58 25 85 79 94 53 78 55 46 79 44 4 
4 50 26 27 33 67 65 64 16 57 66 73 87 76 5 56 4 12 41 84 75 21 69 22 44 75 84 20 33 36 43 66 66 70 61 73 18 61 77 66 17 66 74 69 92 55 49 73 0 46 4 90 6 65 36 31 20 53 46 77 86 99 57 30 96 49 34 91 49 75 6 72 42 36 38 2 72 11 30 96 13 33 29 93 93 29 11 30 23 66 39 37 33 49 51 49 52 30 98 17 19 42 47 56 54 87 73 77 58 79 43 89 15 13 93 30 87 41 17 4 79 97 89 80 22 87 19 12 83 38 27 56 42 82 59 93 27 75 58 50 38 55 98 73 62 48 58 7 27 29 3 27 6 45 44 58 24 32 14 44 87 67 11 11 33 29 81 16 55 36 78 20 58 57 83 46 66 28 92 65 43 88 86 56 28 1 93 2 37 26 98 79 3 79 61 80 64 16 89 95 63 87 69 24 90 20 54 43 29 68 22 82 5 48 45 45 62 50 33 30 23 77 24 99 53 62 89 78 11 74 34 17 12 85 42 71 1 82 56 39 8 82 59 75 94 93 57 91 65 37 96 2 21 25 25 86 12 20 68 27 76 49 96 22 49 25 89 2 11 56 67 15 63 82 34 83 68 53 91 95 73 90 33 98 26 98 92 65 49 29 4 68 85 36 43 41 17 85 86 77 27 37 12 25 11 67 37 75 62 76 99 12 39 61 94 66 4 69 90 30 65 72 28 66 47 58 4 89 78 1 56 56 83 75 62 44 25 62 13 91 77 62 36 62 33 38 15 96 1 22 16 66 51 59 77 34 78 33 69 14 88 92 49 15 86 39 56 26 49 44 33 14 15 19 35 67 98 49 64 25 23 87 34 50 88 19 62 79 75 5 85 90 10 41 46 3 33 26 40 15 
71 1 2 33 4 96 1 13 85 82 86 52 26 31 73 46 23 55 82 97 94 7 38 67 59 8 72 62 49 30 76 30 55 2 70 50 91 28 52 12 34 59 21 62 65 11 72 99 46 0 79 33 73 94 48 10 91 44 85 18 72 4 55 73 2 33 80 34 19 58 82 28 37 59 40 64 2 1 88 3 97 73 18 64 77 75 1 40 27 22 21 24 7 18 34 67 36 31 32 78 32 7 28 21 61 58 90 97 79 19 20 27 71 75 88 64 97 20 67 88 62 80 59 65 20 90 97 99 16 68 46 42 83 89 49 28 20 87 69 19 10 69 66 50 41 43 2 94 29 75 93 90 20 47 49 65 54 38 91 59 9 63 70 35 97 55 86 4 82 1 65 6 12 65 40 78 53 28 52 36 11 70 76 82 39 31 38 98 22 87 33 71 93 6 22 54 53 71 62 27 1 43 67 88 36 27 91 66 90 65 91 9 78 58 73 61 34 34 58 90 85 30 88 84 84 47 52 60 32 69 1 10 9 32 43 1 51 50 5 35 59 49 33 2 54 24 3 20 84 23 22 38 59 46 74 99 94 65 40 88 67 24 24 17 20 5 70 93 63 3 58 64 37 87 52 14 53 67 58 29 91 31 53 73 77 34 54 92 44 56 38 44 76 92 33 35 6 48 21 50 30 79 67 9 5 49 4 33 52 13 11 86 48 66 40 51 31 59 38 60 18 43 78 92 73 95 48 73 74 41 27 85 25 65 32 39 83 42 23 90 30 7 31 54 77 50 77 61 23 29 48 2 59 44 9 21 6 42 94 83 87 7 10 27 43 25 61 69 92 20 41 40 81 27 75 70 45 1 21 64 84 47 46 63 50 47 58 81 95 54 55 17 16 55 55 44 65 56 12 68 
22 23 42 9 68 40 53 19 47 29 54 30 20 33 41 3 32 9 87 89 99 70 99 61 17 40 6 94 77 86 22 31 82 83 54 45 85 26 96 96 94 50 25 24 91 57 96 37 4 79 0 96 79 58 45 92 97 64 87 76 69 24 14 56 67 52 52 51 82 11 57 79 12 87 78 61 20 14 4 41 4 97 71 28 39 36 26 9 54 19 57 90 80 23 28 71 7 87 40 57 94 34 68 83 49 43 81 8 64 34 28 95 39 6 99 7 84 91 58 19 86 20 95 49 29 12 80 28 41 34 37 32 67 28 7 28 8 64 10 78 42 46 87 11 40 56 15 90 15 29 21 51 9 13 43 95 6 54 62 49 16 42 36 51 34 83 7 10 56 43 72 22 75 14 25 7 87 31 82 70 31 88 69 93 82 33 90 33 6 84 66 60 24 81 27 38 54 62 81 47 28 43 25 58 66 56 85 75 61 39 4 73 26 18 91 82 86 21 88 56 89 43 23 93 54 24 34 85 13 94 95 41 20 4 36 43 2 1 80 47 7 53 69 89 66 65 80 49 89 17 11 54 3 40 97 13 84 45 65 71 37 85 38 85 23 59 9 61 3 63 35 23 86 60 1 15 11 38 56 19 24 6 33 16 24 48 62 17 93 70 73 82 89 17 30 84 76 51 18 83 78 75 2 45 13 87 8 86 57 61 82 83 28 10 35 21 78 24 83 82 6 55 90 54 34 38 41 32 77 84 65 80 7 70 36 77 92 20 70 27 91 62 66 3 65 73 39 26 15 5 47 60 83 67 74 20 44 41 84 89 16 74 50 53 63 17 40 97 16 53 89 49 55 9 76 3 10 36 35 46 99 45 45 94 57 35 27 1 7 58 45 53 30 81 68 82 11 91 3 70 
50 98 56 9 96 72 82 27 39 36 21 20 5 20 98 25 96 10 58 12 91 32 45 38 49 3 33 65 25 92 91 38 89 49 61 55 57 1 10 7 6 49 88 94 84 81 45 21 90 33 96 0 38 38 44 87 12 87 69 30 32 68 84 22 61 41 94 5 51 49 79 29 81 29 51 51 45 34 85 86 49 84 96 63 90 92 69 57 90 74 14 13 41 14 71 57 18 11 2 29 18 49 83 31 8 5 14 77 98 35 48 67 84 57 57 67 21 5 57 41 77 45 7 47 8 5 93 14 62 44 6 53 55 97 13 62 34 7 44 61 88 46 24 54 18 33 24 35 28 72 38 48 41 16 83 16 87 75 47 5 16 2 91 66 70 43 13 50 11 44 78 15 27 74 60 44 67 32 49 12 5 98 16 38 86 26 58 59 33 17 6 86 98 23 11 53 67 70 64 79 44 73 92 86 18 64 69 74 60 77 79 19 13 20 58 61 2 10 52 52 32 40 80 16 92 55 14 50 67 72 35 65 40 20 12 65 71 42 7 93 18 72 52 36 82 18 74 72 99 69 55 57 98 61 70 4 40 95 21 31 21 69 98 72 12 78 44 67 40 12 77 4 44 88 31 94 21 44 93 23 49 60 21 67 28 57 97 80 72 95 75 39 87 63 22 57 99 83 62 83 22 67 41 45 64 31 69 92 95 19 47 30 5 44 59 14 45 47 21 77 75 9 55 79 79 65 89 96 27 38 61 33 2 23 39 58 15 91 92 83 39 89 74 32 14 27 84 96 90 72 66 94 91 48 52 79 4 39 33 80 89 62 26 78 66 52 95 80 68 35 26 22 78 43 67 91 16 21 33 59 70 66 33 46 87 4 85 80 2 73 8 84 7 7 49 55 69 21 83 18 
58 71 56 21 58 8 47 78 90 81 14 3 53 68 13 48 96 73 57 42 1 4 54 98 29 68 61 58 5 5 66 3 54 5 62 78 36 99 47 64 79 60 38 81 2 15 57 57 6 73 79 38 0 89 50 86 72 64 15 52 60 39 38 24 50 51 76 73 27 40 66 26 28 14 33 43 35 80 86 23 75 61 38 34 51 8 86 63 94 71 1 70 20 97 82 94 4 61 34 92 36 59 70 54 64 44 45 90 52 16 35 95 40 50 40 97 31 79 6 65 99 5 35 96 71 10 11 13 49 85 25 4 96 92 3 54 80 70 71 97 21 21 64 20 85 5 58 62 3 56 61 45 45 14 22 43 18 28 5 19 94 63 98 81 78 56 10 7 71 77 96 98 9 40 46 51 4 93 66 57 58 22 76 28 99 65 51 2 4 69 85 29 34 2 12 56 94 79 24 44 3 12 27 86 98 2 34 35 95 77 45 91 76 25 3 36 35 97 11 96 72 78 40 75 25 41 23 90 80 34 97 79 44 20 21 42 32 78 78 76 80 27 90 17 5 60 19 1 96 27 56 41 60 73 52 32 93 38 16 10 69 58 54 43 42 90 2 7 64 27 46 98 25 52 53 91 96 12 64 2 49 71 74 91 62 37 63 27 56 63 76 30 98 12 6 31 30 33 2 40 7 85 9 28 77 37 90 5 18 36 24 88 18 3 42 44 97 30 60 94 71 64 58 28 56 79 47 33 30 36 35 61 36 59 3 99 10 74 39 60 31 90 42 50 87 77 97 14 11 24 10 84 32 92 20 58 68 52 87 56 38 62 69 63 69 83 15 91 44 73 25 4 11 47 97 80 49 37 90 13 35 5 42 73 85 33 52 79 7 42 80 76 24 57 12 18 32 42 3 59 
4 37 65 69 97 17 85 26 55 9 27 37 71 77 19 58 56 90 82 76 84 96 50 58 63 57 42 63 82 8 83 24 70 5 35 35 1 39 55 19 16 27 68 69 44 42 10 60 65 94 58 38 89 0 12 75 38 99 76 59 79 80 92 52 40 75 10 98 58 19 45 73 83 23 25 73 58 35 93 88 40 55 42 55 28 6 62 88 94 8 91 45 22 72 56 81 35 12 63 47 96 83 3 47 8 40 26 68 85 90 87 30 93 6 94 92 84 49 28 59 21 52 48 62 69 15 18 31 97 40 96 9 99 10 44 79 31 7 98 50 16 34 14 49 65 24 61 86 76 74 48 69 13 72 36 46 88 18 52 49 49 42 43 14 60 96 16 12 90 91 10 59 13 78 77 39 33 21 36 19 53 18 63 5 64 27 51 79 40 51 90 53 49 71 21 5 2 1 24 66 92 20 47 61 64 33 23 22 87 94 89 69 35 95 19 52 49 63 88 96 25 91 43 62 58 40 89 90 73 79 39 75 36 28 76 72 40 17 34 86 4 85 10 22 95 61 87 69 15 92 6 71 49 41 97 90 6 75 6 16 54 66 97 24 82 70 22 80 64 90 43 69 48 40 46 9 25 81 29 26 46 73 63 65 9 9 72 59 8 90 83 96 4 19 44 9 49 65 31 4 58 21 34 43 54 47 98 61 28 7 55 11 64 57 77 24 46 42 31 64 93 87 88 3 39 42 14 49 53 85 12 54 23 48 44 8 9 8 99 72 39 12 33 70 97 44 12 13 21 85 20 64 42 15 79 82 87 15 46 69 33 59 64 16 30 93 74 67 80 39 91 13 34 91 54 89 12 51 32 94 98 97 60 24 19 58 84 88 25 2 82 57 63 6 19 63 80 96 76 39 
69 19 16 83 47 67 18 1 28 17 7 23 5 31 55 40 11 96 54 73 26 32 14 72 99 44 79 66 12 68 6 83 92 84 30 81 44 60 32 10 94 3 41 12 1 31 6 93 36 48 45 44 50 12 0 54 24 24 73 45 5 7 77 78 21 51 64 55 57 84 3 41 7 91 83 50 83 71 38 6 2 48 93 24 79 85 10 77 34 80 77 25 13 11 11 22 13 30 82 63 78 64 64 14 4 7 12 59 65 91 34 90 45 25 61 44 1 87 31 16 65 45 62 51 6 49 5 3 71 72 32 29 71 96 80 50 50 10 57 23 34 59 53 33 86 30 58 79 86 95 4 17 77 91 13 58 52 71 30 70 57 57 52 51 98 69 92 95 59 61 65 42 81 87 72 73 48 99 75 75 44 20 50 95 94 76 68 45 92 23 17 91 36 12 7 54 6 59 41 98 13 12 85 88 41 99 20 13 64 35 75 69 80 51 68 25 96 98 53 88 88 76 98 15 62 86 41 54 51 77 20 65 69 8 37 68 30 33 17 16 16 57 54 40 53 73 97 26 97 4 56 67 37 65 86 17 80 56 41 33 14 73 84 39 1 81 74 4 37 89 41 98 43 7 58 32 67 14 74 70 89 93 48 76 74 99 18 31 65 81 18 86 25 79 12 45 35 99 90 28 8 45 84 37 11 81 38 40 59 23 33 43 72 99 58 48 90 20 67 98 50 24 11 96 3 34 10 85 31 87 47 90 42 60 36 67 70 21 53 94 96 84 20 61 70 81 45 22 59 7 19 67 64 51 66 37 10 78 16 79 5 20 87 55 58 98 12 81 36 55 41 24 55 51 4 34 39 88 1 19 69 22 97 91 30 98 38 49 37 21 62 90 49 55 47 23 9 53 70 62 
25 28 93 55 90 62 55 23 30 7 32 57 23 71 36 80 79 73 3 6 22 12 27 92 7 98 84 71 4 30 76 24 60 84 29 83 94 82 52 93 41 27 73 28 90 56 44 12 31 10 92 87 86 75 54 0 54 23 20 48 94 4 62 48 77 92 35 31 98 85 85 92 26 18 87 67 49 15 17 67 27 55 25 26 17 51 24 14 24 80 39 39 41 94 33 78 46 8 90 96 79 51 30 60 67 18 64 25 57 43 97 24 59 53 78 49 91 57 92 44 94 85 56 62 80 20 56 16 76 27 71 2 16 38 57 5 86 5 86 4 77 55 8 78 16 47 39 62 84 20 38 92 70 61 29 90 63 59 42 76 98 14 64 32 4 46 67 61 88 7 9 44 9 95 14 61 17 98 75 88 24 1 18 38 96 65 54 44 68 9 93 84 94 73 47 29 89 51 96 20 19 78 71 94 83 16 44 7 11 55 94 86 73 69 73 6 88 17 76 29 12 55 20 45 98 17 19 82 45 29 95 95 11 93 76 46 76 23 19 55 6 26 48 49 80 62 36 39 86 93 82 35 66 47 73 18 87 55 80 34 10 24 52 4 70 36 96 25 78 59 51 7 88 92 6 46 89 83 85 18 53 33 76 24 48 55 54 27 69 13 85 64 18 27 18 68 3 2 18 48 49 67 34 37 20 33 38 94 96 87 10 86 98 69 19 48 86 36 71 65 42 51 27 30 73 22 42 36 79 20 25 65 71 14 58 89 58 56 16 49 19 94 18 93 51 70 1 66 76 18 31 38 3 44 19 82 36 41 24 34 21 71 69 61 86 97 10 98 32 32 19 84 14 28 91 49 77 77 7 83 79 74 74 54 18 37 16 57 60 60 28 14 14 60 42 98 42 17 81 87 
44 29 41 86 22 70 36 15 49 22 84 99 63 9 20 38 56 48 13 87 69 22 74 58 75 33 7 36 82 53 16 55 59 36 17 8 43 85 64 35 90 45 18 44 69 12 74 48 20 91 97 12 72 38 24 54 0 97 26 20 5 87 80 73 28 98 49 65 58 38 34 54 13 7 55 53 16 92 29 14 34 40 72 94 80 12 98 80 19 87 80 54 86 72 74 88 37 82 31 52 54 54 42 97 57 3 90 24 73 39 42 13 57 95 63 50 46 32 53 89 81 56 72 64 79 67 21 91 67 91 20 24 58 23 30 17 80 84 5 29 24 33 87 29 34 27 81 6 15 11 14 50 64 66 38 61 35 89 21 51 14 38 40 89 20 14 20 51 3 99 57 86 80 29 12 82 29 53 40 63 50 24 22 48 62 28 65 15 12 47 91 52 41 16 83 3 8 14 49 38 2 78 94 22 93 99 69 44 25 16 33 38 44 50 12 62 11 14 13 47 63 29 58 11 15 23 84 18 23 58 70 66 60 91 58 71 83 86 9 32 68 54 75 40 18 83 62 20 12 62 51 98 92 37 83 23 78 84 84 32 90 56 43 34 27 39 68 74 99 86 69 2 14 7 65 22 19 90 39 58 41 22 44 29 38 65 64 92 42 25 33 55 26 25 96 51 51 98 57 33 87 42 19 99 96 43 3 74 4 36 2 65 14 79 49 81 28 88 35 40 57 13 85 50 30 5 10 88 37 28 45 82 21 26 88 77 50 90 3 72 11 76 19 41 9 92 76 19 73 2 14 68 2 32 60 25 95 31 53 73 37 92 99 49 68 18 54 99 55 33 70 20 19 30 78 74 92 40 50 17 33 49 49 37 58 90 33 37 83 19 68 76 77 82 52 60 11 75 30 40 
77 53 61 94 93 51 79 75 16 35 50 95 60 18 32 52 19 74 6 44 41 42 71 96 60 61 38 65 44 26 6 65 61 77 5 5 20 74 93 36 33 30 66 67 65 54 52 66 53 44 64 87 64 99 24 23 97 0 45 62 13 20 1 70 29 82 96 40 68 57 95 60 20 45 54 42 26 36 20 40 74 87 7 42 60 89 28 70 50 13 85 41 55 25 65 9 88 35 89 77 92 65 56 90 83 91 42 86 52 30 35 54 78 31 86 3 18 66 58 20 58 69 10 8 87 93 48 17 9 12 84 18 11 44 58 86 61 31 85 14 49 10 12 83 61 67 39 13 45 8 6 56 76 72 94 47 72 18 71 31 97 14 13 23 5 21 75 37 43 45 74 15 10 52 33 35 70 42 4 23 78 9 48 57 14 14 79 41 71 21 24 70 8 63 28 62 9 29 84 55 99 23 23 66 76 56 30 8 10 79 80 74 6 14 87 29 87 7 96 82 51 94 1 74 68 86 34 58 66 81 58 29 68 78 69 84 92 79 60 24 45 62 25 59 20 97 11 87 31 4 32 59 89 44 13 30 61 56 92 45 28 30 44 82 62 68 75 26 31 5 16 17 81 36 90 13 29 54 52 7 30 52 17 84 29 65 80 47 12 46 52 6 47 91 14 36 55 41 15 3 27 23 83 65 92 79 40 58 86 35 44 2 35 45 63 65 52 82 70 47 5 97 62 9 6 99 69 34 96 66 59 19 59 93 66 82 27 66 20 72 52 89 62 22 89 40 51 1 90 90 79 35 70 71 38 28 78 29 23 52 91 61 95 31 31 37 13 88 75 97 41 68 96 80 52 53 97 60 82 89 44 91 25 66 51 96 64 24 87 59 35 90 55 75 71 26 25 69 64 99 
27 95 71 75 85 59 61 40 74 48 66 59 41 75 10 10 95 77 29 38 2 2 96 91 53 25 41 33 31 1 83 38 83 88 47 31 89 7 42 40 87 35 66 76 30 73 27 35 46 85 87 69 15 76 73 20 26 45 0 6 82 17 17 93 98 99 38 64 15 66 46 59 88 29 75 39 4 49 96 25 44 93 64 7 62 45 73 87 98 47 12 71 57 61 2 5 22 97 35 29 21 53 36 9 36 43 19 47 2 28 32 99 83 28 29 2 44 90 28 31 92 82 72 57 52 45 77 18 76 72 3 53 19 93 37 85 72 12 57 28 35 92 57 38 67 26 14 94 89 56 7 7 90 54 54 11 7 86 51 39 98 50 82 92 36 29 75 99 1 83 72 48 16 27 37 96 14 39 47 14 1 43 74 76 36 21 11 80 98 46 92 9 88 32 15 36 77 62 7 39 58 90 24 98 11 41 23 25 17 33 17 3 21 90 94 81 5 48 44 55 67 17 49 60 51 86 15 38 38 64 37 74 41 20 73 38 28 46 23 48 65 6 18 43 6 49 36 65 58 15 74 1 96 26 48 82 42 90 83 12 53 8 23 9 33 29 92 82 77 10 48 60 12 73 90 94 35 75 59 61 4 10 78 9 10 40 95 10 16 48 72 37 79 56 50 82 69 80 97 61 17 53 56 74 79 82 96 90 85 81 24 45 23 1 45 44 58 60 11 43 20 34 81 66 15 85 49 51 18 70 20 18 56 14 32 28 82 59 28 49 74 3 13 87 56 74 43 98 95 80 90 82 18 96 33 80 48 37 65 60 85 11 55 84 21 21 94 66 50 75 17 90 91 2 89 82 89 52 42 60 78 42 19 56 65 37 80 54 44 14 60 61 67 78 78 76 64 3 29 79 
53 51 50 90 59 80 51 76 30 46 55 22 70 67 71 38 88 12 22 98 7 59 44 21 9 2 15 33 78 93 79 47 90 7 92 56 76 81 70 70 79 73 6 11 88 18 24 48 77 18 76 30 52 59 45 48 20 62 6 0 13 82 27 62 32 77 99 3 70 94 25 75 50 11 51 15 86 35 92 6 11 26 88 57 63 79 43 13 68 26 55 30 98 99 49 84 8 99 2 66 77 37 33 83 87 13 36 96 87 74 30 1 99 38 66 20 30 20 35 62 6 12 86 72 36 31 87 23 90 85 26 78 91 53 66 29 69 88 18 27 11 35 56 10 28 54 16 83 17 31 63 97 92 70 90 37 35 33 89 20 78 94 84 98 50 41 21 48 14 10 50 1 66 30 6 35 77 55 83 14 93 14 34 87 14 70 30 27 39 35 29 78 32 11 28 47 50 28 43 55 62 77 60 22 42 75 79 41 55 17 99 15 52 17 54 93 7 32 42 48 93 95 34 59 3 82 87 47 85 2 82 47 65 34 39 8 46 27 99 51 73 4 21 25 61 13 30 30 24 67 80 97 53 85 77 9 73 43 8 83 25 58 9 66 47 85 35 8 20 62 25 37 96 46 86 80 23 29 35 37 62 71 58 72 9 37 74 17 36 99 10 96 58 87 32 11 35 24 9 31 17 66 64 34 6 78 30 13 43 52 50 59 66 62 98 69 52 49 47 87 15 81 29 97 33 14 14 37 55 28 95 64 22 42 83 10 5 26 25 84 45 78 55 17 54 85 42 94 16 75 7 67 38 45 24 70 68 8 22 44 59 20 53 17 91 92 72 25 68 89 56 87 40 3 53 14 47 98 40 68 8 50 74 21 46 73 95 85 49 46 96 45 87 48 83 20 70 25 3 48 
81 47 51 24 65 15 47 20 52 43 1 35 71 49 30 9 78 70 47 76 15 86 5 95 5 26 38 42 85 37 97 80 9 10 3 42 52 67 19 35 56 63 48 69 55 88 5 5 86 72 69 32 60 79 5 94 5 13 82 13 0 10 76 44 38 53 53 97 58 35 59 61 47 52 83 28 84 56 47 88 80 93 56 64 48 15 99 84 8 62 75 20 2 57 79 20 3 30 4 52 21 26 43 69 68 51 33 12 62 18 4 56 27 91 47 44 42 8 51 24 19 35 23 83 18 14 60 31 65 67 57 43 10 81 13 45 18 22 77 93 27 93 61 15 8 66 71 70 38 43 2 98 10 54 62 16 66 13 85 50 53 75 84 21 63 51 27 36 17 66 19 51 48 3 70 84 12 78 89 21 72 23 13 95 53 89 65 96 78 75 49 77 88 8 72 24 56 87 17 79 80 12 4 27 75 85 85 22 68 7 6 60 26 32 2 28 3 23 32 82 77 66 78 4 39 26 21 80 16 80 82 75 52 7 74 62 52 80 62 70 99 54 84 35 29 39 38 70 13 61 50 9 7 81 66 52 11 66 64 7 34 31 34 9 17 64 39 8 74 52 80 17 40 58 14 38 57 49 81 33 68 2 84 34 3 98 81 41 93 40 19 80 77 78 80 14 28 81 76 54 10 96 47 23 9 73 32 89 93 97 86 37 63 91 99 1 14 57 85 93 54 23 78 21 84 34 49 19 92 34 74 97 30 85 62 3 7 47 38 50 56 53 54 43 92 61 97 17 28 50 59 87 14 14 18 50 4 51 83 89 34 38 51 73 86 40 90 58 56 36 4 67 5 53 51 44 64 85 48 97 63 79 31 51 76 14 74 55 30 95 15 58 90 80 27 5 15 2 70 5 
42 8 33 95 41 78 24 10 50 26 51 40 24 66 33 70 16 58 90 40 21 99 12 6 44 64 29 91 34 78 89 76 82 58 90 40 56 10 77 38 4 53 71 17 42 76 16 21 99 4 24 68 39 80 7 4 87 20 17 82 10 0 98 45 25 53 62 37 16 23 95 64 41 4 75 53 12 98 59 89 77 20 5 48 18 23 11 8 63 9 73 99 96 47 7 60 86 58 66 71 52 32 37 45 28 48 4 1 26 79 59 40 98 75 39 85 54 75 66 59 85 55 8 66 64 23 18 54 93 84 99 30 73 18 69 55 61 78 13 45 17 49 47 17 5 21 38 1 5 50 2 1 62 21 94 12 39 84 66 54 57 3 57 25 91 41 19 64 17 72 58 4 21 43 78 3 95 43 41 77 91 30 42 18 11 83 90 12 21 29 26 59 29 29 24 24 49 18 50 57 2 59 64 33 34 33 44 20 41 65 33 48 64 88 34 95 19 85 43 12 26 4 49 90 43 33 38 19 51 91 72 16 66 44 17 78 37 53 35 14 82 59 59 24 39 53 72 95 53 17 56 34 61 50 78 61 70 10 47 6 22 20 68 64 31 53 38 56 15 14 46 92 54 32 95 75 90 29 95 49 1 21 57 61 74 73 37 96 43 34 91 10 57 34 72 12 3 28 52 13 3 47 27 93 72 66 57 86 90 14 59 79 57 61 21 33 9 18 11 54 18 45 57 28 57 25 20 75 46 11 26 84 65 12 75 86 99 78 15 2 61 12 10 46 43 79 83 5 86 48 55 85 34 61 35 26 10 10 80 84 82 26 42 47 70 58 78 15 95 38 87 60 62 33 86 75 23 38 43 69 89 75 58 84 9 9 14 77 43 46 52 91 43 34 71 1 75 15 49 19 
83 86 91 91 79 13 66 72 89 36 82 55 77 17 86 16 90 95 94 94 34 23 49 2 75 15 40 60 44 37 28 10 25 4 29 9 38 9 56 12 72 76 17 36 28 8 33 13 57 55 14 84 38 92 77 62 80 1 17 27 76 98 0 99 68 88 61 75 55 2 67 79 33 58 49 68 52 80 56 24 6 61 53 47 8 56 31 73 61 73 52 27 96 25 82 60 86 37 17 33 59 68 23 57 56 87 89 45 92 96 38 48 93 31 70 42 26 98 4 18 70 59 39 62 72 87 54 54 9 20 45 8 27 66 33 93 74 25 8 34 54 17 46 43 82 11 62 49 26 10 65 21 70 12 34 47 36 41 95 34 92 37 99 12 34 28 51 95 59 66 7 2 34 50 74 82 69 24 80 45 83 18 3 36 61 39 4 14 38 11 54 96 39 63 25 19 41 94 52 3 20 25 16 45 52 68 76 12 55 17 29 26 9 73 49 9 24 57 54 96 18 70 84 3 37 70 57 52 14 99 51 3 35 10 45 47 92 51 4 89 82 10 63 94 15 59 88 50 85 44 35 92 98 56 97 95 44 11 97 50 89 3 62 60 63 94 66 48 25 67 42 5 78 1 11 43 70 47 50 20 3 87 76 33 26 73 72 24 76 41 21 31 33 17 79 90 75 95 67 64 52 61 37 3 84 65 75 49 67 22 13 71 81 42 25 73 26 7 80 32 66 38 95 72 10 2 40 11 14 95 12 95 97 59 7 21 18 61 25 50 25 31 86 57 20 99 63 18 81 59 93 35 24 65 46 32 33 39 64 25 52 99 94 53 20 11 75 31 87 69 41 44 14 70 48 4 62 95 23 56 27 36 70 96 16 21 57 34 77 10 30 28 38 90 88 19 7 23 41 46 
16 17 21 14 79 12 1 54 65 76 38 29 32 33 95 57 55 45 23 34 74 43 11 27 51 11 80 92 14 88 39 9 57 37 18 10 88 30 88 63 77 73 51 60 36 71 86 81 30 73 56 22 24 52 78 48 73 70 93 62 44 45 99 0 23 92 13 84 78 11 70 91 28 72 39 86 8 6 59 15 91 23 81 79 73 66 16 86 30 4 2 72 2 99 79 49 30 13 64 61 59 48 89 11 25 89 54 84 27 84 95 73 91 68 68 70 99 3 24 50 16 57 87 22 78 76 96 43 26 85 60 16 91 61 15 53 24 33 64 69 70 16 75 84 96 60 9 84 4 47 71 18 49 99 84 4 6 35 89 41 16 54 66 46 18 78 64 1 10 49 99 44 52 90 89 76 16 32 34 90 96 72 52 36 99 17 18 20 24 47 98 70 59 69 16 89 57 53 97 92 45 93 3 5 83 33 15 77 9 9 33 15 23 25 33 63 95 53 1 48 44 32 17 75 14 51 5 69 5 13 27 79 87 6 48 19 9 71 36 98 4 44 78 75 72 50 25 36 8 57 82 57 15 31 1 82 17 95 1 61 79 45 16 61 18 5 85 56 11 36 42 2 46 22 29 67 14 50 96 32 99 16 81 76 81 50 98 52 36 2 17 9 96 46 52 24 14 35 69 44 88 77 35 29 37 16 97 83 65 56 90 65 87 90 46 76 86 77 15 83 86 16 1 45 65 77 52 17 23 66 86 44 29 67 64 85 68 52 7 69 2 17 86 96 39 78 66 50 33 58 79 2 71 88 69 11 92 41 77 60 69 4 85 27 64 68 80 88 47 47 29 16 60 2 73 41 96 50 51 91 14 29 49 30 34 19 36 10 87 33 12 72 33 87 12 27 18 40 84 92 
65 30 53 12 63 80 33 67 14 27 77 12 59 18 87 67 63 4 98 15 67 9 51 8 96 59 77 81 40 85 59 69 31 40 31 29 44 25 22 71 3 96 65 51 26 43 14 70 96 2 67 61 50 40 21 77 28 29 98 32 38 25 68 23 0 87 36 8 90 35 2 49 93 82 21 53 29 85 34 70 20 39 69 90 95 7 88 4 72 68 80 20 99 75 77 39 76 63 44 51 83 90 56 22 96 26 78 85 69 93 52 65 26 29 93 24 72 80 91 71 72 67 94 88 66 84 74 31 58 6 49 72 23 78 58 38 42 83 7 47 50 42 22 79 63 19 28 44 15 64 62 6 88 10 63 89 42 36 30 83 65 98 13 68 75 51 10 78 73 4 6 67 63 91 56 89 41 93 80 64 73 7 22 42 41 29 72 33 78 92 97 81 63 91 54 1 37 37 73 25 90 89 42 22 8 44 40 27 70 34 26 4 8 2 78 83 24 83 71 48 82 43 61 87 64 64 64 28 40 61 36 66 95 16 90 51 7 76 73 62 54 20 56 51 51 52 43 66 22 69 2 85 82 84 53 42 18 92 10 15 28 60 23 35 18 56 85 35 7 17 6 72 23 83 31 16 46 74 77 93 48 8 31 95 46 62 27 94 45 42 20 31 1 78 22 93 20 57 30 85 68 62 91 23 40 40 29 80 63 98 52 75 49 44 94 95 14 57 59 65 13 72 80 72 23 25 75 49 35 5 97 47 60 11 60 1 84 29 72 79 53 64 52 62 46 77 71 13 31 45 6 3 38 84 3 19 12 94 20 96 1 89 82 39 93 72 70 8 15 42 22 41 67 38 62 12 75 90 42 86 22 11 94 8 93 50 97 41 42 41 71 58 66 65 56 57 56 4 62 61 
69 12 39 43 63 96 13 28 53 54 71 60 28 78 85 38 75 22 51 78 26 21 94 62 22 48 55 48 11 19 7 87 60 32 6 81 58 84 90 86 52 1 67 31 84 55 17 64 49 33 52 41 51 75 51 92 98 82 99 77 53 53 88 92 87 0 95 41 62 55 84 36 79 25 16 5 37 17 52 52 25 28 87 53 21 6 55 8 63 36 84 9 74 7 73 80 92 74 67 11 74 42 19 21 89 61 63 7 57 46 85 51 81 14 55 9 51 69 90 61 32 66 20 3 18 78 90 71 75 91 34 47 52 69 88 1 58 91 15 47 75 53 85 28 5 49 93 50 56 60 54 84 38 40 56 60 37 81 9 4 74 40 84 73 76 82 51 88 46 21 77 62 88 19 96 19 57 98 91 42 11 80 85 58 88 48 97 81 25 90 49 83 6 15 83 78 82 13 7 39 42 19 59 53 43 86 91 55 30 70 2 73 12 78 93 45 34 25 82 71 20 62 13 50 97 2 24 1 74 6 18 10 90 10 72 92 70 87 44 50 76 53 43 41 98 37 80 65 33 74 8 90 31 10 1 14 3 94 56 8 44 36 58 21 72 91 56 6 21 64 11 22 27 65 15 61 56 25 80 26 52 18 42 27 5 79 66 65 22 91 25 73 6 58 90 54 34 57 96 16 83 89 49 66 99 83 98 58 1 10 15 56 83 81 57 73 7 15 80 15 71 22 52 3 66 71 8 82 52 80 48 2 33 46 39 35 22 4 62 99 3 43 36 86 49 95 35 72 21 67 17 11 22 23 68 79 12 53 11 23 47 93 8 20 19 21 17 28 76 56 38 7 41 52 63 51 3 4 75 89 93 67 57 51 55 48 82 76 23 56 79 79 39 32 63 34 2 27 86 91 
26 62 66 11 48 35 91 89 95 88 21 3 73 59 84 23 51 65 98 97 48 71 96 4 11 39 77 77 49 41 16 86 77 43 85 93 26 45 38 34 83 52 97 85 90 22 34 87 34 80 52 94 76 10 64 35 49 96 38 99 53 62 61 13 36 95 0 27 41 17 62 38 35 19 87 64 5 6 91 23 67 14 31 32 33 93 82 58 69 59 41 49 95 24 88 64 49 89 68 57 98 73 52 73 79 60 67 8 43 81 55 88 58 77 63 70 29 7 21 68 25 42 58 60 30 54 18 65 99 74 16 67 82 15 45 52 89 35 36 75 2 89 47 57 65 96 89 97 39 22 89 28 71 1 7 96 91 70 44 48 40 64 77 63 33 21 87 51 3 77 18 80 33 75 21 11 4 51 35 61 49 47 83 95 92 36 64 36 85 21 54 55 13 71 40 87 98 17 17 55 49 58 91 79 15 63 18 84 52 95 86 23 43 40 37 23 35 98 94 19 23 46 5 15 22 79 64 44 99 69 39 58 5 90 27 58 73 12 88 21 64 15 53 26 62 71 91 94 60 69 1 67 84 9 72 70 64 29 40 75 53 35 49 89 59 36 6 38 4 19 19 39 61 11 9 85 69 71 27 80 67 61 67 6 87 19 40 51 15 23 67 20 76 26 70 45 45 84 52 60 95 96 61 8 90 19 66 8 24 80 52 70 28 6 78 4 12 97 39 17 29 99 72 28 93 81 73 89 26 28 86 34 3 88 59 31 86 5 34 91 17 52 88 14 12 78 50 45 96 8 57 92 57 98 80 16 82 98 71 77 8 19 24 81 98 47 48 98 46 56 82 72 91 26 22 72 84 51 87 28 10 1 74 41 93 27 44 56 17 77 27 84 12 94 57 93 60 50 90 70 
99 15 81 89 28 7 76 3 60 75 55 4 31 12 12 76 78 32 15 18 98 55 2 30 65 14 16 40 85 84 67 53 88 63 99 16 34 24 24 33 94 40 38 38 65 11 29 89 91 34 51 5 73 98 55 31 65 40 64 3 97 37 75 84 8 41 27 0 83 7 45 33 33 43 78 38 46 47 70 68 30 18 9 53 87 46 90 74 49 83 40 60 35 46 92 78 43 70 61 79 90 90 15 13 23 41 15 55 13 88 18 85 1 20 33 54 86 36 54 3 28 31 64 83 51 22 80 14 81 54 79 8 59 82 73 64 8 56 53 27 37 44 43 93 60 85 81 60 51 15 74 30 15 93 11 53 13 12 8 29 70 77 95 74 31 45 17 12 81 84 22 73 45 45 29 93 23 51 76 94 24 69 19 97 29 32 10 91 41 92 70 85 92 41 85 98 88 18 39 96 71 17 48 56 95 21 41 59 58 51 65 38 30 31 88 18 84 74 23 92 86 7 50 37 50 78 7 60 96 45 81 38 26 67 26 93 17 26 3 50 88 24 27 22 49 90 38 84 99 46 79 22 55 24 88 86 36 97 27 95 2 1 81 46 58 25 76 9 89 70 89 94 7 74 17 2 33 24 95 64 97 68 24 37 72 11 93 86 15 59 86 50 58 58 73 12 85 44 34 59 97 2 4 17 92 63 22 59 73 75 47 32 73 96 31 62 95 2 53 30 82 21 19 18 62 65 44 16 79 29 27 80 96 49 87 10 97 86 73 34 96 21 27 46 67 23 90 5 83 93 37 76 43 92 18 26 93 35 16 80 86 63 90 48 72 17 5 98 46 56 81 22 81 41 26 19 71 66 86 69 2 99 47 61 10 25 79 73 84 19 10 47 6 77 58 65 3 99 38 21 
88 31 58 25 72 70 26 72 35 67 16 87 19 67 85 19 56 44 82 73 2 52 53 22 67 76 75 84 62 29 11 59 97 31 78 1 30 53 22 24 13 61 24 68 71 56 22 54 49 19 82 51 27 58 57 98 58 68 15 70 58 16 55 78 90 62 41 83 0 92 95 29 17 64 89 20 54 2 82 74 7 18 68 44 29 95 25 31 56 2 40 93 91 19 94 10 79 44 67 76 99 7 73 58 63 70 23 71 53 82 81 66 67 11 6 53 17 16 25 24 59 23 48 94 83 89 49 66 50 67 55 56 85 74 5 9 13 11 3 54 9 66 79 68 76 16 27 50 71 72 65 27 3 72 8 2 22 22 80 9 48 82 89 50 69 34 38 62 74 86 48 55 28 19 44 74 99 6 26 58 68 54 22 43 98 33 35 16 16 37 30 55 46 74 88 32 39 93 67 48 11 57 53 31 75 12 48 88 99 60 40 89 51 15 48 59 1 22 92 47 99 42 88 73 76 1 98 70 44 61 3 98 79 27 5 93 20 89 65 10 9 18 60 65 14 18 93 64 34 72 62 58 24 81 9 91 64 86 32 75 18 53 74 59 16 79 46 84 74 22 94 81 41 16 54 69 47 63 43 72 3 16 84 56 6 9 31 98 99 24 23 69 33 35 64 53 21 2 77 41 90 74 91 54 33 69 3 13 30 50 17 83 32 72 25 45 82 21 32 31 71 94 9 73 44 16 31 78 45 60 41 66 47 27 13 80 18 87 10 48 51 28 82 64 44 40 32 70 37 21 30 81 55 29 49 7 52 1 30 28 52 10 1 37 22 86 30 7 68 42 11 19 8 32 87 57 84 59 55 31 34 37 24 66 88 56 61 99 24 8 23 22 90 91 12 5 74 29 93 36 
8 9 53 48 43 86 56 86 4 78 46 11 57 34 97 7 67 37 69 83 22 15 59 89 69 43 43 65 24 29 91 49 10 88 20 33 39 88 40 43 80 25 69 78 90 84 10 11 75 58 11 49 40 19 84 85 38 57 66 94 35 23 2 11 35 55 17 7 92 0 35 45 79 91 65 67 8 67 4 52 47 75 88 34 45 13 32 21 72 39 9 38 61 57 26 68 16 25 66 28 50 5 75 12 20 15 87 12 19 87 83 89 51 65 37 28 88 12 7 99 63 46 43 30 95 99 91 1 17 67 1 58 16 47 86 92 97 81 70 28 56 34 81 87 89 86 28 85 92 93 33 73 5 59 31 72 43 14 57 45 35 69 86 22 47 6 69 53 90 7 45 66 57 79 27 53 28 60 38 94 19 49 88 56 7 68 14 28 34 59 70 6 17 54 72 64 93 2 39 53 86 24 49 19 8 59 38 38 99 15 39 42 86 15 36 91 18 18 73 26 10 80 79 41 50 63 3 60 29 82 38 75 56 63 97 54 25 56 26 82 53 6 36 47 14 48 12 67 94 20 69 84 27 10 60 28 75 15 29 55 52 61 9 87 48 14 84 28 7 49 49 80 90 13 9 15 51 1 16 18 2 99 54 74 57 32 98 23 18 95 32 47 42 89 99 80 58 10 12 90 67 31 51 62 27 78 76 6 84 67 5 6 50 94 73 67 74 27 14 10 14 19 1 13 92 24 98 87 1 18 45 5 18 54 2 60 78 20 33 10 67 30 27 29 51 90 90 29 72 18 88 22 97 11 73 14 32 99 34 32 89 5 86 19 46 83 16 11 63 89 78 22 64 22 85 6 21 67 85 41 66 76 55 80 82 40 85 41 77 94 62 32 99 38 17 67 91 79 14 40 
27 41 90 69 15 45 70 20 65 61 30 28 45 8 96 78 37 87 82 97 62 77 68 60 52 43 56 86 12 52 92 15 82 58 99 42 47 64 6 63 80 96 57 88 50 99 91 50 6 82 57 79 66 45 3 85 34 95 46 25 59 95 67 70 2 84 62 45 95 35 0 99 69 67 82 91 76 48 43 62 8 96 53 62 11 48 65 92 4 75 68 53 24 72 65 80 80 38 50 2 55 14 49 6 44 79 66 70 29 11 68 54 79 81 59 11 91 94 44 85 55 96 51 51 86 32 93 93 31 16 14 20 78 84 12 67 21 60 81 82 72 40 1 62 46 28 58 31 97 66 30 74 56 13 2 91 56 67 52 9 71 35 99 21 9 93 53 80 77 79 83 24 82 48 48 28 83 56 8 91 87 64 21 69 63 93 84 67 63 42 86 9 30 61 44 43 58 86 16 12 58 93 42 16 24 34 90 28 88 25 87 60 67 4 17 29 78 6 11 79 93 97 19 55 53 37 10 73 32 18 5 25 54 6 86 36 40 65 69 1 7 82 86 94 3 40 56 6 32 99 97 58 5 66 87 56 84 23 54 40 8 53 37 45 6 46 32 79 14 39 61 7 81 45 33 80 96 30 66 55 29 17 98 76 84 46 32 95 44 15 31 2 43 68 90 99 25 27 95 52 42 56 73 23 26 60 89 89 30 11 82 12 25 67 3 99 65 47 27 5 98 26 63 90 58 59 76 27 99 88 90 75 89 17 93 8 33 92 64 9 88 75 40 16 97 97 69 47 57 48 41 52 39 41 71 45 27 71 44 83 6 96 57 29 54 50 79 95 39 18 38 3 42 36 28 45 65 18 31 72 52 88 23 40 98 33 52 39 32 37 28 73 96 54 54 98 18 41 22 82 
26 49 20 44 94 71 6 15 81 53 71 2 37 7 83 72 63 60 22 37 62 3 97 92 91 55 64 69 24 81 21 8 45 66 61 39 50 32 96 83 65 81 7 69 2 83 59 8 72 28 79 29 26 73 41 92 54 60 59 75 61 64 79 91 49 36 38 33 29 45 99 0 51 70 73 8 90 68 3 86 79 80 47 43 5 70 71 11 3 38 96 81 70 92 88 22 76 95 97 92 27 54 57 58 12 72 78 38 92 32 86 62 58 61 82 22 32 61 5 66 47 10 45 73 64 37 6 37 83 91 60 33 86 11 38 33 40 64 34 86 9 15 31 20 68 28 63 18 22 49 74 3 9 1 45 74 88 59 57 30 33 52 45 7 42 22 95 77 1 73 84 50 19 23 90 68 22 92 51 53 73 13 44 65 48 42 1 13 77 29 17 80 51 1 56 81 84 55 5 3 54 79 61 27 72 73 10 55 10 95 99 41 20 82 70 83 17 8 82 30 23 18 76 30 44 58 7 32 47 25 37 4 54 73 74 77 43 30 33 38 64 36 56 70 65 3 76 39 5 9 16 4 30 87 40 68 18 57 22 8 64 64 32 6 91 5 12 10 15 58 14 21 38 6 48 43 11 89 10 8 49 54 61 36 86 13 10 45 10 17 17 91 38 75 26 68 90 58 17 92 37 93 9 42 51 72 47 27 78 5 67 6 85 26 29 42 79 29 60 81 2 9 59 58 67 93 60 2 68 33 16 9 44 52 66 56 6 30 61 36 66 6 73 25 53 36 80 9 75 74 14 81 54 85 70 76 41 60 45 22 98 27 58 82 61 33 7 82 96 61 97 2 10 95 43 28 28 91 93 54 51 55 14 22 15 96 12 18 61 82 84 80 4 66 65 96 81 81 24 61 
23 31 95 92 52 73 15 14 93 50 15 62 60 5 29 35 37 16 4 63 20 63 57 99 96 41 61 70 77 8 25 86 56 86 89 50 18 55 66 80 8 35 97 83 98 38 95 82 42 37 12 81 28 83 7 26 13 20 88 50 47 41 33 28 93 79 35 33 17 79 69 51 0 95 71 69 99 81 57 86 87 33 36 80 27 44 43 27 39 85 24 99 50 8 71 76 11 83 48 7 64 50 33 37 81 60 16 29 70 76 80 33 92 40 6 3 88 37 2 67 7 24 1 1 10 42 30 3 66 57 27 93 39 17 25 43 3 48 95 99 60 36 34 80 82 98 83 20 8 49 97 93 21 41 5 10 33 58 64 30 82 69 80 62 29 20 88 57 5 7 54 45 55 2 90 4 33 96 31 51 59 70 7 12 11 50 28 13 28 94 62 91 21 70 34 59 42 94 78 39 84 46 41 51 79 29 3 77 16 76 35 20 68 8 48 87 17 76 39 35 54 40 12 91 89 83 70 26 12 28 57 53 62 64 13 70 87 26 25 87 73 25 88 48 70 79 21 55 13 39 95 27 15 80 58 85 51 51 49 31 83 2 64 84 20 9 97 91 28 15 24 63 43 81 77 77 27 73 44 20 82 72 54 37 55 85 44 76 93 21 28 87 66 11 91 1 84 15 2 4 13 53 51 44 35 60 88 70 83 14 45 45 11 12 7 27 50 52 91 68 12 22 35 77 38 1 75 34 35 64 35 86 95 8 83 82 98 23 21 71 20 80 48 74 29 58 17 46 80 10 93 76 27 77 80 82 59 48 10 87 29 96 21 57 69 12 68 49 33 83 19 64 57 20 98 75 57 1 69 56 40 70 80 78 85 21 49 55 81 90 41 86 94 45 6 88 1 84 59 90 
10 24 65 14 19 13 88 98 58 37 14 71 89 63 90 41 14 40 90 13 10 76 58 59 6 97 7 26 81 3 80 6 68 1 82 66 13 75 48 79 63 37 20 34 73 22 57 33 36 59 87 29 14 23 91 18 7 45 29 11 52 4 58 72 82 25 19 43 64 91 67 70 95 0 35 46 56 62 98 16 6 49 87 58 80 74 87 23 46 10 81 32 3 15 79 9 14 6 78 7 83 87 25 65 96 92 88 36 29 2 85 98 31 76 40 74 13 30 56 51 85 47 33 85 40 97 72 30 6 63 9 59 72 88 23 12 94 54 79 6 77 80 11 33 98 19 98 92 14 80 33 62 53 10 22 53 79 57 34 26 80 31 97 29 81 91 60 43 70 28 34 61 66 22 55 83 7 55 90 23 92 30 83 85 51 24 29 45 32 49 17 26 4 77 74 78 7 4 72 51 83 78 83 87 84 68 44 23 2 69 38 35 10 12 48 35 83 1 99 74 56 29 25 49 73 72 40 70 92 68 76 40 63 26 57 91 48 59 95 96 39 91 38 48 87 47 62 28 1 38 68 54 86 63 87 78 4 59 18 30 17 64 14 54 98 10 36 83 13 20 37 59 41 57 21 71 18 33 73 74 55 89 93 33 96 8 94 44 11 43 24 88 98 40 7 75 76 34 2 28 45 50 3 68 88 59 85 42 96 54 34 66 63 48 24 19 84 12 54 70 78 49 5 89 59 18 67 42 68 31 32 5 18 13 63 25 9 9 27 78 75 16 64 56 91 53 89 19 4 2 59 62 77 33 54 77 94 57 29 71 26 15 56 79 7 63 51 90 18 10 91 20 79 94 63 66 84 78 63 77 15 97 14 96 8 6 53 48 59 52 16 46 41 55 86 79 23 69 98 65 
68 67 43 7 79 47 3 83 1 61 77 13 57 1 37 53 66 69 73 80 20 28 72 13 37 57 62 68 13 93 77 90 86 2 5 57 18 35 66 14 26 56 62 2 46 25 47 93 38 40 78 51 33 25 83 87 55 54 75 51 83 75 49 39 21 16 87 78 89 65 82 73 71 35 0 20 98 92 94 36 11 14 61 36 41 85 61 29 44 28 87 28 14 36 6 55 82 36 70 92 50 74 1 4 18 98 15 74 12 61 5 66 9 47 66 4 29 29 99 21 32 56 57 91 83 6 75 84 98 51 73 79 88 79 70 62 48 60 86 54 19 21 21 30 82 56 86 25 73 96 56 7 58 33 44 85 77 87 2 30 70 84 6 38 33 75 92 66 89 30 45 40 24 83 22 24 82 90 82 71 80 73 2 88 86 30 94 37 64 32 67 17 52 23 41 11 15 80 81 91 84 12 29 21 78 77 39 78 64 67 97 27 81 42 85 16 39 51 49 67 87 94 19 81 93 55 13 91 16 59 68 53 49 73 78 94 9 15 61 15 84 79 22 73 75 24 3 32 81 28 61 27 52 25 56 50 93 20 52 45 52 20 72 10 52 48 38 67 63 92 7 18 99 68 68 98 13 80 10 88 61 18 16 61 39 3 86 59 41 95 64 17 23 18 78 42 50 3 59 22 10 31 79 57 58 51 79 60 31 9 55 26 4 90 50 63 63 16 43 80 58 61 67 25 44 75 18 95 33 26 31 24 73 61 52 85 70 86 5 13 63 11 5 2 9 39 85 43 14 99 29 37 8 67 85 4 14 48 57 23 35 44 88 87 3 18 24 74 5 32 98 8 82 11 1 29 64 66 93 70 6 78 10 94 67 75 54 48 4 1 26 50 45 86 70 22 69 97 44 95 
24 93 48 3 11 83 92 23 10 96 82 31 84 22 18 25 53 2 51 58 44 8 93 17 37 99 46 16 87 85 82 36 61 53 51 62 49 92 26 35 83 32 41 62 21 59 19 26 2 64 61 51 43 73 50 67 53 42 39 15 28 53 68 86 53 5 64 38 20 67 91 8 69 46 20 0 91 64 58 7 48 46 42 12 25 26 87 46 99 85 51 80 35 88 59 83 97 22 24 41 64 6 19 35 65 48 86 13 25 10 9 87 95 75 53 94 60 5 80 20 72 93 17 67 38 38 10 24 95 35 85 76 86 17 15 66 88 80 84 9 28 32 50 91 38 82 67 60 76 4 89 81 54 18 40 47 56 10 15 30 42 57 31 15 49 34 75 14 73 77 53 58 47 21 50 83 19 47 59 43 78 98 25 37 2 71 78 90 22 66 89 52 6 43 8 95 59 6 46 73 76 90 24 6 56 86 3 8 31 24 85 4 83 19 89 27 22 80 27 1 89 51 53 97 87 56 51 28 42 79 69 21 26 29 23 74 87 33 22 59 2 94 83 35 3 78 23 90 72 53 95 44 90 73 54 20 68 95 70 1 99 36 6 44 65 29 78 51 69 21 81 5 29 28 54 96 33 24 54 75 12 83 26 59 76 9 26 56 43 49 40 72 20 75 16 22 49 52 8 82 36 67 39 5 10 71 3 41 39 10 14 17 68 18 37 26 87 87 90 76 46 82 91 64 41 42 4 14 30 81 37 37 67 46 75 57 9 31 12 90 80 62 47 59 34 57 83 7 13 90 65 28 41 30 93 60 48 99 53 46 60 22 20 70 24 85 22 43 86 76 55 10 15 13 69 45 60 64 34 35 1 36 10 85 95 24 95 51 64 39 10 14 39 97 79 28 35 87 73 87 
28 65 22 68 36 8 65 62 91 48 48 68 57 21 96 50 27 15 52 84 13 42 71 3 44 70 81 9 73 44 89 42 37 5 72 39 1 46 41 18 46 67 31 26 1 95 15 91 72 2 20 45 35 58 83 49 16 26 4 86 84 12 52 8 29 37 5 46 54 8 76 90 99 56 98 91 0 76 96 74 23 20 55 57 59 32 92 62 3 96 74 91 66 42 86 30 22 70 21 77 44 94 84 35 56 82 41 90 11 12 94 10 17 62 22 42 6 2 36 10 95 21 44 5 14 21 77 27 57 37 63 81 20 78 22 26 43 94 95 78 7 76 45 23 91 19 92 64 69 6 6 1 43 77 62 58 98 79 83 81 16 58 27 70 74 83 73 8 51 10 97 43 66 32 38 9 27 74 86 65 70 64 78 26 22 36 45 48 41 69 76 78 88 46 90 89 49 98 31 79 52 92 66 23 39 5 81 68 58 33 85 91 42 65 37 68 65 67 79 2 9 88 35 82 61 87 88 86 76 92 77 58 79 7 92 29 13 72 46 53 44 76 92 52 62 98 85 24 48 65 92 24 74 57 20 14 46 75 4 30 44 76 82 77 11 11 13 82 14 2 61 60 11 29 49 68 30 14 43 9 89 84 46 73 80 24 56 45 46 72 90 24 73 9 5 88 57 94 86 70 52 5 4 13 66 75 80 90 11 49 94 86 55 22 12 43 11 75 25 4 31 60 22 53 38 86 32 13 66 55 48 71 25 90 47 95 45 44 59 89 38 34 9 40 50 96 77 45 43 81 45 87 60 36 85 29 15 11 39 46 67 4 60 22 88 16 70 94 70 45 46 49 86 30 2 59 90 29 94 78 88 44 51 68 56 50 70 51 78 9 23 7 16 44 85 90 36 69 95 90 
38 13 98 94 50 30 99 82 39 70 44 80 2 38 22 7 73 83 20 24 79 22 1 1 66 1 91 93 7 27 13 48 91 7 34 34 2 29 56 12 35 81 16 43 69 19 49 67 11 1 14 34 80 35 71 15 92 36 49 35 56 98 80 6 85 17 6 47 2 67 48 68 81 62 92 64 76 0 53 23 93 90 41 73 2 95 83 71 41 18 68 54 23 61 57 35 33 33 5 54 65 52 26 55 71 71 18 18 65 97 37 56 30 96 53 91 51 51 51 91 94 89 27 19 30 80 12 26 49 72 64 86 97 91 98 72 14 62 94 42 82 64 69 31 68 59 2 3 33 39 48 2 43 59 51 42 39 81 41 69 88 3 62 56 34 75 81 22 4 18 13 71 8 30 85 11 25 9 92 99 71 55 63 46 34 42 22 68 46 33 85 91 93 84 72 12 20 55 55 11 2 96 7 95 59 1 30 12 99 93 61 79 64 64 48 4 38 83 65 80 19 9 24 60 86 3 64 27 88 12 32 26 29 41 17 49 67 36 81 96 64 94 93 22 1 49 85 22 61 57 73 45 78 37 67 14 75 22 45 71 78 8 73 38 51 21 26 67 48 65 86 50 48 56 7 89 10 17 48 89 12 1 92 84 89 68 20 2 10 44 20 82 28 93 93 51 21 83 22 81 87 20 71 56 7 72 35 91 59 87 76 70 78 19 96 45 79 53 81 58 26 44 11 50 67 10 84 26 83 28 9 94 90 57 6 86 75 34 91 28 90 1 44 38 6 94 74 36 55 62 81 42 79 17 92 60 22 95 31 27 41 61 48 69 31 34 81 77 54 65 4 1 23 38 66 31 54 8 71 19 33 34 36 87 66 22 58 45 71 5 78 41 14 17 87 47 66 90 85 99 
58 18 2 5 94 61 88 12 18 35 76 62 49 51 11 33 90 78 53 86 79 44 40 72 68 17 15 99 88 75 74 86 25 94 8 8 97 53 81 60 65 57 47 37 85 34 86 23 30 88 4 85 86 93 38 17 29 20 96 92 47 59 56 59 34 52 91 70 82 4 43 3 57 98 94 58 96 53 0 90 71 83 8 53 42 64 20 11 12 34 8 76 89 99 79 65 21 31 17 31 27 13 27 57 96 25 39 9 42 53 71 84 5 86 4 90 91 44 1 2 98 71 18 37 28 56 10 29 46 60 87 86 13 79 77 96 70 65 34 74 6 91 86 98 40 41 8 34 9 99 93 48 14 32 54 94 14 5 16 91 45 59 97 43 73 2 72 28 58 76 17 36 55 53 74 3 36 26 82 63 79 16 6 18 58 26 7 8 49 95 74 46 24 41 88 96 10 43 60 44 78 82 31 73 33 2 13 64 10 82 91 81 24 21 87 25 39 68 29 46 21 52 47 51 81 1 77 94 71 29 23 34 4 33 79 90 16 3 51 4 8 49 78 74 23 17 82 95 45 73 98 67 94 75 44 39 5 44 83 30 5 57 16 44 69 51 71 87 47 33 75 93 61 67 34 45 2 34 27 68 77 7 67 93 34 52 92 1 88 28 59 26 95 43 59 7 7 57 31 68 2 78 63 9 12 83 19 59 86 87 13 36 83 98 14 26 31 16 70 86 80 18 30 66 14 25 29 56 25 56 7 66 31 13 28 70 89 13 60 42 13 27 60 14 32 57 17 46 21 19 28 32 65 98 1 26 96 16 58 11 3 61 35 83 30 53 76 52 96 48 54 55 26 30 86 16 4 75 38 6 54 62 12 7 53 34 59 34 18 50 81 95 20 27 21 99 58 51 95 7 
84 34 90 29 80 83 59 29 14 62 63 58 9 59 80 67 93 69 20 32 38 20 3 32 26 51 72 66 50 50 54 64 16 45 71 96 58 95 76 80 10 24 90 57 8 84 81 99 96 3 41 86 23 88 6 67 14 40 25 6 88 89 24 15 70 52 23 68 74 52 62 86 86 16 36 7 74 23 90 0 78 20 85 78 24 79 54 57 40 13 83 15 89 52 89 29 18 25 95 57 47 2 33 86 44 76 12 94 73 69 44 20 65 11 75 38 30 43 74 37 47 66 12 86 30 37 11 50 11 40 57 67 15 64 61 34 37 43 14 31 77 67 47 98 65 73 96 99 72 44 16 77 65 85 12 43 85 25 85 26 66 2 58 44 33 7 19 7 52 61 70 64 39 63 80 73 2 23 75 46 70 33 86 80 39 93 45 50 26 78 29 58 7 86 75 66 28 43 83 39 54 18 14 66 7 29 90 62 52 69 41 95 87 65 91 19 97 19 40 79 93 97 66 96 32 58 4 12 79 31 54 31 41 16 52 73 41 12 45 93 56 17 59 20 58 35 29 44 30 8 80 7 32 57 67 71 76 68 44 16 4 13 22 35 24 11 30 76 67 80 7 13 1 81 66 92 16 86 41 4 16 55 28 33 24 40 44 51 6 10 77 68 65 78 73 43 61 4 95 38 86 30 6 35 42 37 54 87 50 13 14 3 67 99 49 99 69 83 60 43 84 31 67 85 10 50 30 58 29 68 73 37 84 55 27 10 8 8 77 47 29 92 67 86 9 4 42 11 89 75 61 53 81 30 23 16 47 38 94 33 36 67 50 89 57 33 37 44 10 62 38 57 88 40 44 73 78 75 28 84 29 72 94 57 43 29 50 36 60 33 59 17 2 1 61 48 67 52 4 32 
39 11 39 36 90 74 25 45 43 33 26 8 55 82 62 13 92 32 60 20 75 80 19 43 28 49 88 40 93 30 21 88 41 67 90 15 98 20 38 73 65 21 66 47 76 6 69 69 13 97 4 49 75 40 2 27 34 74 44 11 80 77 6 91 20 25 67 30 7 47 8 79 87 6 11 48 23 93 71 78 0 72 98 62 4 40 17 31 85 71 48 45 30 78 71 6 76 20 22 89 28 84 14 80 15 6 51 92 60 14 66 79 52 28 61 62 12 48 18 36 94 53 22 41 87 37 71 43 21 20 19 77 68 64 59 36 85 37 7 33 78 11 4 83 87 10 62 80 95 35 67 81 88 45 30 73 80 84 69 21 44 6 42 67 80 61 23 31 33 84 99 27 78 21 7 86 49 65 86 61 90 63 36 83 45 94 47 66 47 50 79 41 16 61 73 67 9 45 73 98 27 33 31 71 80 88 64 99 6 88 85 95 1 83 23 22 20 91 30 78 78 61 57 99 70 77 78 26 33 43 23 23 85 71 79 61 75 69 22 9 81 65 44 39 67 22 12 8 16 10 95 76 58 80 41 65 5 76 57 38 43 61 13 18 55 60 65 61 94 25 23 27 26 67 26 63 26 56 98 96 39 6 30 94 16 78 68 72 77 91 23 23 37 4 62 2 15 33 74 96 57 96 26 29 75 28 33 33 81 38 46 12 76 90 34 40 96 46 22 73 38 25 16 30 58 75 20 12 86 80 85 94 90 84 44 17 74 98 51 46 28 2 38 68 48 48 33 40 64 27 78 25 5 52 32 46 17 6 33 35 82 97 7 86 33 78 87 18 17 60 1 91 90 52 6 3 74 20 87 56 30 34 29 95 66 84 36 25 17 80 52 67 53 32 40 44 87 55 76 78 
9 29 13 83 5 47 46 3 53 48 26 43 24 79 40 59 48 57 24 96 8 74 73 59 3 12 10 32 98 55 35 4 73 5 57 25 98 25 9 44 14 57 34 68 22 39 22 63 33 73 97 84 61 55 48 55 40 87 93 26 93 20 61 23 39 28 14 18 18 75 96 80 33 49 14 46 20 90 83 20 72 0 44 91 50 75 80 9 48 65 35 63 28 89 77 14 89 77 82 98 43 62 79 87 97 8 22 12 66 64 10 76 62 41 43 82 26 35 47 9 1 71 76 21 40 15 44 97 39 7 1 16 60 62 72 39 15 20 29 35 58 26 74 48 4 6 38 74 55 94 3 69 74 92 80 65 27 42 57 4 67 45 60 94 11 13 62 82 41 59 27 79 99 21 13 68 57 62 37 48 20 17 19 67 74 49 74 68 56 56 72 12 99 57 76 56 56 6 1 9 41 77 28 83 85 20 96 52 33 43 14 80 48 90 13 90 62 73 24 29 50 88 77 70 47 31 35 41 56 20 54 73 87 14 86 12 89 17 5 90 5 58 4 14 91 9 68 19 45 76 73 66 77 18 86 54 24 12 67 12 60 26 11 12 62 1 82 59 62 47 14 8 84 67 19 8 28 30 14 28 33 21 94 37 37 77 83 22 68 34 3 54 70 80 72 66 2 12 8 46 57 44 89 97 29 91 87 11 48 5 67 96 79 56 45 43 16 45 18 58 52 28 57 22 51 61 1 40 69 54 91 20 6 53 77 62 88 63 11 37 97 20 83 13 27 18 61 16 93 39 36 5 76 16 39 11 38 76 25 85 89 94 36 98 16 5 7 63 24 35 35 93 15 97 2 8 31 3 3 68 50 21 48 28 12 58 28 90 32 48 46 50 29 92 28 48 52 33 80 18 
33 76 19 78 6 87 15 4 10 19 73 4 94 7 89 87 99 38 59 52 7 94 41 29 47 79 85 84 17 33 4 71 89 48 48 87 10 32 99 11 95 60 8 13 92 22 66 60 29 18 71 96 38 42 93 25 72 7 64 88 56 5 53 81 69 87 31 9 68 88 53 47 36 87 61 42 55 41 8 85 98 44 0 40 18 2 44 55 54 43 22 58 21 42 39 30 94 19 14 97 74 35 78 29 65 5 88 70 26 50 65 99 69 48 47 55 1 65 62 82 80 48 52 6 3 21 30 77 67 23 29 97 98 64 43 69 47 63 76 18 99 74 47 72 52 22 58 29 89 6 89 26 88 68 65 92 84 96 37 81 13 84 74 59 77 54 15 42 9 9 6 79 46 80 87 41 43 9 57 12 95 63 57 4 38 13 79 79 23 86 94 58 27 4 48 39 36 67 12 30 67 82 25 11 40 46 15 35 92 67 23 77 75 90 99 35 10 74 42 59 22 47 99 22 35 57 45 30 72 36 6 53 51 77 88 87 9 27 74 57 47 59 83 28 33 87 54 34 39 8 66 33 6 54 27 19 90 62 73 70 40 76 58 70 40 91 7 77 15 5 98 91 70 91 54 57 12 97 84 61 11 21 47 15 44 40 37 24 74 79 11 60 42 28 1 77 68 80 76 14 29 24 46 29 10 24 99 65 4 40 64 95 17 55 65 47 72 72 36 70 13 15 40 72 6 66 86 98 12 12 47 48 34 85 11 78 37 9 96 78 66 65 60 6 8 90 13 76 63 78 90 76 18 5 72 7 60 46 82 69 60 35 37 70 37 12 84 62 59 79 48 92 21 50 30 54 16 87 94 51 67 25 19 3 42 55 43 10 75 10 53 98 2 35 51 86 74 91 90 5 
35 6 78 47 87 85 78 11 39 92 43 54 54 47 91 33 13 30 77 69 64 39 31 93 27 15 72 26 74 68 62 41 24 48 51 88 91 76 50 1 76 28 82 71 66 7 8 15 93 64 28 63 34 55 24 26 94 42 7 57 64 48 47 79 90 53 32 53 44 34 62 43 80 58 36 12 57 73 53 78 62 91 40 0 17 20 87 67 20 3 48 13 24 68 96 71 78 58 78 63 81 23 54 49 56 81 79 7 92 63 10 18 5 48 20 43 25 25 94 72 6 90 53 32 4 49 34 13 36 61 89 97 24 65 13 18 64 90 16 49 9 52 29 89 13 84 62 67 58 12 25 10 33 55 10 60 62 74 68 33 84 67 44 15 89 81 19 49 60 80 89 24 92 11 15 33 5 36 40 50 67 75 64 96 76 35 5 85 73 47 87 60 94 95 94 98 80 30 57 9 40 8 44 58 53 76 21 12 71 3 7 88 62 86 47 62 12 52 99 93 43 34 94 7 50 31 33 72 22 11 12 49 55 98 1 10 24 21 56 72 28 19 53 63 9 81 39 95 46 82 2 47 1 49 77 68 3 22 13 70 62 55 92 38 49 24 86 78 30 41 57 53 88 14 44 65 4 8 32 34 16 31 45 83 33 71 50 88 79 88 75 22 1 36 18 24 57 29 43 77 63 59 48 41 27 5 20 96 60 63 89 56 72 45 39 22 30 65 11 42 35 21 11 45 75 94 55 60 45 67 90 39 6 15 17 13 88 48 45 75 92 2 70 21 72 89 57 51 61 80 1 18 81 95 88 9 5 4 76 10 96 91 22 21 89 17 14 18 79 23 23 10 64 54 76 13 22 48 32 53 67 97 68 11 74 36 48 19 3 1 93 66 97 45 3 40 7 50 67 1 
11 82 78 79 30 98 87 32 26 92 62 90 71 13 72 49 54 48 36 16 98 39 52 41 78 32 64 84 65 42 73 42 9 48 61 71 11 76 90 81 64 28 93 33 17 31 18 76 93 77 39 90 51 28 79 17 80 60 62 63 48 18 8 73 95 21 33 87 29 45 11 5 27 80 41 25 59 2 42 24 4 50 18 17 0 4 45 57 88 46 26 52 93 90 61 66 24 5 79 4 13 94 90 97 60 51 92 20 67 88 23 65 27 92 38 23 88 19 93 47 91 49 95 25 88 29 49 10 8 50 75 62 25 64 65 90 57 55 43 30 5 32 64 85 16 17 96 97 3 70 81 23 18 39 56 89 26 96 95 56 80 16 50 15 50 98 70 29 32 59 70 94 40 93 80 59 7 68 32 95 83 72 11 31 4 25 89 97 44 16 38 45 17 52 12 89 61 73 34 55 54 40 25 86 40 12 27 71 29 82 56 54 9 88 73 70 8 2 21 45 65 79 30 55 53 3 47 25 81 93 6 33 77 82 26 56 34 45 56 75 82 65 60 37 6 35 46 4 75 28 63 85 56 72 77 13 15 71 58 92 52 46 94 96 89 66 52 38 40 24 25 32 84 66 80 63 21 20 27 87 19 35 46 92 1 52 38 99 63 68 2 3 68 38 28 63 8 21 1 79 61 52 68 25 41 71 26 78 76 2 62 32 43 10 57 74 51 25 8 62 25 15 88 48 70 5 38 94 81 9 80 8 89 20 55 42 55 53 70 53 77 58 56 42 97 53 18 44 12 54 50 36 85 83 21 30 23 59 89 76 67 20 83 6 19 30 40 45 81 27 74 7 63 49 73 13 65 7 50 19 82 28 22 8 28 9 95 76 32 81 86 74 32 97 36 12 7 42 62 5 
24 6 89 7 54 48 33 92 58 74 45 13 24 62 84 46 43 70 73 39 90 44 58 32 45 33 65 23 26 38 62 86 92 37 26 30 81 91 14 60 28 90 1 56 49 52 93 10 29 75 36 92 8 6 85 51 12 89 45 79 15 23 56 66 7 6 93 46 95 13 48 70 44 74 85 26 32 95 64 79 40 75 2 20 4 0 49 27 53 61 87 98 86 4 58 38 73 22 15 51 85 53 10 30 63 15 60 63 64 70 22 43 52 24 57 55 23 91 39 55 11 76 15 32 44 53 39 70 87 70 85 79 75 87 23 68 59 51 44 74 98 8 25 20 3 75 3 45 36 89 28 49 50 43 1 52 95 2 76 36 97 78 38 90 53 54 58 86 38 38 67 52 70 26 16 92 73 14 52 60 49 71 39 6 41 49 7 41 44 69 57 62 2 33 74 79 5 75 3 37 15 14 71 29 52 14 77 69 70 4 33 21 71 23 98 20 79 54 53 71 75 10 53 20 24 51 43 32 80 36 26 72 82 81 73 96 13 73 66 80 22 95 19 35 25 31 5 84 96 37 5 92 44 63 96 24 21 37 96 80 11 61 51 26 94 11 94 16 52 34 33 17 41 34 65 86 15 63 90 54 75 75 70 19 49 87 9 69 36 84 42 85 36 52 65 68 29 95 72 89 60 22 9 86 35 6 22 69 55 42 53 17 71 53 15 1 9 90 68 19 13 37 5 89 17 79 81 83 30 2 37 29 85 36 41 11 47 48 49 39 31 68 61 30 77 8 62 81 37 71 4 19 16 43 50 64 12 3 11 87 95 86 10 30 46 58 8 1 72 15 82 29 60 87 93 34 87 49 42 72 43 65 18 91 48 40 76 47 81 96 17 44 28 75 35 35 93 29 51 43 
16 43 91 92 81 89 92 97 82 82 45 75 43 50 46 56 17 6 71 55 83 10 63 75 79 83 51 99 60 25 60 42 22 26 38 74 52 65 91 30 40 81 19 7 73 70 92 12 11 1 26 69 86 62 10 24 98 28 73 43 99 11 31 16 88 55 82 90 25 32 65 71 43 87 61 87 92 83 20 54 17 80 44 87 45 49 0 26 52 85 73 79 32 87 17 50 78 81 87 60 42 70 90 52 26 56 19 98 60 12 82 62 21 68 68 77 86 4 87 93 68 94 41 2 58 35 73 52 39 80 37 38 62 97 88 18 12 35 42 89 38 26 16 96 91 96 45 71 24 78 8 30 24 7 20 30 22 85 51 52 66 82 67 41 37 90 82 98 39 92 51 51 39 42 23 43 21 35 68 2 40 20 80 25 10 28 21 47 71 12 93 47 62 95 98 28 93 89 25 15 57 30 28 72 13 24 49 30 61 40 7 40 94 22 33 8 39 55 91 78 18 34 22 21 5 56 81 56 47 35 51 32 57 38 87 3 55 55 92 37 50 54 84 23 41 20 18 47 30 99 34 40 24 21 70 50 73 84 36 33 81 36 66 95 81 37 1 45 54 41 43 37 67 81 30 30 89 53 42 50 12 11 64 9 83 58 43 38 19 98 38 94 50 35 32 50 47 98 76 11 33 80 91 15 3 48 48 13 29 72 70 81 80 21 20 20 26 47 10 98 70 30 57 10 34 69 17 84 49 12 25 92 50 60 96 64 52 98 11 13 65 59 98 7 32 44 15 15 4 37 16 71 41 50 66 98 25 81 74 33 67 5 34 59 76 21 13 56 7 36 57 2 26 58 4 74 79 58 45 46 73 68 75 33 21 72 22 38 54 10 32 26 72 99 98 38 94 62 32 36 
88 87 84 81 73 74 73 30 52 13 54 76 69 52 13 33 49 35 31 68 88 2 44 35 84 99 14 76 47 57 45 19 97 20 30 70 24 55 46 31 29 35 39 3 31 27 9 8 30 40 9 57 63 88 77 14 80 70 87 13 84 8 73 86 4 8 58 74 31 21 92 11 27 23 29 46 62 71 11 57 31 9 55 67 57 27 26 0 15 61 24 43 84 58 68 3 28 75 92 18 79 76 96 34 31 52 50 88 47 74 34 11 39 55 47 3 5 57 55 49 94 32 14 82 62 19 27 93 59 82 28 20 25 63 85 7 14 97 1 17 30 68 22 19 3 80 94 9 37 23 73 33 81 93 65 25 61 3 24 97 95 55 94 81 36 68 12 53 44 24 2 1 40 82 69 25 86 51 98 15 72 49 91 94 48 42 69 82 39 63 94 4 84 28 19 83 15 1 92 12 17 4 72 26 90 37 15 88 15 5 3 69 76 92 31 31 93 65 76 64 90 41 99 45 97 69 89 7 21 85 77 4 18 44 15 79 94 8 68 40 56 98 56 55 27 55 68 93 72 75 57 61 82 4 25 54 31 28 62 91 94 71 45 27 5 42 21 41 29 7 92 57 26 11 53 71 11 15 92 56 51 84 35 21 47 47 28 6 3 18 30 54 67 37 75 16 31 86 42 32 28 64 78 99 48 76 75 34 56 25 71 1 95 62 65 95 59 18 76 34 35 82 33 65 51 36 83 68 76 91 39 63 12 19 46 50 50 88 13 33 92 12 57 31 84 69 4 64 61 79 9 54 93 62 28 35 61 76 10 60 93 48 53 10 42 4 44 49 98 92 28 1 60 92 1 32 35 12 81 41 19 62 32 18 95 25 41 51 32 59 80 91 36 69 78 93 90 9 3 63 
26 53 40 21 30 77 39 56 70 42 33 60 62 28 20 27 21 28 81 44 92 88 14 41 78 73 37 33 73 38 36 33 71 39 91 61 22 96 40 12 53 59 73 19 67 8 98 90 23 27 54 90 94 94 34 24 19 50 98 68 8 63 61 30 72 63 69 49 56 72 4 3 39 46 44 99 3 41 12 40 85 48 54 20 88 53 52 15 0 97 97 37 53 36 35 14 55 91 52 65 17 29 28 24 5 18 47 90 31 34 5 47 11 69 14 72 42 69 55 35 46 70 56 52 13 27 54 7 30 58 66 27 54 62 19 26 36 29 30 87 69 56 15 12 82 81 62 68 88 70 4 54 42 85 93 50 26 68 2 91 88 98 33 10 70 54 52 15 79 53 17 22 53 87 27 16 85 81 98 33 59 63 29 71 42 70 40 11 70 68 36 3 90 58 58 15 9 77 87 81 56 61 36 38 53 28 67 15 18 96 88 8 73 84 88 3 16 55 70 99 68 11 99 96 50 15 22 33 66 48 42 46 33 90 96 91 73 3 22 7 94 78 84 66 89 65 42 1 19 62 73 88 26 3 76 29 76 93 71 35 6 4 6 12 72 39 70 64 92 78 86 71 21 27 98 30 94 20 50 94 88 78 58 86 52 39 35 67 85 74 20 96 33 75 74 61 67 90 71 53 30 36 61 35 49 20 81 42 39 60 62 13 8 73 96 22 93 71 14 1 23 94 29 90 47 62 79 62 38 84 33 16 32 74 73 91 77 39 40 32 33 12 25 73 33 82 92 44 61 16 18 68 54 74 74 93 13 51 17 19 19 89 65 96 91 31 5 18 68 70 66 53 52 36 65 72 33 35 80 44 32 70 40 23 5 25 82 22 74 30 33 70 71 81 66 19 49 29 13 38 
72 58 99 24 39 88 84 30 54 58 29 35 31 60 45 16 8 64 90 33 1 18 35 26 47 45 43 62 43 93 80 28 39 76 80 13 18 89 43 81 2 75 21 94 69 90 56 66 66 22 19 74 71 8 80 80 87 13 47 26 62 9 73 4 68 36 59 83 2 39 75 38 85 10 28 85 96 18 34 13 71 65 43 3 46 61 85 61 97 0 80 84 65 32 82 51 13 94 85 35 2 90 99 97 60 13 7 34 69 37 26 98 69 67 74 30 54 59 11 87 88 73 46 27 6 58 13 95 43 99 5 96 25 98 37 25 29 19 71 87 86 42 81 97 18 63 41 33 38 55 33 11 96 60 3 50 40 8 24 9 46 45 68 64 45 1 30 86 2 53 98 57 47 26 76 53 89 44 61 24 41 27 79 33 21 21 23 26 49 51 5 11 46 8 6 46 79 36 2 21 39 83 94 54 14 7 84 33 93 6 33 6 67 99 68 32 35 66 70 77 74 38 10 13 91 23 32 89 44 91 78 31 60 73 34 55 53 87 81 97 2 68 24 27 90 67 18 54 2 29 50 48 5 41 4 29 50 22 83 62 6 59 82 44 81 40 98 97 26 17 76 13 65 3 10 35 44 11 25 98 12 28 14 92 42 64 82 42 97 77 60 90 69 60 39 20 81 2 50 58 95 68 27 91 60 81 59 77 36 39 30 8 39 50 43 83 28 93 6 66 79 7 19 74 22 89 80 92 76 34 27 24 59 83 69 29 30 79 4 65 5 1 39 22 3 98 23 94 48 56 14 44 56 23 23 52 87 44 92 56 62 28 84 69 17 48 63 2 27 76 5 12 59 96 8 76 28 45 84 34 20 19 72 60 61 4 35 4 88 46 67 80 24 66 74 49 93 42 41 90 
93 57 16 64 79 46 21 34 90 71 6 70 73 15 20 60 85 63 52 73 16 15 36 57 30 27 58 50 19 69 64 86 21 86 83 72 20 84 12 40 23 71 23 12 96 85 68 3 39 21 57 14 1 91 77 39 80 85 12 55 75 73 52 2 80 84 41 40 40 9 68 96 24 81 87 51 74 68 8 83 48 35 22 48 26 87 73 24 97 80 0 39 22 48 19 10 28 97 40 66 96 9 20 7 65 11 62 27 36 18 74 75 7 76 51 22 83 40 5 94 94 69 5 92 84 7 96 43 66 89 23 38 10 32 2 3 28 88 89 92 82 83 57 92 83 99 3 24 49 15 11 50 33 50 79 7 37 11 29 67 54 85 87 51 51 11 81 74 50 29 86 32 13 58 80 5 18 82 61 94 70 15 80 24 82 53 57 41 85 12 32 12 73 67 77 42 81 51 86 9 61 3 46 53 25 31 2 78 62 97 4 40 81 36 12 42 26 43 84 88 88 36 49 15 12 82 38 6 14 14 57 91 74 16 10 31 93 68 27 57 19 78 76 86 86 96 76 44 34 74 17 41 79 61 97 47 15 13 58 20 42 2 91 38 14 33 60 10 41 1 25 74 35 93 84 58 73 18 50 92 22 97 8 55 87 30 75 83 49 80 63 98 84 71 16 97 75 37 48 97 13 17 91 70 5 62 16 63 54 33 6 39 10 10 88 69 37 78 75 13 46 34 97 65 92 13 22 42 53 22 37 78 69 93 99 39 83 86 36 97 1 92 35 21 70 68 62 12 34 66 80 83 86 49 49 74 35 26 22 6 6 12 44 54 1 60 20 5 69 25 86 87 13 81 54 91 91 71 1 46 86 75 38 84 40 52 83 18 64 43 49 39 9 35 24 57 58 14 75 22 
75 79 38 72 55 37 25 42 70 3 21 51 27 22 85 57 24 12 63 34 72 58 17 74 49 30 9 94 72 3 64 36 93 95 56 34 71 27 10 53 16 82 44 98 27 26 42 70 37 24 90 13 70 45 25 39 54 41 71 30 20 99 27 72 20 9 49 60 93 38 53 81 99 32 28 80 91 54 76 15 45 63 58 13 52 98 79 43 37 84 39 0 17 26 29 4 14 15 72 62 26 3 61 91 97 65 27 51 37 27 43 24 66 81 17 76 12 61 69 47 22 82 89 41 29 6 75 50 94 83 55 9 10 74 61 46 68 44 46 32 72 54 50 47 58 37 39 73 30 39 26 91 2 41 73 5 24 48 93 54 52 30 50 76 37 98 66 80 64 69 70 5 18 95 95 73 86 53 83 86 87 61 33 18 27 3 63 68 51 21 10 87 14 24 75 87 50 40 82 17 75 96 81 60 68 40 93 61 4 73 74 99 38 62 64 71 28 30 33 57 7 85 39 88 51 96 12 54 24 99 14 84 65 5 5 87 63 38 23 9 30 82 47 31 43 81 1 17 98 50 44 70 59 62 63 19 71 43 47 60 71 52 97 86 41 57 30 78 12 58 18 62 70 29 20 98 12 96 31 49 38 58 92 98 66 28 66 55 13 16 24 65 21 89 42 5 20 10 92 27 85 97 64 81 66 78 11 70 46 91 54 98 99 34 82 18 56 15 71 12 34 30 70 82 36 22 43 34 10 33 61 70 41 51 95 53 50 89 41 27 40 53 73 30 84 65 88 25 48 90 94 22 25 1 78 18 91 25 39 29 26 68 68 97 9 86 79 45 60 83 6 68 90 14 74 99 67 12 23 45 68 62 23 2 13 51 96 70 31 16 27 4 4 89 44 28 31 28 71 28 
63 88 97 7 43 88 72 66 30 35 62 98 36 88 64 31 77 59 50 93 31 94 63 77 64 96 68 97 78 73 88 61 32 2 13 82 56 73 76 5 15 8 43 69 14 67 46 18 33 7 80 41 20 22 13 41 86 55 57 98 2 96 96 2 99 74 95 35 91 61 24 70 50 3 14 35 66 23 89 89 30 28 21 24 93 86 32 84 53 65 22 17 0 11 30 29 76 6 30 94 43 2 38 72 69 30 20 79 1 30 68 46 92 83 26 51 21 64 84 60 51 10 99 92 38 6 10 75 94 88 29 50 72 65 68 34 19 56 66 88 71 56 64 92 96 65 31 8 54 4 28 31 78 58 95 21 62 74 53 28 6 22 56 89 52 35 7 45 32 90 25 54 63 60 33 96 43 77 30 23 78 45 35 25 13 28 96 25 42 37 64 3 18 68 96 44 29 99 26 93 43 86 9 97 21 23 22 44 90 55 44 42 42 76 42 11 49 78 95 96 83 52 88 44 55 86 90 91 7 11 82 60 33 34 23 92 30 67 25 36 8 92 87 93 72 39 68 25 52 20 19 36 1 99 52 95 77 26 76 69 25 75 13 52 80 87 15 60 9 95 83 36 9 93 37 16 48 50 20 94 86 84 18 90 24 31 4 64 51 83 77 32 38 94 56 9 56 73 74 11 20 8 45 8 28 94 2 17 27 52 92 32 18 49 3 3 52 63 45 3 21 30 49 60 13 35 4 73 34 41 91 51 63 97 4 4 1 64 34 50 26 8 98 82 94 25 63 44 54 58 62 30 35 70 70 46 15 21 72 23 37 44 60 76 74 44 69 61 23 80 56 71 32 92 14 50 5 32 29 74 20 20 50 48 88 9 30 27 99 97 66 35 71 39 81 43 2 91 25 74 
47 82 37 22 65 40 28 50 91 81 8 93 89 54 42 67 38 9 44 37 82 20 96 2 13 33 92 95 52 44 79 68 32 56 54 4 65 5 80 73 4 36 96 19 55 46 71 43 49 18 23 14 97 72 11 94 72 25 61 99 57 47 25 99 75 7 24 46 19 57 72 92 8 15 36 88 42 61 99 52 78 89 42 68 90 4 87 58 36 32 48 26 11 0 47 8 77 8 79 80 32 22 91 14 58 67 29 5 19 66 15 91 82 67 48 1 44 10 21 32 9 96 42 74 91 61 38 79 53 80 43 59 72 62 82 46 36 14 96 32 49 10 81 59 61 33 66 45 85 93 54 86 32 61 43 42 26 34 95 49 24 82 27 46 93 32 79 37 96 78 27 4 75 10 81 6 39 56 78 47 47 20 21 23 53 65 54 78 93 36 65 39 9 97 41 89 86 3 72 21 79 55 50 34 37 11 80 40 27 26 30 66 53 54 68 54 32 49 11 67 98 78 51 79 82 62 38 65 4 65 69 95 50 53 99 56 99 78 21 24 55 72 32 8 3 36 39 64 1 30 68 20 14 57 26 29 90 85 32 12 72 28 11 64 83 53 23 91 2 76 40 6 49 4 77 82 46 31 62 28 91 25 23 62 85 74 19 71 6 46 24 33 26 38 91 73 78 7 35 28 63 67 85 35 59 3 74 52 90 9 76 72 51 5 49 10 78 65 64 21 77 33 37 76 8 8 80 2 88 92 22 54 38 5 57 42 14 50 43 41 15 21 54 73 31 10 38 56 48 38 58 68 87 60 75 45 25 89 20 2 52 29 45 87 32 70 80 53 81 82 73 8 53 91 3 90 68 52 46 50 78 82 33 58 29 47 78 17 89 74 79 19 76 51 90 86 19 44 1 6 
33 11 99 65 69 38 38 26 63 67 52 22 95 14 64 28 16 54 13 13 88 42 86 13 60 59 36 7 26 54 83 12 63 84 43 60 61 49 20 70 21 30 66 68 77 13 61 17 51 34 28 71 82 56 11 33 74 65 2 49 79 7 82 79 77 73 88 92 94 26 65 88 71 79 6 59 86 57 79 89 71 77 39 96 61 58 17 68 35 82 19 29 30 47 0 59 81 85 50 10 54 19 59 79 45 70 80 12 20 36 4 8 58 54 53 14 50 94 41 99 9 39 92 27 34 82 75 58 37 65 12 17 99 62 37 42 56 5 69 56 55 25 37 61 18 6 7 31 48 14 45 9 22 46 53 53 45 97 78 52 67 20 54 84 8 85 11 93 73 4 79 34 84 18 2 61 50 43 24 15 39 96 79 28 45 9 11 52 5 85 44 8 35 38 92 40 40 65 58 18 74 5 64 64 91 20 17 98 10 36 15 88 62 6 16 94 63 5 77 14 5 14 76 55 47 8 15 2 83 87 9 97 76 65 1 4 82 75 58 47 17 8 30 61 90 8 36 67 16 98 33 18 96 91 93 58 46 52 70 57 21 8 51 10 6 36 40 38 11 90 38 88 64 84 25 30 20 34 17 82 16 64 50 25 76 29 5 35 62 45 52 90 99 95 94 20 73 80 80 30 36 58 48 43 58 19 76 47 63 82 34 77 23 56 68 34 53 85 77 17 93 50 82 68 53 94 63 85 2 33 32 42 77 40 51 69 26 80 19 22 19 63 62 59 40 68 71 97 98 58 5 9 15 96 64 52 47 38 22 12 5 51 74 13 58 40 7 28 35 13 99 13 85 75 99 84 11 60 30 24 77 84 94 64 47 11 37 21 77 12 16 27 49 73 24 84 34 82 7 29 
89 73 2 51 45 7 96 86 77 88 98 86 22 75 31 94 5 37 97 55 53 43 97 54 46 11 62 24 47 95 10 44 33 98 30 77 9 84 44 22 31 75 88 20 61 25 71 95 49 67 71 57 94 81 22 78 88 9 5 84 20 60 60 49 39 80 64 78 10 68 80 22 76 9 55 83 30 35 65 29 6 14 30 71 66 38 50 3 14 51 10 4 29 8 59 0 18 1 5 77 13 28 9 40 99 98 70 20 70 87 12 21 64 1 61 50 88 3 92 96 5 3 15 27 50 79 41 79 41 67 41 90 92 78 14 54 84 36 48 90 39 14 65 28 20 13 18 93 55 82 56 56 69 50 25 44 21 61 60 92 15 66 77 56 97 45 12 50 39 41 93 8 21 95 88 49 28 24 53 97 91 15 16 18 12 30 42 18 74 71 65 32 80 68 56 4 14 19 14 96 60 74 50 63 40 92 84 50 10 26 52 68 69 82 86 90 77 74 5 76 45 79 42 11 65 65 42 55 9 1 3 28 36 87 56 43 96 39 25 52 11 46 32 14 10 40 16 52 52 16 64 7 44 9 84 88 85 58 58 61 59 46 76 89 80 12 7 98 53 59 73 99 11 34 25 28 97 12 57 61 13 47 96 59 39 59 19 38 40 72 64 12 65 38 94 56 29 30 51 47 80 54 84 83 28 32 87 13 90 37 44 66 57 40 58 12 65 85 67 80 23 87 54 27 65 34 38 70 48 25 82 90 61 92 44 44 54 78 68 57 82 38 55 97 97 38 24 86 26 90 22 70 26 8 3 84 52 93 95 94 2 24 18 91 45 92 60 33 71 17 95 95 84 62 22 19 48 35 12 51 1 81 97 60 4 6 14 62 14 7 50 27 2 47 16 21 30 56 85 66 
24 49 33 91 85 44 83 49 21 72 51 76 61 35 52 21 16 75 51 89 48 79 66 85 49 28 63 21 5 82 32 13 68 68 74 55 77 90 67 82 6 14 77 93 45 62 88 19 52 36 7 18 4 35 13 46 37 88 22 8 3 86 86 30 76 92 49 43 79 16 80 76 11 14 82 97 22 33 21 18 76 89 94 78 24 73 78 28 55 13 28 14 76 77 81 18 0 4 56 85 58 45 60 14 99 30 49 12 57 7 76 66 66 1 25 37 1 99 54 69 70 86 20 42 26 35 64 31 1 49 74 29 28 60 16 21 77 81 42 55 7 83 86 23 94 16 54 7 45 86 42 89 89 23 59 23 51 54 11 78 42 23 64 75 73 75 10 49 95 20 73 86 26 33 90 40 78 66 20 69 50 43 15 14 63 15 17 97 44 85 86 28 34 31 31 71 29 79 89 9 97 86 35 26 45 62 51 13 18 76 22 58 71 1 89 85 79 44 1 30 79 93 54 5 55 70 93 94 50 97 71 95 54 35 51 91 13 29 57 64 32 58 21 15 97 35 43 37 81 79 91 44 97 37 48 8 66 65 80 56 92 64 90 73 69 39 28 57 84 27 21 32 73 41 37 16 43 47 92 94 96 73 1 67 1 15 29 82 86 99 4 92 79 53 86 29 5 37 71 78 32 8 41 92 43 64 60 85 9 57 36 32 67 33 40 14 91 7 84 48 73 16 38 33 49 59 71 48 5 16 98 74 93 18 89 98 21 91 75 24 20 98 80 82 77 74 42 21 22 29 91 14 79 75 27 38 30 78 10 40 55 71 49 41 84 92 57 22 6 24 55 85 95 47 42 42 37 82 64 33 1 99 49 15 8 10 72 60 55 63 60 90 21 5 33 63 86 69 98 3 
56 20 31 10 74 59 17 54 56 15 84 44 33 50 12 49 9 13 33 36 54 96 66 61 67 84 30 88 43 30 41 64 86 18 61 38 68 74 39 44 30 44 48 25 78 95 57 96 30 31 87 11 61 12 30 8 82 35 97 99 30 58 37 13 63 74 89 70 44 25 38 95 83 6 36 22 70 33 31 25 20 77 19 58 5 22 81 75 91 94 97 15 6 8 85 1 4 0 48 91 88 4 38 57 35 73 46 69 51 81 21 35 85 58 15 53 94 15 83 86 81 91 13 10 74 8 26 57 25 24 66 5 20 3 16 70 66 57 95 56 25 56 30 5 74 35 21 45 19 32 24 90 69 59 64 88 20 53 61 1 96 91 11 87 73 82 29 70 25 50 9 32 19 59 79 91 52 31 50 12 28 16 19 35 3 23 68 59 98 52 53 67 54 83 57 73 46 30 93 21 76 7 79 13 83 4 31 86 90 60 88 35 77 57 11 17 13 94 53 41 5 97 91 70 92 55 4 9 18 32 21 33 77 34 98 52 69 87 92 3 68 5 73 76 56 9 17 64 9 60 87 10 49 94 66 43 38 60 77 24 16 38 21 49 53 99 79 20 2 55 80 96 55 1 31 11 11 50 59 77 17 2 89 3 47 32 37 30 70 30 96 71 63 94 28 90 66 32 35 26 10 24 47 49 43 86 64 22 8 71 94 74 44 70 61 11 49 79 54 22 73 77 18 64 59 57 56 16 90 98 68 18 17 80 58 15 36 99 67 49 33 73 36 34 16 22 92 76 60 33 55 68 11 66 6 79 57 6 82 35 62 38 56 89 44 99 93 31 80 84 77 6 1 79 10 21 37 18 36 87 85 69 74 25 13 74 58 22 10 57 30 73 10 26 51 13 65 4 7 86 
66 13 8 93 51 2 55 49 89 27 22 4 91 71 54 39 49 27 35 92 49 42 67 45 13 46 60 90 21 29 71 21 79 19 69 54 68 79 36 97 86 61 51 92 56 27 12 77 98 32 40 2 34 63 82 90 31 89 35 2 4 66 17 64 44 67 68 61 67 66 50 97 48 78 70 24 21 5 17 95 22 82 14 78 79 15 87 92 52 85 40 72 30 79 50 5 56 48 0 21 89 9 41 37 10 61 63 42 82 95 95 25 48 53 13 22 12 31 67 8 81 75 20 96 13 63 76 65 33 32 29 91 96 19 61 42 58 56 84 40 37 29 77 44 18 54 79 45 3 94 64 85 43 92 39 54 25 23 6 64 19 26 97 50 31 75 78 24 17 51 38 67 48 15 9 46 80 96 67 87 78 44 16 16 43 9 12 78 11 97 84 91 14 40 99 50 42 12 90 92 56 16 69 23 96 75 99 67 89 88 66 86 79 25 97 20 51 61 41 37 82 19 90 65 86 58 24 16 23 78 90 36 42 32 81 51 45 18 76 84 79 75 39 28 63 50 35 82 47 9 54 3 60 19 44 50 28 6 24 70 59 42 48 16 35 15 71 44 72 3 96 33 77 34 86 91 31 14 96 78 96 73 41 61 27 52 82 23 19 98 91 89 97 62 25 30 99 81 81 33 17 1 61 95 24 15 74 16 97 91 79 23 29 79 19 14 28 30 81 26 95 17 76 24 93 16 82 60 97 40 6 13 76 82 73 12 47 25 3 99 53 91 36 46 22 45 96 76 39 94 11 62 16 55 63 84 69 79 33 49 62 80 94 97 51 51 57 43 16 11 46 12 13 51 32 26 71 72 34 54 83 44 9 13 40 11 23 86 9 67 38 63 69 67 73 91 27 26 25 21 
78 26 51 68 81 84 97 1 96 40 10 85 87 24 32 23 37 77 55 95 63 81 85 40 45 3 3 4 36 69 15 93 34 87 39 31 42 50 43 81 74 28 7 58 2 90 83 31 17 78 57 29 92 47 63 96 52 77 29 66 52 71 33 61 51 11 57 79 76 28 2 92 7 7 92 41 77 54 31 57 89 98 97 63 4 51 60 18 65 35 66 62 94 80 10 77 85 91 21 0 88 78 30 1 69 52 29 42 98 20 64 36 16 81 96 70 7 20 58 43 16 12 96 11 74 2 98 37 66 33 60 54 11 59 53 21 57 3 92 93 97 2 95 51 57 21 28 87 72 64 37 27 34 30 75 82 56 95 23 56 50 18 21 33 46 34 91 97 4 10 47 87 66 59 72 75 40 99 32 17 22 1 75 27 72 44 88 43 53 26 45 38 96 12 15 98 7 14 92 35 56 81 98 41 66 96 53 19 12 58 64 90 46 27 81 64 60 57 36 51 10 54 49 2 24 42 60 65 5 49 42 10 48 41 30 71 23 62 60 80 90 37 28 22 88 21 2 83 51 2 71 60 56 87 52 94 78 11 21 74 81 82 89 74 51 55 43 48 48 2 68 92 91 17 36 27 45 1 4 91 32 97 52 5 15 2 11 21 40 16 22 33 60 28 8 50 16 69 14 50 60 78 82 32 67 87 97 47 51 57 80 57 61 3 80 88 72 48 7 39 79 98 90 39 45 43 93 67 42 1 37 8 26 38 78 71 11 83 66 42 28 96 80 51 28 43 28 93 11 79 59 72 64 16 92 86 13 44 59 68 50 6 49 66 45 16 19 82 74 45 59 63 40 74 36 85 37 58 75 64 74 75 43 7 86 15 82 86 5 12 34 12 14 7 80 73 98 61 77 91 
4 78 51 86 51 30 53 39 2 91 78 7 19 54 75 65 67 3 84 11 12 23 70 56 69 54 25 62 79 75 84 63 70 3 39 1 32 92 46 41 83 98 59 61 59 48 40 34 19 32 94 18 36 96 78 79 54 92 21 77 21 52 59 59 83 74 98 90 99 50 55 27 64 83 50 64 44 65 27 47 28 43 74 81 13 85 42 79 17 2 96 26 43 32 54 13 58 88 89 88 0 27 19 78 27 58 62 10 2 20 80 93 27 7 61 47 74 97 13 14 78 76 27 93 65 10 83 30 53 52 12 45 9 12 87 4 95 26 82 85 30 15 30 51 37 76 48 76 22 23 17 12 3 63 71 83 17 35 87 87 20 89 47 64 61 33 2 62 50 99 68 73 13 58 60 75 90 82 99 29 45 11 38 29 56 6 72 81 72 57 25 20 17 26 47 38 4 82 25 84 92 88 60 20 76 36 44 92 70 26 57 13 79 8 74 32 58 51 62 89 59 64 52 49 98 70 1 14 91 70 45 99 42 56 22 70 28 46 37 61 39 74 53 72 88 28 69 17 95 34 2 91 28 6 24 92 95 10 85 42 38 5 25 80 85 35 38 76 76 26 88 29 87 52 87 68 25 92 62 41 36 67 65 95 72 69 46 35 39 81 4 41 77 66 32 54 91 17 64 56 16 87 1 54 69 90 43 7 88 40 31 62 20 83 73 94 45 71 34 28 66 67 61 15 4 49 93 97 73 55 61 89 90 25 33 90 9 34 59 17 3 30 4 68 45 11 52 3 37 60 95 53 62 98 80 13 10 32 48 60 4 31 13 87 97 47 76 62 13 93 93 96 84 95 33 48 26 96 82 14 97 38 53 22 71 46 46 55 45 92 53 78 37 29 12 36 82 20 47 11 
1 17 33 34 36 49 74 8 63 59 12 2 10 52 92 62 78 86 91 97 11 40 79 90 64 45 75 49 1 60 16 71 18 63 70 68 16 63 18 14 12 17 68 67 40 22 99 43 42 7 34 49 59 83 64 51 54 65 53 37 26 32 68 48 90 42 73 90 7 5 14 54 50 87 74 6 94 52 13 2 84 62 35 23 94 53 70 76 29 90 9 3 2 22 19 28 45 4 9 78 27 0 74 66 78 74 42 67 81 88 35 47 45 19 98 15 42 98 47 84 58 85 3 21 86 12 67 78 93 4 70 1 23 81 16 71 85 36 65 47 76 52 3 54 77 63 29 7 72 4 67 23 98 88 34 96 65 94 60 97 9 99 89 21 19 5 41 43 8 91 94 5 53 44 96 46 88 13 24 78 65 58 49 55 82 13 15 43 33 36 11 92 13 4 58 24 2 56 98 19 84 7 41 79 23 96 9 38 49 27 80 7 53 77 34 48 59 78 28 19 57 63 5 29 92 76 2 81 90 23 15 93 84 71 8 69 77 5 66 42 31 18 43 80 38 66 82 18 4 98 69 63 64 17 81 31 71 61 41 12 37 93 36 18 32 18 59 60 36 68 53 80 27 79 14 42 34 93 73 6 26 75 20 89 62 51 36 56 77 4 74 21 98 15 19 51 51 26 76 5 62 14 70 32 96 56 53 96 87 9 50 91 10 74 62 77 95 87 12 40 98 24 78 88 1 85 92 61 40 45 52 9 3 25 83 48 63 11 41 5 58 38 53 55 35 40 77 2 94 91 67 69 84 57 94 98 92 99 1 90 5 84 11 46 58 9 73 33 84 66 24 64 67 63 72 48 90 93 40 44 22 62 8 86 47 36 80 44 18 19 48 40 80 3 94 22 47 9 2 67 
78 5 44 72 73 56 6 22 55 46 68 66 30 13 69 85 19 71 46 88 54 88 65 68 8 78 38 59 69 50 24 14 85 91 33 83 23 89 60 74 19 56 95 52 32 59 76 7 47 28 68 83 70 3 64 30 42 56 36 33 43 37 23 89 56 19 52 15 73 75 49 57 33 25 1 19 84 26 27 33 14 79 78 54 90 10 90 96 28 99 20 61 38 91 59 9 60 38 41 30 19 74 0 8 77 2 46 71 2 65 92 61 24 13 11 72 26 63 10 68 15 44 33 71 91 21 26 56 32 65 39 23 32 63 45 20 3 13 18 92 84 68 11 18 60 14 85 27 7 57 61 12 51 67 56 3 32 23 1 67 98 93 98 67 87 86 88 60 69 6 67 49 59 86 43 34 93 61 67 88 37 14 48 91 71 49 50 23 32 66 22 22 9 86 60 35 78 14 65 6 67 99 64 21 80 8 72 89 77 21 13 65 97 90 78 95 81 74 13 9 92 46 32 27 7 61 9 17 74 74 38 42 99 97 78 19 42 59 53 83 60 61 89 65 19 5 40 39 4 49 58 79 84 49 4 42 7 70 3 61 56 41 14 27 93 54 92 56 86 40 82 64 65 6 27 43 26 5 98 35 17 28 10 87 20 11 13 33 64 73 7 99 3 82 22 42 29 48 55 95 6 62 13 22 44 85 80 46 40 75 71 24 1 69 33 26 18 53 55 62 34 44 71 22 25 87 96 26 87 66 92 46 24 68 11 12 56 18 72 41 65 93 35 29 15 53 72 77 50 52 70 20 63 24 59 1 33 21 45 57 42 70 58 65 17 31 40 90 50 30 18 53 28 20 50 84 51 8 18 66 19 73 79 44 4 38 81 10 65 87 15 82 47 40 91 43 39 42 17 95 
7 89 42 9 16 46 67 6 11 83 36 97 75 71 11 88 45 21 46 68 51 8 43 65 4 98 87 32 20 68 26 19 78 10 80 14 43 45 89 35 49 26 60 53 11 41 79 85 56 21 83 31 54 47 14 60 97 90 9 83 69 45 57 11 22 21 73 13 58 12 6 58 37 65 4 35 35 55 57 86 80 87 29 49 97 30 52 34 24 97 7 91 72 14 79 40 14 57 37 1 78 66 8 0 10 86 42 56 25 2 52 3 67 68 83 43 10 60 20 61 83 65 39 19 87 69 14 43 40 63 7 38 66 55 25 81 51 76 69 60 56 46 69 29 48 91 9 85 11 84 38 14 80 30 19 67 17 91 56 5 68 3 39 93 54 22 52 93 30 49 91 29 10 42 20 11 10 90 21 53 78 87 46 1 41 16 97 8 25 65 98 3 35 29 36 39 36 60 66 38 9 73 6 60 65 78 30 10 25 18 59 14 24 30 20 52 10 49 88 45 59 80 18 73 10 31 95 14 73 79 61 66 70 98 20 55 43 19 76 4 4 49 75 40 44 61 71 2 62 15 38 73 49 37 12 55 7 84 80 93 78 76 67 17 36 55 38 50 12 38 27 90 49 27 32 98 29 78 19 54 30 28 12 66 87 40 6 89 50 70 64 12 46 23 41 3 78 66 69 19 43 94 1 49 74 45 72 88 8 40 28 20 5 52 36 80 58 91 61 67 58 33 79 63 55 74 48 22 72 92 87 75 4 71 89 52 40 15 65 28 64 99 28 84 67 40 15 40 64 86 34 77 65 16 28 38 73 15 18 13 59 53 55 23 11 79 82 36 85 15 88 3 79 80 76 68 56 46 35 95 34 70 94 78 13 2 51 75 46 73 51 80 10 97 60 31 70 44 10 62 
53 28 70 52 40 9 81 16 32 85 38 19 31 11 21 68 39 48 9 31 71 29 29 42 30 32 31 59 21 21 86 92 75 98 37 95 51 44 19 57 66 20 38 83 49 2 35 22 54 61 49 8 64 8 4 67 57 83 36 87 68 28 56 25 96 89 79 23 63 20 44 12 81 96 18 65 56 71 96 44 15 97 65 56 60 63 26 31 5 60 65 97 69 58 45 99 99 35 10 69 27 78 77 10 0 52 30 16 37 60 33 51 97 84 41 82 82 70 44 85 1 80 6 77 81 42 48 87 97 31 3 32 26 62 4 34 12 6 36 54 59 91 10 47 77 17 20 35 42 1 85 88 1 87 76 32 77 22 17 89 69 54 12 6 10 74 16 44 3 97 56 50 76 28 93 58 18 27 59 64 86 28 10 45 34 74 24 24 73 3 77 61 27 82 8 3 13 17 44 58 75 30 32 93 22 59 6 28 77 5 59 27 67 26 88 43 73 49 41 28 40 99 80 61 37 42 2 67 35 96 6 88 77 78 74 39 44 57 43 80 1 74 76 86 12 81 76 26 6 93 96 59 98 29 94 36 21 57 20 1 96 50 27 2 90 48 20 85 55 11 17 67 7 54 54 86 43 50 46 56 66 35 27 12 54 48 13 52 18 98 93 75 51 40 54 31 55 88 29 68 35 93 88 73 47 4 13 15 31 4 72 24 10 38 60 7 74 73 75 14 39 78 65 80 15 69 84 57 76 85 71 27 67 74 89 47 71 58 95 69 57 57 73 52 42 2 82 23 35 5 74 11 81 28 31 70 34 69 94 91 4 33 63 13 65 1 54 90 25 3 10 20 32 96 93 63 37 45 37 51 51 68 21 14 96 98 3 9 52 70 40 84 22 57 35 37 47 63 59 85 
86 51 2 34 3 35 95 78 70 53 42 54 59 99 88 70 12 47 53 67 53 32 1 96 87 80 44 25 1 25 32 25 46 78 3 32 58 29 48 1 1 46 97 20 40 17 96 70 87 58 43 5 44 40 7 18 3 91 43 13 51 48 87 89 26 61 60 41 70 15 79 72 60 92 98 48 82 71 25 76 6 8 5 81 51 15 56 52 18 13 11 65 30 67 70 98 30 73 61 52 58 74 2 86 52 0 61 30 62 76 35 2 76 48 35 38 77 51 71 25 16 80 62 88 91 94 51 26 14 62 81 96 86 95 69 8 3 16 74 20 72 36 31 65 74 22 53 32 42 19 62 35 5 74 6 3 80 60 92 83 44 32 58 6 73 15 2 70 79 82 56 47 56 8 13 17 97 21 25 19 18 6 85 10 29 57 96 84 75 22 80 43 52 96 61 81 75 96 34 37 4 96 45 14 51 91 95 85 15 71 50 38 21 92 49 12 46 68 12 40 10 82 25 57 82 93 17 99 86 44 80 36 53 87 68 49 70 66 10 76 25 66 13 81 80 79 79 31 17 1 39 97 42 48 9 11 40 22 73 59 85 22 67 1 46 21 91 27 25 57 10 28 28 83 93 70 22 89 96 8 29 69 45 73 89 41 44 69 35 1 46 96 39 92 68 70 82 59 90 76 90 12 93 72 68 32 44 44 94 66 79 75 89 75 2 71 79 59 55 39 34 31 87 45 43 72 15 45 33 5 55 1 79 4 46 56 25 96 56 12 67 73 80 90 22 22 62 35 60 41 43 69 29 5 89 73 92 68 35 47 99 44 74 51 87 37 55 99 84 52 55 11 11 69 14 60 31 75 64 34 77 66 70 97 62 71 35 34 3 42 71 83 41 71 37 22 52 31 33 20 
71 69 98 62 36 30 51 81 96 14 10 8 40 5 73 67 30 1 79 39 64 4 95 47 63 17 83 39 9 23 13 8 7 50 46 94 2 81 4 53 69 81 34 61 40 81 69 15 73 90 81 14 45 26 12 64 90 42 19 36 33 4 89 54 78 63 67 15 23 87 66 78 16 88 15 86 41 18 39 12 51 22 88 79 92 60 19 50 47 7 62 27 20 29 80 70 49 46 63 29 62 42 46 42 30 61 0 63 34 6 32 49 69 25 3 10 51 25 40 35 68 19 54 92 16 70 42 79 78 88 24 73 27 29 79 89 57 26 89 80 24 24 90 61 94 71 55 54 61 41 91 56 92 12 61 60 62 11 28 1 59 61 56 52 87 3 43 29 48 48 84 90 7 57 46 13 65 31 13 11 85 48 24 23 66 93 74 3 12 26 75 5 76 92 97 30 90 13 90 76 92 68 45 23 2 20 39 10 82 78 55 65 79 55 40 15 97 87 74 49 34 64 63 2 78 90 4 60 19 94 2 46 14 60 13 16 86 24 94 33 45 96 69 42 98 32 52 43 67 23 43 30 1 18 14 38 87 45 85 64 91 51 43 38 47 48 13 10 7 10 48 24 85 95 20 84 74 38 50 82 99 97 71 8 34 15 9 67 69 61 17 68 69 88 56 79 44 6 7 68 21 2 23 68 4 36 76 23 33 61 52 51 81 79 19 97 51 6 15 91 81 95 55 39 90 65 64 50 24 31 67 72 47 42 58 35 92 88 51 63 65 71 16 87 28 50 76 88 48 91 74 20 21 95 61 46 92 12 2 27 39 38 40 10 85 98 65 12 1 91 56 40 26 8 29 18 37 6 35 26 78 10 78 38 22 99 7 19 17 23 71 4 44 3 50 6 35 3 63 11 
3 4 52 8 98 1 3 64 48 10 16 71 95 97 78 8 97 53 90 31 50 95 56 19 63 32 71 73 89 1 5 82 30 46 9 90 50 17 18 73 72 49 64 75 59 75 21 83 77 97 8 77 90 68 59 25 24 86 47 96 12 1 45 84 85 7 8 55 71 12 70 38 29 36 74 13 90 18 9 94 92 12 70 7 20 63 98 88 90 34 27 51 79 5 12 20 12 69 42 42 10 67 71 56 16 30 63 0 93 79 18 12 57 86 22 80 7 13 10 63 49 68 48 68 83 59 19 89 13 90 1 45 71 79 16 8 34 57 25 2 85 99 58 16 52 74 40 80 41 55 56 34 14 59 43 84 74 86 87 12 68 16 88 7 37 77 22 74 53 73 80 77 46 20 81 15 99 11 5 27 48 89 77 68 9 5 78 43 16 57 42 31 10 36 81 86 36 88 90 78 80 88 67 17 70 66 57 45 86 35 41 37 87 1 22 91 96 71 70 2 1 89 76 26 41 64 50 95 31 70 42 94 75 88 39 88 52 52 3 96 29 27 33 70 87 38 10 96 64 22 4 62 57 64 52 88 69 42 1 59 80 18 6 92 34 33 88 81 59 73 48 88 40 65 96 44 13 75 22 34 44 52 24 55 29 77 56 51 61 54 70 73 14 63 86 71 94 61 96 76 42 82 44 75 74 70 64 46 12 21 50 91 28 11 25 66 73 90 67 36 83 16 68 64 53 25 76 82 53 55 98 85 63 56 41 56 46 50 44 92 10 62 79 53 64 8 44 16 90 43 82 66 97 74 29 97 78 86 61 61 52 30 32 9 78 55 66 55 59 93 82 22 14 24 95 1 37 69 60 28 14 98 46 88 59 27 35 63 72 80 73 49 98 29 5 31 58 47 23 28 
77 59 31 60 80 80 90 98 49 26 94 47 26 12 1 16 74 98 22 45 18 77 25 46 36 51 21 17 72 7 4 13 49 8 86 14 53 32 40 80 38 74 70 20 18 60 50 15 58 79 64 98 52 85 65 57 73 52 2 87 62 26 92 27 69 57 43 13 53 19 29 92 70 29 12 25 11 65 42 73 60 66 26 92 67 64 60 47 31 69 36 37 1 19 20 70 57 51 82 98 2 81 2 25 37 62 34 93 0 75 59 67 71 75 35 6 16 47 22 14 37 8 66 72 17 24 71 83 63 96 41 17 97 35 89 93 83 52 47 78 18 60 1 77 68 97 37 38 59 12 73 17 11 51 29 17 2 16 84 75 29 80 43 18 81 40 18 70 37 88 9 72 18 61 22 15 1 59 87 90 68 82 44 28 34 63 48 49 81 48 77 17 3 48 53 87 49 44 95 2 86 33 35 36 29 38 30 14 37 1 44 43 43 60 74 42 17 81 39 57 5 71 57 41 41 72 91 62 48 77 77 82 52 83 69 6 17 47 35 56 10 66 55 90 24 49 4 50 71 39 6 52 1 4 12 12 18 74 74 39 43 41 42 17 83 41 67 90 23 78 55 46 69 32 48 40 82 51 12 6 40 30 49 20 95 26 70 64 24 90 15 35 42 89 19 27 71 13 72 7 35 93 52 37 74 89 18 86 96 72 36 19 96 60 24 14 79 50 42 94 76 52 84 58 10 89 50 96 98 68 74 41 7 63 66 21 27 43 99 34 65 38 65 12 59 30 84 52 41 24 36 46 37 76 88 21 39 8 44 2 19 84 52 18 27 50 76 49 20 79 51 41 82 86 6 9 26 44 52 51 46 50 5 42 98 39 79 16 57 54 6 62 98 74 64 51 3 57 93 33 
92 13 83 42 16 20 33 31 11 48 86 26 74 75 39 26 6 6 64 65 45 15 27 87 8 90 84 8 79 3 80 29 61 91 87 1 88 37 73 40 78 23 94 65 82 62 66 80 79 19 34 35 16 90 91 43 39 30 28 74 18 79 96 84 93 46 81 88 82 87 11 32 76 2 61 10 12 97 53 69 14 64 50 63 88 70 12 74 34 37 18 27 30 66 36 87 7 81 95 20 20 88 65 2 60 76 6 79 75 0 92 44 5 80 77 91 78 88 91 82 42 82 88 77 2 42 12 28 3 71 44 76 99 17 50 17 28 44 17 73 13 22 48 78 66 88 90 5 26 72 7 41 68 16 41 71 7 5 53 13 48 79 61 30 50 23 69 56 89 69 72 23 14 68 81 29 25 86 83 49 61 63 73 7 33 85 50 59 64 16 10 55 54 81 52 59 69 31 90 37 93 37 70 87 2 77 59 82 34 80 9 86 83 8 85 99 52 48 89 51 29 33 21 36 45 31 40 99 47 31 42 64 16 24 37 41 93 88 10 82 32 85 87 57 39 70 83 26 25 97 63 37 61 32 15 67 19 84 45 2 47 1 87 6 2 35 63 10 4 2 23 42 5 47 24 29 34 75 41 16 25 69 99 72 68 93 55 64 71 11 32 21 45 66 30 40 31 77 13 60 20 81 12 90 10 21 81 83 10 65 3 18 59 93 20 97 97 30 38 5 19 78 35 5 21 34 59 80 62 77 84 4 54 78 39 78 76 86 75 28 41 28 27 24 46 51 89 59 4 90 56 9 91 25 67 6 24 38 61 69 21 41 67 68 93 78 73 61 20 62 95 79 46 23 67 51 5 25 37 69 58 20 77 74 90 90 81 67 63 98 13 48 16 5 69 80 29 98 18 12 
22 3 50 28 16 5 8 33 41 65 77 35 74 38 89 95 94 17 32 90 29 68 4 94 43 8 90 67 37 19 45 57 20 87 6 55 5 19 81 68 66 32 11 84 36 10 6 24 43 20 28 48 35 87 34 97 42 35 32 30 4 59 38 95 52 85 55 18 81 83 68 86 80 85 5 9 94 37 71 44 66 10 65 10 23 22 82 34 5 26 74 43 68 15 4 12 76 21 95 64 80 35 92 52 33 35 32 18 59 92 0 9 38 39 61 98 67 58 72 71 91 87 38 91 71 46 25 3 28 45 71 17 92 86 90 16 14 57 17 82 60 22 45 69 77 8 69 42 80 47 41 62 35 76 80 38 47 52 92 64 57 55 3 26 63 30 93 51 88 55 52 44 9 83 13 95 86 30 70 69 31 34 33 63 85 6 42 24 88 17 89 18 55 65 89 87 74 18 74 85 17 72 47 30 49 54 92 27 5 80 43 13 22 2 26 6 82 35 30 74 26 14 19 52 45 96 88 27 86 52 13 57 87 24 49 64 73 48 21 27 41 72 58 40 94 18 66 16 73 94 64 74 3 37 92 5 94 87 25 63 40 73 42 13 87 68 15 95 63 20 90 46 49 82 90 85 24 61 18 11 42 43 58 51 31 67 2 93 30 36 9 54 19 31 66 19 65 11 37 50 45 25 76 58 57 27 92 45 8 57 59 5 54 12 78 85 35 90 29 17 63 28 32 23 35 40 16 43 75 50 25 10 31 59 4 31 97 6 52 72 35 86 65 62 12 5 94 45 54 35 53 46 45 39 86 57 93 42 17 44 98 71 11 87 30 38 2 87 36 73 6 48 46 19 76 39 67 4 63 96 1 73 90 49 36 70 1 98 87 64 95 43 29 18 89 31 28 72 3 17 
76 77 82 52 95 72 90 73 26 89 30 56 54 32 48 63 31 45 6 17 96 56 19 11 56 60 61 20 51 26 31 32 10 97 97 58 99 43 60 54 69 21 60 54 95 10 72 31 89 27 95 67 95 30 90 24 13 54 99 1 56 40 48 73 65 51 88 85 66 89 54 62 33 98 66 87 10 56 84 20 79 76 99 18 65 43 62 11 47 98 75 24 46 91 8 21 66 35 25 36 93 47 61 3 51 2 49 12 67 44 9 0 45 10 91 46 6 28 96 39 98 72 78 6 16 28 83 82 49 83 91 86 29 45 47 89 97 84 68 60 27 1 45 39 60 85 45 41 16 60 3 92 15 56 97 11 79 24 52 90 92 47 20 35 60 47 2 23 83 70 11 85 23 51 14 56 93 60 12 58 55 38 40 16 19 39 41 35 51 11 39 87 4 28 26 49 27 45 84 93 35 25 50 5 42 84 73 7 97 24 70 11 64 32 31 87 84 89 80 48 96 51 34 58 16 59 78 49 34 17 56 2 44 57 93 64 28 95 38 65 95 9 92 23 61 81 6 32 24 98 48 21 82 2 24 56 28 22 8 87 9 18 20 55 10 65 53 3 96 58 75 72 46 2 87 91 49 77 98 10 47 92 79 98 52 53 30 11 81 47 56 81 75 87 24 40 23 56 66 19 5 95 59 7 19 37 92 73 7 42 14 88 75 5 59 45 20 8 69 48 72 51 90 26 24 19 25 53 50 60 45 63 52 11 7 40 13 68 92 88 98 48 23 16 24 9 70 78 27 30 81 31 97 91 51 54 78 75 62 90 89 67 68 47 56 26 75 38 30 55 8 46 48 75 38 44 5 21 83 38 39 44 92 1 56 20 27 60 88 25 42 5 3 85 94 87 86 74 20 45 
8 97 83 41 67 2 86 45 73 40 53 72 76 44 6 28 45 30 72 99 89 69 12 34 76 51 71 44 60 16 66 91 97 68 41 25 1 80 12 55 93 17 61 44 85 84 50 16 15 71 39 84 40 93 45 59 57 78 83 99 27 98 93 91 26 81 58 1 67 51 79 58 92 31 9 95 17 30 5 65 52 62 69 5 27 52 21 39 11 69 7 66 92 82 58 64 66 85 48 16 27 45 24 67 97 76 69 57 71 5 38 45 0 90 74 75 99 36 58 62 5 31 57 9 43 3 48 37 28 46 99 48 76 65 52 84 89 79 40 59 85 39 82 62 42 83 73 29 5 31 63 30 61 21 21 46 36 32 99 57 36 88 32 6 49 6 70 46 98 16 87 1 57 96 98 74 12 80 61 27 84 20 38 24 14 38 92 94 71 85 8 93 90 16 86 97 60 63 54 6 77 28 30 28 75 14 19 59 76 79 73 63 95 21 87 79 10 10 92 42 77 32 38 78 76 99 38 93 71 13 78 1 18 27 68 75 57 63 72 49 15 83 27 7 43 4 32 62 40 72 52 53 2 62 69 55 98 21 56 22 6 37 49 2 73 82 69 70 23 81 58 97 63 3 30 32 35 6 51 61 42 16 61 38 78 32 72 29 70 85 65 41 38 2 10 63 35 10 62 54 90 44 18 12 85 96 10 30 86 87 88 1 23 22 95 14 61 33 73 18 90 54 8 46 34 77 82 39 53 47 8 49 8 9 67 88 27 75 63 15 70 11 75 66 5 81 28 38 80 66 10 37 9 24 68 32 59 47 53 6 45 9 12 79 51 55 25 75 21 57 21 80 72 10 64 54 65 22 75 53 46 43 16 57 84 8 99 84 67 14 12 74 99 66 88 53 3 39 7 72 
78 97 96 72 35 9 37 41 88 86 26 64 78 95 47 94 2 49 8 76 50 94 86 57 97 15 53 97 9 32 22 53 55 50 74 45 45 49 79 22 77 18 53 74 83 41 28 88 13 75 6 57 50 6 25 53 95 31 28 38 91 75 31 68 29 14 77 20 11 65 81 61 40 76 47 75 62 96 86 11 28 41 48 48 92 24 68 55 69 67 76 81 83 67 54 1 1 58 53 81 7 19 13 68 84 48 25 86 75 80 39 10 90 0 4 92 41 70 17 88 16 5 69 63 46 44 27 89 76 92 93 94 26 78 68 24 5 79 66 38 81 44 27 39 35 11 70 20 14 8 4 48 29 43 25 83 79 82 26 19 75 88 84 91 85 26 72 55 62 50 38 6 55 40 99 97 63 52 81 20 57 51 77 12 86 59 46 60 30 84 28 60 90 9 52 62 41 92 98 51 14 92 40 49 2 88 72 43 57 32 29 20 51 80 78 65 74 45 31 15 29 6 8 53 24 43 80 54 71 88 3 11 48 7 13 5 54 13 48 49 53 34 10 10 16 72 30 38 84 65 82 96 79 67 76 34 44 78 65 47 98 3 29 70 50 66 42 27 16 65 92 22 67 96 37 91 87 58 79 82 93 26 76 63 15 39 76 23 99 99 45 51 41 21 78 52 77 9 35 18 5 98 80 35 10 76 35 68 62 63 35 44 61 94 76 98 63 16 4 29 17 40 86 76 12 36 47 10 72 66 79 57 4 72 11 65 39 77 73 96 35 90 14 3 58 39 82 76 2 44 4 30 18 2 22 31 66 59 84 59 49 71 99 99 53 81 72 6 41 34 99 69 84 83 91 38 96 11 57 68 37 4 86 62 57 64 43 31 21 11 89 83 53 61 7 94 51 84 51 9 
73 62 72 46 84 27 67 68 23 22 87 95 61 38 75 19 39 51 39 68 43 52 96 32 66 90 5 90 62 63 36 82 63 6 45 86 60 63 26 67 5 60 25 3 94 42 43 29 93 88 99 57 40 94 61 78 63 86 29 66 47 39 70 68 93 55 63 33 6 37 59 82 6 40 66 53 22 53 4 75 61 43 47 20 38 57 68 47 14 74 51 17 26 48 53 61 25 15 13 96 61 98 11 83 41 35 3 22 35 77 61 91 74 4 0 57 55 36 86 50 89 85 73 12 93 73 33 45 85 95 20 29 69 30 65 57 4 53 90 9 17 14 84 55 81 58 24 9 69 79 90 53 38 50 1 95 83 54 95 50 79 17 56 57 37 49 81 5 12 9 99 33 46 29 39 16 45 91 19 66 69 88 76 27 92 60 41 10 3 61 82 3 70 8 77 9 41 52 79 82 27 18 45 59 38 92 14 41 55 71 43 11 87 69 15 32 76 78 73 82 25 94 67 1 11 55 90 60 29 11 86 54 44 54 66 38 69 85 99 8 97 96 62 98 48 73 80 20 2 66 31 89 17 22 98 73 31 27 93 31 65 3 3 39 14 30 91 13 1 6 51 4 96 10 13 93 28 86 42 94 79 35 22 35 95 53 98 5 98 2 32 91 25 85 23 37 63 81 14 60 84 84 49 96 42 60 22 8 78 95 43 85 3 9 69 41 77 8 47 39 70 40 68 58 61 82 77 14 98 1 78 95 8 78 87 36 41 80 83 73 41 85 55 5 46 59 14 3 53 1 54 24 45 44 98 89 86 78 69 39 37 80 23 75 26 73 72 6 94 19 29 9 85 58 3 50 90 24 52 48 15 14 32 69 57 49 82 69 51 16 86 80 83 4 4 79 46 83 98 15 
76 16 22 95 94 41 74 25 50 46 38 12 27 87 72 91 5 87 9 32 38 35 11 4 88 58 94 74 8 19 65 78 27 85 18 95 49 90 20 25 36 29 98 21 72 29 73 77 30 64 7 67 97 92 44 49 50 3 2 20 44 85 42 70 24 9 70 54 53 28 11 22 3 74 4 94 42 91 90 38 62 82 55 43 23 55 77 3 72 30 22 76 51 1 14 50 37 53 22 70 47 15 72 43 82 38 10 80 6 91 98 46 75 92 57 0 78 25 95 71 11 28 59 18 28 18 11 71 86 60 90 60 74 16 63 36 40 35 53 2 24 98 80 79 91 39 79 52 74 58 36 47 68 63 97 76 5 35 47 59 94 39 24 21 53 24 77 21 33 29 71 34 83 70 31 43 14 6 16 44 36 83 53 64 21 5 46 72 24 86 83 21 41 99 8 80 37 64 42 41 84 49 8 15 78 30 3 60 16 89 12 1 34 4 52 87 73 29 72 31 66 80 54 59 7 65 6 84 60 25 28 35 49 68 79 2 70 80 57 55 59 29 69 60 77 2 28 55 28 15 80 36 30 27 21 40 65 87 9 6 62 71 90 91 80 77 97 37 49 1 74 37 87 34 98 9 16 38 82 73 39 29 69 53 19 63 45 95 49 61 29 57 12 79 85 64 28 19 84 31 55 36 4 20 48 34 88 62 96 36 54 28 7 63 60 17 21 29 9 59 92 4 4 2 4 79 55 91 7 97 95 75 4 80 36 74 45 34 53 4 57 82 59 98 70 95 90 17 82 50 43 36 73 67 16 7 59 15 27 38 61 9 34 31 29 90 32 22 60 76 32 15 23 98 61 27 60 59 75 15 99 52 42 67 70 55 16 98 92 81 94 2 84 81 4 22 35 72 16 34 
77 75 19 10 19 90 12 79 56 45 16 13 7 1 94 85 33 18 60 1 23 42 66 21 49 44 95 4 88 62 10 34 74 47 1 79 53 16 51 62 55 71 73 62 99 63 92 5 87 97 84 21 31 84 1 91 46 18 44 30 42 54 26 99 72 51 29 86 17 88 91 32 88 13 29 60 6 51 91 30 12 26 1 25 88 23 86 5 42 54 83 12 21 44 50 88 1 94 12 7 74 42 26 10 82 77 51 7 16 78 67 6 99 41 55 78 0 10 75 21 44 43 4 64 55 25 71 55 19 53 19 59 64 53 76 82 38 17 12 55 59 37 79 64 49 76 91 42 89 66 87 74 14 5 44 74 42 66 12 94 8 50 56 71 71 34 80 98 95 23 12 20 97 44 36 30 11 92 28 43 47 34 97 13 71 21 15 81 14 18 44 85 37 21 11 17 24 32 66 70 59 30 41 44 12 39 10 15 73 39 36 76 81 86 5 14 79 76 28 62 16 1 11 33 77 98 75 94 3 9 97 14 6 62 33 54 10 63 61 77 68 47 98 37 98 59 4 86 7 31 81 46 2 53 51 45 11 56 55 27 38 47 40 78 4 74 17 48 11 60 86 93 83 96 6 69 2 39 39 78 73 58 63 42 43 31 40 76 5 73 97 4 17 87 57 99 74 82 31 40 31 97 10 19 23 16 5 38 87 43 7 23 40 17 46 93 90 92 95 18 1 83 44 15 19 31 8 89 11 16 87 69 42 58 55 1 6 90 21 14 19 81 59 51 71 86 89 69 77 24 53 28 79 24 48 36 53 35 79 20 4 23 83 37 40 24 57 92 85 48 66 20 89 64 43 91 98 61 4 50 15 51 44 90 39 38 91 61 73 40 91 42 26 42 4 1 92 95 90 78 
44 13 47 89 75 33 36 68 89 89 23 50 85 39 58 74 86 97 94 24 88 28 91 35 2 43 5 11 27 55 82 72 81 74 65 97 39 99 51 74 99 10 95 43 33 17 54 90 41 20 91 5 79 49 87 57 32 66 90 20 8 75 98 3 80 69 7 36 16 12 94 61 37 30 29 5 2 51 44 43 48 35 65 25 19 91 4 57 69 59 40 61 64 10 94 3 99 15 31 20 97 98 63 60 70 51 25 13 47 88 58 28 36 70 36 25 10 0 34 20 81 95 60 44 98 10 74 94 8 85 41 14 33 4 35 19 1 9 2 67 88 6 31 82 96 33 40 77 85 24 56 66 90 20 49 12 62 99 2 77 33 2 81 20 68 36 31 86 89 19 81 36 46 26 27 55 87 43 34 43 9 7 70 90 64 17 68 61 98 61 13 63 3 86 26 97 75 4 67 71 26 92 66 56 34 15 85 18 61 28 24 82 63 52 60 42 41 33 63 94 98 61 87 2 74 92 31 76 53 7 20 93 10 42 62 97 90 3 80 73 7 44 59 12 64 6 83 20 3 20 38 41 6 20 74 96 42 67 39 84 5 44 50 43 43 97 28 32 54 56 26 17 73 33 43 28 20 11 74 10 37 20 89 39 49 90 8 86 22 6 83 51 66 8 65 83 44 26 45 19 28 28 39 60 91 89 92 82 73 68 18 66 97 86 1 55 70 82 62 72 55 58 88 33 94 94 58 73 97 28 65 95 91 92 47 57 29 38 22 1 13 52 15 93 81 82 63 48 94 38 83 82 76 45 9 25 28 64 88 93 24 42 48 17 44 82 68 70 61 31 34 15 77 72 74 51 39 62 62 1 63 61 66 38 68 31 43 62 43 16 73 18 67 82 61 6 71 79 97 19 
21 19 45 47 19 71 43 51 4 84 92 80 68 26 18 80 71 58 72 84 86 18 13 67 58 95 84 33 77 89 81 23 44 73 87 26 25 55 18 15 86 46 71 99 26 25 59 62 17 67 58 57 6 28 31 92 53 58 28 35 51 66 4 24 91 90 21 54 25 7 44 5 2 56 99 80 36 51 1 74 18 47 62 94 93 39 87 55 55 11 5 69 84 21 41 92 54 83 67 58 13 47 10 20 44 71 40 10 22 91 72 96 58 17 86 95 75 34 0 30 93 30 24 34 34 34 64 98 75 68 62 63 18 35 92 64 87 53 59 10 64 61 31 37 22 91 73 44 37 32 45 94 34 25 15 5 5 46 90 93 97 99 1 78 95 81 94 29 22 47 66 36 45 91 91 24 48 1 19 89 93 53 55 99 25 3 92 86 91 81 29 56 87 92 29 45 56 21 75 49 44 69 77 15 79 69 85 43 37 80 50 31 87 21 30 38 62 12 77 98 28 71 10 74 84 54 97 32 68 98 42 37 8 53 56 83 49 74 68 86 13 47 41 87 19 33 15 30 6 24 31 28 33 41 6 87 76 39 96 42 29 7 34 38 18 3 14 14 39 36 24 35 65 44 45 77 2 14 92 3 95 8 63 31 16 24 83 88 15 87 17 66 71 93 34 84 25 81 43 8 58 55 21 75 50 55 3 12 71 38 59 87 55 18 91 67 52 88 79 48 52 86 54 93 7 69 39 36 16 5 16 91 40 90 7 19 92 81 57 36 8 41 68 67 28 89 29 96 65 74 25 17 92 24 46 2 43 36 59 28 15 68 86 4 79 79 13 13 1 21 63 97 93 59 85 14 79 47 36 44 66 94 80 58 98 70 97 97 21 20 73 47 78 32 77 70 9 7 57 73 
31 31 92 59 26 97 40 49 29 69 37 68 78 23 47 37 61 33 94 78 20 27 8 96 81 78 15 2 21 29 43 81 9 82 47 59 21 49 48 87 97 36 19 35 58 10 7 76 4 88 19 41 65 59 16 44 89 20 31 62 24 59 18 50 71 61 68 3 24 99 85 66 67 51 21 20 10 91 2 37 36 9 82 72 47 55 93 49 35 87 94 47 60 32 99 96 69 86 8 43 14 84 68 61 85 25 35 63 14 82 71 39 62 88 50 71 21 20 30 0 62 63 82 96 75 45 55 73 21 11 60 12 92 48 13 17 90 76 37 77 10 85 34 27 94 24 92 94 8 67 99 95 78 1 29 1 64 34 98 64 84 66 38 33 8 90 4 43 53 55 55 51 82 84 21 32 29 89 82 71 52 79 55 22 92 86 87 11 22 1 47 26 37 31 55 98 97 82 19 19 82 95 25 25 12 25 53 15 8 57 61 69 33 34 74 47 15 69 57 87 24 17 47 54 87 68 33 38 28 78 80 91 7 10 12 49 84 34 71 2 97 33 75 23 75 18 62 67 15 93 79 75 1 36 53 64 22 97 21 58 87 82 60 76 1 43 31 97 46 48 86 10 97 5 98 14 24 9 94 30 69 22 25 50 74 72 50 15 90 23 46 62 90 89 77 81 84 33 25 2 3 81 89 43 61 41 82 75 8 26 67 10 10 95 93 35 39 37 54 83 42 21 30 15 50 54 28 40 87 11 54 51 36 24 84 39 88 75 11 65 56 70 23 12 60 36 21 8 87 3 36 29 51 58 14 79 42 47 24 63 52 33 38 83 96 44 54 8 52 63 53 41 38 9 46 25 85 38 51 64 17 24 37 39 16 97 39 6 88 67 21 64 56 96 75 87 66 78 18 76 
37 60 10 22 18 8 53 36 25 68 46 55 34 45 38 1 4 79 98 90 5 65 60 25 53 29 63 98 3 63 13 66 66 9 26 97 31 46 65 96 5 85 28 81 75 58 6 5 79 62 86 77 99 21 65 94 81 58 92 6 19 85 70 16 72 32 25 28 59 63 55 47 7 85 32 72 95 94 98 47 94 1 80 6 91 11 68 94 46 88 94 22 51 9 9 5 70 81 81 16 78 58 15 83 1 16 68 49 37 42 91 98 5 16 89 11 44 81 93 62 0 78 29 8 25 11 65 84 52 97 82 34 95 58 84 63 15 41 90 93 86 61 94 98 70 62 70 88 12 75 85 78 41 61 52 46 42 99 32 56 17 98 62 55 70 45 76 50 41 63 1 52 93 50 93 21 3 71 60 11 94 28 15 31 21 69 29 29 8 16 92 77 42 74 13 99 5 40 14 46 42 67 55 52 77 88 52 46 25 68 76 54 1 76 85 8 56 76 35 55 42 22 39 22 7 53 72 78 19 93 61 57 62 77 90 33 87 4 90 96 48 31 71 2 56 85 3 38 57 65 54 34 97 60 91 52 42 37 6 27 21 52 3 95 36 49 75 58 50 62 26 14 67 47 17 21 1 8 51 46 17 4 29 85 33 50 2 14 83 84 66 33 34 1 10 67 90 58 26 22 28 27 57 29 28 49 27 88 17 49 8 80 80 17 86 7 43 93 56 66 15 98 22 44 70 35 55 35 46 50 68 71 72 97 25 31 40 67 88 43 20 55 70 86 49 90 87 60 32 25 40 95 63 7 88 31 60 1 44 43 77 61 36 12 53 22 75 23 80 43 70 37 98 63 27 91 51 56 28 68 95 77 99 82 17 33 34 98 94 26 40 99 72 61 29 17 75 30 48 13 
8 6 5 55 50 39 94 53 21 71 67 70 92 94 88 13 13 2 83 10 40 51 52 75 46 55 8 76 4 4 57 66 85 86 42 38 97 93 59 56 94 55 96 45 17 60 34 60 97 80 20 45 5 52 45 85 56 69 82 12 35 55 59 57 67 66 42 31 23 46 96 10 24 47 56 93 21 89 71 66 53 71 48 90 49 76 94 32 70 73 69 82 10 96 39 3 86 91 75 12 76 85 44 65 80 80 19 68 8 82 87 72 31 5 85 28 43 95 30 63 78 0 80 65 57 5 11 24 27 23 39 67 77 37 39 33 73 19 79 82 25 76 11 4 25 67 67 4 70 63 23 61 24 21 38 94 56 21 26 43 76 99 32 24 27 43 79 22 72 39 43 16 95 63 88 7 59 60 56 70 37 4 24 23 58 28 35 22 56 40 22 93 68 61 56 19 69 43 37 15 72 76 1 91 68 29 99 67 22 65 10 78 31 21 20 43 21 67 23 45 10 92 8 23 36 3 37 1 61 3 37 13 32 66 63 81 39 55 61 63 1 22 54 93 61 7 82 59 40 81 28 81 68 48 28 49 80 4 12 98 18 25 69 71 58 19 73 7 21 6 52 36 9 94 72 42 39 54 46 71 94 46 12 12 9 95 95 59 19 18 43 90 77 70 75 44 57 80 90 33 86 32 27 32 76 25 5 24 90 40 85 79 20 59 41 55 33 89 8 50 84 18 81 40 43 45 41 76 47 30 96 53 36 94 79 38 13 16 22 91 44 86 71 10 15 85 33 89 83 76 72 65 9 20 2 73 82 37 51 68 28 47 3 27 42 22 44 31 45 8 30 10 71 39 65 48 94 36 25 83 81 91 93 11 2 45 13 21 23 78 59 2 1 78 88 23 89 14 39 37 
46 17 78 1 38 82 85 32 66 36 4 82 52 47 88 24 68 22 2 28 24 54 77 40 96 69 8 96 30 83 78 72 83 64 53 66 17 45 10 20 76 82 97 7 40 72 54 37 89 59 95 7 35 48 62 56 72 10 72 86 23 8 39 87 94 20 58 64 48 43 51 45 1 33 57 17 44 27 18 12 22 76 52 53 95 15 41 14 56 46 5 89 99 42 92 15 20 13 20 96 27 3 33 39 6 62 54 48 66 88 38 78 57 69 73 59 4 60 24 82 29 80 0 26 94 24 93 43 39 77 20 50 95 53 12 58 77 21 22 42 59 60 52 91 22 8 66 76 28 63 51 38 38 31 1 75 49 82 12 67 54 36 42 2 1 25 84 59 93 18 2 38 7 96 30 14 22 34 88 7 9 4 75 99 2 64 76 10 70 93 63 25 91 93 76 13 92 42 15 55 47 58 81 49 10 32 39 28 66 67 55 60 98 5 84 14 26 15 40 19 60 63 57 93 53 88 53 24 24 98 38 48 71 10 8 40 17 13 82 40 17 19 88 38 91 77 25 83 52 58 97 25 10 73 17 23 47 14 58 45 60 46 11 13 5 10 20 12 44 66 67 8 6 84 86 24 83 53 4 35 9 27 44 74 82 64 42 54 91 25 27 39 58 23 90 13 89 96 64 66 8 97 89 83 51 44 24 39 87 25 52 3 54 18 15 20 94 98 20 10 83 33 72 98 14 54 5 7 79 92 6 89 26 33 12 34 10 41 44 41 18 7 99 62 17 47 14 32 87 11 88 98 98 71 4 13 63 60 77 6 33 68 91 23 48 10 43 33 95 41 59 20 13 34 99 44 93 7 9 1 18 1 84 93 86 93 98 61 48 69 16 65 67 72 70 52 18 8 67 37 
69 96 64 20 21 30 21 2 88 35 59 42 37 86 74 98 12 95 67 40 27 84 23 73 22 39 49 96 17 80 76 32 46 95 33 54 17 96 15 41 28 86 79 16 53 74 4 53 80 65 49 47 96 62 51 62 64 8 57 72 83 66 62 22 88 3 60 83 94 30 51 73 1 85 91 67 5 19 37 86 41 21 6 32 25 32 2 82 52 27 92 41 92 74 27 27 42 10 96 11 93 21 71 19 77 88 92 68 72 77 91 6 9 63 12 18 64 44 34 96 8 65 26 0 91 35 37 39 20 88 95 90 24 21 53 92 43 1 66 29 38 83 2 28 98 57 72 77 76 36 34 24 6 68 46 23 56 48 71 33 68 15 76 81 68 73 94 89 53 16 90 84 40 8 55 10 31 16 97 59 79 11 21 4 24 68 92 4 29 86 23 50 52 79 30 61 34 98 35 10 64 62 13 49 99 65 2 48 90 73 35 72 89 69 98 8 22 77 88 33 85 69 36 36 32 26 10 5 9 21 93 39 11 34 2 26 96 96 42 38 17 60 51 18 39 82 13 47 52 85 54 81 47 62 29 8 20 75 71 35 57 77 14 49 48 82 89 13 87 87 42 64 83 80 31 11 28 35 8 32 80 1 25 10 98 50 5 15 7 71 53 17 2 98 69 35 69 75 61 74 80 45 31 71 33 52 1 73 21 85 38 91 59 36 91 42 69 32 86 42 32 13 14 67 88 62 63 65 24 10 30 32 47 44 18 2 22 97 73 16 97 9 84 81 97 28 51 89 97 41 71 50 64 18 85 82 42 82 85 15 13 40 62 64 13 31 30 33 65 42 35 99 49 46 94 27 90 65 99 51 95 20 68 74 71 22 66 97 54 78 68 94 90 82 55 11 32 93 9 63 
58 97 24 20 41 4 74 65 10 25 96 32 34 14 4 10 14 1 43 91 11 22 34 88 90 61 21 79 17 31 15 31 22 54 81 79 44 56 72 13 45 97 12 58 82 86 75 52 22 20 29 8 71 69 6 80 79 87 52 36 18 64 72 78 66 18 30 51 83 95 86 64 10 40 83 38 14 30 28 30 87 40 3 4 88 44 58 62 13 6 84 29 38 91 34 50 26 74 13 74 65 86 91 87 81 91 16 83 17 2 71 16 43 46 93 28 55 98 34 75 25 57 94 91 0 61 79 93 75 11 29 35 83 39 95 99 22 61 72 47 48 37 56 32 20 30 90 65 88 72 54 42 38 31 44 65 46 56 92 99 69 36 98 1 48 57 60 27 6 8 85 36 2 37 39 11 9 79 74 97 85 98 34 75 82 57 49 9 68 6 96 99 18 55 29 15 45 51 4 83 64 10 16 82 71 50 79 49 4 22 57 36 40 97 26 88 73 30 86 75 16 33 48 98 62 81 87 53 27 42 56 67 46 20 90 92 39 18 13 2 4 82 81 39 28 37 51 88 25 14 11 92 5 27 57 37 28 91 25 22 93 68 87 54 55 10 96 10 60 76 16 89 55 78 88 83 41 30 32 98 45 69 77 3 54 52 73 13 40 41 40 88 85 33 13 91 76 65 84 4 57 41 77 43 88 25 31 83 1 67 66 56 97 50 32 18 77 32 79 25 73 95 80 17 95 98 46 91 4 29 42 82 75 8 50 54 91 91 87 70 72 55 87 71 50 3 92 24 33 72 55 3 74 19 70 29 10 61 30 19 52 80 8 84 99 14 94 26 13 44 47 27 65 46 53 30 5 93 7 32 66 49 50 80 57 56 32 26 36 67 75 69 6 6 41 16 56 69 28 17 
83 61 96 86 53 75 8 32 12 62 73 83 84 32 51 47 29 77 99 18 20 9 19 7 74 27 83 36 6 2 70 99 60 45 58 67 28 18 39 15 58 81 11 18 35 6 5 94 87 90 12 5 10 15 49 20 67 93 45 31 14 23 87 76 84 78 54 22 89 99 32 37 42 97 6 38 21 80 56 37 37 15 21 49 29 53 35 19 27 58 7 6 6 61 82 79 35 8 63 2 10 12 21 69 42 94 70 59 24 42 46 28 3 44 73 18 25 10 34 45 11 5 24 35 61 0 91 87 43 55 10 49 15 48 70 45 43 59 65 87 98 14 53 64 46 37 42 79 26 68 88 61 95 87 12 90 39 94 12 99 27 40 94 10 98 30 41 6 31 38 74 69 80 64 37 85 64 37 14 14 14 7 96 38 72 8 98 41 84 75 78 93 39 44 52 5 51 41 41 92 16 89 50 90 25 12 52 67 83 8 16 60 80 93 39 71 95 15 20 17 74 78 47 18 33 66 61 8 72 34 25 93 36 9 67 76 6 39 58 97 54 96 14 22 68 99 23 26 52 6 38 91 90 54 24 86 67 6 34 32 87 9 53 88 14 29 76 1 58 23 47 14 61 62 15 48 66 77 54 65 91 39 43 31 69 67 99 48 18 76 12 91 97 33 88 39 94 20 10 32 22 64 93 79 87 44 67 13 16 61 37 66 72 89 49 81 87 36 22 93 14 35 40 40 44 31 84 6 55 83 80 84 38 6 35 80 78 32 63 18 9 34 84 54 48 86 40 81 28 58 40 53 49 79 95 82 96 27 53 79 91 43 95 79 97 96 40 93 50 56 69 11 23 86 88 75 97 93 91 24 47 72 65 20 88 8 57 2 65 77 15 35 36 40 3 76 96 24 85 83 
97 44 60 28 24 51 53 19 22 88 73 34 41 47 64 87 4 22 47 76 43 10 37 34 8 98 3 54 49 62 21 25 70 26 65 57 93 50 89 83 17 90 12 69 85 16 91 18 19 97 80 93 11 18 5 56 21 48 77 87 60 18 54 96 74 90 18 80 49 91 93 6 30 72 75 10 77 12 10 11 71 44 30 34 49 39 73 27 54 13 96 75 10 38 75 41 64 26 76 98 83 67 26 14 48 51 42 19 71 12 25 83 48 27 33 11 71 74 64 55 65 11 93 37 79 91 0 36 50 64 85 59 79 3 2 51 71 25 84 65 59 82 99 59 82 54 88 61 29 81 40 41 59 10 53 89 34 33 45 21 14 98 15 65 69 68 42 13 75 60 75 79 70 21 81 84 17 71 34 19 45 72 88 73 36 49 6 72 18 68 25 89 95 19 96 69 65 37 80 51 59 41 85 80 57 88 62 92 33 93 8 78 40 37 14 51 86 77 59 3 73 37 77 89 7 9 97 24 8 29 7 6 24 56 35 54 82 61 5 35 56 88 54 17 37 47 94 1 97 80 13 82 62 44 77 25 20 88 90 65 96 78 95 11 30 22 6 74 56 12 35 17 26 17 41 76 32 89 71 77 96 2 99 29 76 65 71 15 73 5 35 58 3 19 18 44 3 39 57 41 23 22 22 12 24 62 1 51 3 95 18 89 89 5 12 67 91 90 89 34 67 67 33 66 53 77 3 72 53 12 77 96 29 62 30 18 10 34 83 73 91 84 6 6 60 47 53 79 13 41 12 93 41 75 5 70 20 14 71 21 90 18 73 87 68 26 81 98 21 56 62 26 29 3 83 32 2 24 46 90 78 18 57 6 70 6 34 92 31 47 84 70 68 67 61 31 78 83 46 46 
14 32 65 98 19 92 70 67 59 74 90 74 14 82 64 76 98 85 60 63 64 13 47 52 1 20 82 43 71 37 93 15 13 93 66 4 50 20 21 32 96 21 93 89 74 29 48 56 12 99 28 14 13 31 3 16 91 17 18 23 31 54 54 43 31 71 65 14 66 1 93 37 3 30 84 24 27 26 29 50 43 97 77 13 10 70 52 93 7 95 43 50 75 79 58 79 31 57 65 37 30 78 56 43 87 26 79 89 83 28 3 82 37 89 45 71 55 94 98 73 84 24 43 39 93 87 36 0 24 53 47 17 41 62 27 98 69 32 90 78 83 83 38 12 88 97 68 5 46 26 39 51 25 77 53 83 24 89 59 59 22 12 78 77 33 14 37 77 17 98 25 36 50 63 3 18 41 91 54 89 41 53 45 47 56 46 25 79 80 79 65 2 53 68 14 25 13 41 63 81 5 83 69 99 73 8 10 48 57 57 38 42 83 69 30 50 62 19 52 62 55 16 87 28 45 94 34 72 5 99 34 91 81 81 97 7 63 32 16 86 2 55 75 99 14 29 98 79 53 59 10 55 59 4 45 41 76 65 66 30 22 84 26 9 62 70 81 69 78 21 74 79 3 11 59 61 55 30 88 90 60 9 85 24 22 66 58 26 18 10 17 69 61 51 46 6 21 9 66 83 4 11 62 10 1 39 1 14 31 43 44 30 29 61 78 3 6 6 38 16 47 43 48 23 5 54 73 93 73 3 73 96 15 1 72 58 25 21 75 84 62 46 3 3 10 66 20 70 31 82 11 65 54 26 30 74 73 63 97 4 96 56 91 66 17 63 44 53 9 85 96 5 75 26 24 84 44 17 91 81 34 97 44 98 39 23 43 57 65 87 78 77 56 56 1 61 86 14 72 90 
11 45 83 22 80 17 58 16 88 21 17 10 65 67 61 75 71 92 59 38 90 17 23 84 15 94 76 79 44 29 11 47 18 41 16 2 92 94 89 30 6 41 96 40 9 12 23 81 83 16 41 62 49 97 71 76 67 9 76 90 65 93 9 26 58 75 99 81 50 17 31 83 66 6 98 95 57 49 46 11 21 39 67 36 8 87 39 59 30 43 66 94 94 53 37 41 1 25 33 66 53 93 32 40 97 14 78 13 63 3 28 49 28 76 85 86 19 8 75 21 52 27 39 20 75 43 50 24 0 56 56 44 82 60 39 68 49 60 93 42 22 84 8 95 40 58 18 47 93 35 43 67 30 52 13 43 89 44 55 55 58 17 26 3 91 15 26 57 50 5 50 18 66 78 51 19 92 60 7 40 27 35 57 67 3 39 34 19 40 40 86 20 97 30 49 48 68 41 15 5 13 10 65 48 8 47 35 44 66 85 38 50 92 34 66 90 9 56 90 78 76 26 98 29 48 8 37 65 20 24 1 55 29 49 54 26 26 17 7 75 86 9 44 51 15 26 47 17 15 94 1 73 20 42 35 47 38 94 1 43 72 28 93 63 66 27 75 99 78 2 40 66 52 25 30 62 99 45 43 64 91 5 5 40 28 9 51 75 48 6 61 77 66 68 36 60 79 52 64 66 18 85 8 29 16 39 93 41 40 70 27 2 31 66 26 53 78 32 92 14 75 87 1 70 70 5 17 17 40 22 33 14 20 15 82 59 99 34 34 63 46 9 66 86 34 74 91 66 19 45 36 9 73 75 72 17 15 43 49 86 16 44 21 71 33 38 72 43 32 14 5 7 8 66 79 22 73 42 3 5 34 31 9 94 51 89 99 7 16 75 7 24 62 54 80 74 62 91 61 40 
24 25 32 95 52 50 63 44 95 77 86 89 52 37 53 6 29 80 58 61 34 74 33 23 34 60 52 39 7 73 8 60 99 8 65 53 6 98 6 45 24 27 92 47 6 55 28 80 38 68 34 44 85 40 72 27 91 12 72 85 67 84 20 85 6 91 74 54 67 67 16 91 57 63 51 35 37 72 60 40 20 7 23 61 50 70 80 82 58 99 89 83 88 80 65 67 49 24 32 33 52 4 65 63 31 62 88 90 96 71 45 83 46 92 95 60 53 85 68 11 97 23 77 88 11 55 64 53 56 0 62 30 90 97 44 63 84 70 7 85 52 66 48 8 91 95 17 69 98 85 82 92 72 80 98 48 35 56 47 83 46 78 96 71 74 2 48 62 20 63 35 2 10 30 65 28 56 52 80 29 58 77 93 11 19 50 59 35 21 40 58 10 81 88 39 48 31 9 37 79 21 6 65 15 92 77 13 7 46 30 50 83 67 63 97 12 66 12 3 42 27 99 87 58 92 26 74 27 11 78 57 4 71 60 57 67 34 56 42 4 12 78 79 92 5 14 90 39 47 19 24 86 39 89 8 32 20 86 18 64 12 43 92 60 66 16 15 49 28 91 88 69 18 64 31 78 10 12 54 3 56 17 71 71 51 7 44 26 49 62 75 60 93 16 56 48 68 97 45 11 60 71 38 31 5 97 18 14 3 76 78 30 4 59 75 8 73 20 96 6 36 29 20 24 6 6 68 44 86 53 13 6 62 43 25 16 89 3 98 60 77 31 23 31 46 57 39 94 64 98 10 82 40 2 81 88 63 72 17 86 14 64 80 35 78 14 52 8 66 71 7 14 48 55 85 38 19 54 25 91 68 74 96 88 75 86 72 72 41 57 41 72 83 9 30 36 25 72 39 55 
82 63 2 19 33 43 90 40 65 73 75 75 74 53 49 70 75 53 16 44 86 26 54 17 59 20 93 88 54 24 31 84 8 63 96 49 16 45 18 3 2 77 99 64 35 89 86 32 27 46 37 6 25 96 32 71 20 84 3 26 57 99 45 60 49 34 16 79 55 1 14 60 27 9 73 85 63 64 87 57 19 1 29 89 75 85 37 28 66 5 23 55 29 43 12 41 74 66 29 60 12 70 39 7 3 81 24 1 41 44 71 91 99 93 20 90 19 41 62 60 82 39 20 95 29 10 85 47 56 62 0 49 93 67 47 23 28 1 91 21 2 2 23 39 20 73 89 64 2 42 4 37 33 11 11 92 36 26 71 83 73 34 57 45 24 96 41 2 69 79 79 27 73 89 33 90 24 81 74 98 84 14 52 4 43 67 82 64 39 73 35 62 4 3 30 9 76 92 16 79 92 32 93 92 45 4 36 82 23 17 80 86 84 31 92 69 91 57 63 25 51 24 79 2 90 40 53 36 60 72 82 76 86 49 54 92 12 29 71 67 78 69 89 57 17 70 47 78 43 51 77 57 77 58 20 30 85 36 92 76 9 13 60 64 49 27 6 58 31 7 52 58 96 69 79 13 60 6 80 33 94 95 3 11 51 49 29 47 19 89 65 13 43 49 38 30 54 30 24 54 48 71 36 71 79 94 96 99 92 34 48 30 64 4 21 66 19 40 90 60 10 96 91 2 6 73 85 20 37 29 52 62 85 98 72 77 72 83 81 92 11 99 97 93 29 28 34 50 72 29 53 96 55 97 6 10 9 38 38 90 95 11 22 55 29 34 1 80 52 46 98 4 20 63 7 78 15 55 68 50 84 53 50 26 76 21 90 58 88 25 23 25 52 89 82 65 1 59 81 11 
8 80 85 68 38 71 84 21 79 59 33 96 7 35 52 43 90 57 83 42 64 64 44 16 79 36 98 24 54 57 48 99 63 66 59 28 94 87 46 33 2 10 4 29 97 89 59 66 56 42 32 53 4 9 29 2 24 18 53 78 43 30 8 16 72 47 67 8 56 58 20 33 93 59 79 76 81 86 86 67 77 16 97 97 62 79 38 20 27 96 38 9 50 59 17 90 29 5 91 54 45 1 23 38 32 96 73 45 17 76 17 86 48 94 29 60 59 14 63 12 34 67 50 90 35 49 59 17 44 30 49 0 59 20 49 40 21 87 82 98 65 33 25 27 5 38 45 29 20 39 20 98 16 83 84 16 96 14 28 91 85 95 29 11 74 17 37 64 84 93 92 82 1 99 87 44 85 71 40 40 77 78 42 25 34 13 33 6 56 78 15 87 92 47 74 37 36 39 97 28 88 56 5 78 72 37 73 74 38 6 79 33 68 75 34 3 53 87 47 51 22 70 63 63 85 2 63 44 72 16 9 33 30 37 95 16 72 37 9 5 81 32 18 58 66 51 91 32 79 36 56 98 21 69 92 60 47 75 65 56 88 72 32 58 93 48 56 66 22 43 52 53 58 74 76 71 40 40 21 63 18 22 64 63 20 70 30 93 8 72 41 23 16 53 87 65 96 58 60 97 98 52 10 91 41 20 38 90 31 26 7 79 18 34 46 49 93 46 42 50 36 62 79 55 97 43 60 71 14 71 42 17 39 15 87 34 34 10 67 47 81 49 77 70 84 11 30 67 47 8 57 17 82 96 62 51 88 18 74 2 53 79 53 12 78 77 75 53 66 95 48 10 40 31 79 74 69 2 70 14 97 17 54 82 42 1 29 99 49 59 75 64 62 40 39 18 87 16 71 78 
25 22 79 36 31 9 17 2 88 56 63 2 57 32 7 4 16 67 44 39 57 12 95 82 68 90 54 13 59 12 34 32 46 15 4 23 54 95 74 73 32 78 32 49 61 58 75 9 42 83 67 55 96 99 71 16 58 11 19 91 10 73 27 91 23 52 82 59 85 16 78 86 39 72 88 86 20 97 13 15 68 60 98 24 25 75 62 25 54 25 10 10 72 72 99 92 28 20 96 11 9 23 32 66 26 86 27 71 97 99 92 29 76 26 69 74 64 33 18 92 95 77 95 24 83 15 79 41 82 90 93 59 0 68 14 20 25 27 50 11 95 13 2 60 12 17 16 91 11 52 5 17 38 84 48 26 14 84 59 44 86 42 71 29 30 94 38 85 94 78 78 45 49 22 56 81 34 3 64 82 23 80 76 81 39 28 51 28 42 8 56 48 69 75 18 74 40 38 83 63 34 84 16 89 3 81 74 42 75 4 64 85 59 70 84 15 14 20 10 64 3 57 42 87 60 18 40 6 50 78 77 89 65 64 16 62 3 9 41 17 64 51 99 92 66 98 96 90 43 14 57 22 57 33 36 20 90 96 78 94 2 95 68 77 73 63 29 98 61 67 26 45 41 92 25 41 92 69 17 89 54 68 25 71 7 13 75 11 41 64 89 90 23 95 14 22 93 91 93 18 98 19 22 92 54 69 21 20 17 28 51 81 58 39 36 35 80 34 82 51 61 37 56 21 10 42 80 46 68 50 43 39 97 87 20 58 87 36 45 23 38 31 14 56 89 8 91 91 26 58 95 42 21 88 64 46 61 28 23 81 48 57 29 74 24 63 22 16 56 20 14 27 6 5 68 14 86 71 35 81 55 60 30 86 91 69 39 45 34 94 3 76 72 25 64 75 73 23 67 94 
75 20 69 96 41 32 29 1 72 16 7 20 22 14 64 34 42 92 11 17 89 48 31 70 48 92 32 5 2 39 4 54 17 56 85 24 18 69 82 65 77 5 69 81 74 10 89 51 82 89 28 97 92 10 96 38 23 44 93 53 81 18 66 61 78 69 15 82 74 47 84 11 17 88 79 17 78 91 79 64 64 62 64 65 64 87 97 63 62 98 32 74 65 62 62 78 60 3 19 59 12 81 63 55 62 95 29 79 35 17 86 45 65 78 30 16 53 4 35 48 58 37 53 21 39 48 3 62 60 97 67 20 68 0 91 82 56 4 7 52 77 87 95 69 34 15 22 70 69 81 81 35 77 81 70 91 17 79 88 34 2 71 88 95 64 13 39 85 35 78 75 15 92 28 83 40 5 30 69 91 79 93 96 88 38 94 9 73 40 77 59 32 58 61 42 55 22 15 71 30 4 85 68 3 38 79 11 54 10 42 25 15 89 75 88 17 31 17 34 36 93 12 66 74 64 87 1 74 67 50 69 37 44 78 79 52 85 19 86 50 89 25 94 71 87 17 18 31 13 78 61 11 99 33 81 17 27 98 64 56 76 69 65 27 70 44 96 64 12 67 13 59 74 10 48 15 34 27 97 84 53 40 87 34 72 34 12 27 84 5 50 48 95 24 4 35 68 76 76 37 68 76 3 41 51 9 40 79 61 93 99 26 70 58 71 81 85 2 7 3 27 16 15 13 22 40 2 78 4 43 93 67 37 54 78 50 90 43 70 26 29 66 2 25 96 15 32 52 83 53 84 37 79 44 76 1 71 49 12 15 72 41 79 8 76 11 61 56 26 13 70 21 94 81 41 1 96 5 72 55 76 7 89 69 53 7 99 51 90 12 5 40 10 11 51 10 93 21 36 84 
93 78 55 30 51 26 46 46 87 83 74 12 60 48 94 77 14 89 61 84 26 20 31 70 54 21 59 95 64 65 4 45 95 38 85 68 64 25 44 60 90 15 49 64 5 65 93 39 59 49 7 13 3 44 80 57 30 58 37 66 13 69 33 15 58 88 45 73 5 86 12 38 25 23 70 15 22 98 77 61 59 72 43 13 65 23 88 85 19 37 2 61 68 82 37 14 16 16 61 53 87 16 45 25 4 69 79 16 89 50 90 47 52 68 65 63 76 35 92 13 84 39 12 53 95 70 2 27 39 44 47 49 14 91 0 3 1 31 22 22 48 18 54 51 32 71 12 83 49 30 93 71 88 77 2 49 11 21 25 63 65 32 67 8 32 56 19 51 67 72 52 64 38 49 45 96 77 32 97 75 71 81 65 97 77 38 24 64 33 94 67 39 34 80 47 93 40 8 88 76 11 50 36 65 40 46 31 6 64 5 52 69 24 69 25 65 75 37 7 90 18 39 16 8 53 72 58 35 46 79 50 10 98 73 71 84 2 16 34 83 38 86 28 20 63 81 40 11 66 94 61 83 30 3 77 63 94 6 3 25 2 60 78 9 61 97 86 70 64 50 62 61 57 49 31 95 50 47 90 95 32 11 49 91 53 4 65 43 96 56 81 52 22 76 98 22 38 27 51 88 73 67 86 71 47 93 80 18 92 95 99 44 4 85 71 32 24 17 61 73 53 53 69 84 5 36 19 92 51 70 40 17 41 27 78 12 95 27 11 69 25 12 82 73 86 61 89 77 98 53 25 25 92 39 74 8 24 90 18 43 40 94 84 35 87 20 71 70 27 5 77 40 82 98 32 2 11 61 25 81 8 77 23 52 37 1 51 5 24 76 88 8 83 76 21 58 30 79 89 73 
21 34 26 23 74 35 83 83 83 42 38 73 31 19 2 21 2 79 59 85 85 75 16 66 23 69 47 1 29 77 55 95 29 67 53 28 22 33 23 74 64 20 78 68 9 87 68 47 93 28 28 62 54 79 50 5 17 86 85 29 45 55 93 53 38 1 52 64 9 92 67 33 43 12 62 66 26 72 96 34 36 39 69 18 90 68 18 7 26 25 3 46 34 46 42 54 21 70 42 21 4 71 20 81 34 8 89 8 93 17 16 89 84 24 57 36 82 19 64 17 63 33 58 92 99 45 51 98 68 63 23 40 20 82 3 0 50 2 96 25 23 36 69 69 44 62 88 62 93 4 7 64 61 97 1 78 45 23 78 89 58 21 94 39 1 21 46 28 27 26 30 88 92 88 21 64 53 3 63 87 38 55 86 44 98 64 47 68 88 86 70 68 23 77 73 94 77 23 62 88 75 83 51 22 74 4 95 46 21 44 15 60 97 62 16 81 41 95 8 96 20 72 40 89 21 79 38 99 35 29 39 19 9 45 73 18 97 45 58 52 4 1 43 21 92 89 85 46 1 32 77 9 5 34 12 28 75 34 43 82 99 52 82 1 68 17 52 6 74 19 40 44 4 48 53 37 81 51 68 45 76 86 77 58 64 49 92 98 87 6 13 7 12 41 26 77 66 27 71 18 86 24 20 92 86 58 16 97 92 15 57 49 62 49 41 22 52 62 5 46 32 71 73 30 83 37 59 95 8 99 56 34 61 64 24 68 69 56 98 23 16 71 63 46 3 95 48 77 66 50 95 18 11 31 36 32 19 23 56 52 46 1 10 79 92 90 23 29 6 92 82 59 56 42 79 71 54 59 91 51 48 28 26 4 15 63 11 98 90 52 83 27 55 62 79 46 58 71 12 45 
33 5 84 57 69 55 82 30 1 64 3 42 46 26 25 58 52 96 51 89 54 26 97 78 95 41 52 90 65 39 85 43 35 44 55 24 53 39 64 1 48 7 27 88 92 94 49 67 27 20 8 34 80 31 50 86 80 61 72 69 18 61 74 24 42 58 89 8 13 97 21 40 3 94 48 88 43 14 70 37 85 15 47 64 57 59 12 14 36 29 28 68 19 36 56 84 77 66 58 57 95 85 3 51 12 3 57 34 83 28 14 97 89 5 4 40 38 1 87 90 15 73 77 43 22 43 71 69 49 84 28 21 25 56 1 50 0 74 31 55 85 54 60 14 97 70 5 94 23 92 68 5 17 33 10 21 8 86 24 14 37 83 71 19 78 28 64 43 71 22 20 11 16 6 77 90 7 3 53 26 55 17 51 94 88 8 28 72 62 70 79 75 38 74 35 74 79 84 63 97 17 12 78 41 91 62 54 30 36 28 21 47 77 77 2 17 34 83 24 76 55 12 74 8 92 8 29 99 39 7 23 82 21 51 13 33 22 11 10 27 63 62 97 42 77 13 81 36 67 44 57 93 46 55 76 29 38 35 73 50 73 13 45 30 69 98 82 73 39 17 59 92 77 1 52 63 61 69 78 41 34 7 17 50 44 65 35 73 22 63 75 15 10 62 40 99 26 39 28 63 3 46 34 15 95 76 93 54 32 5 61 57 58 2 49 69 24 90 47 89 53 49 3 27 67 47 94 62 21 63 61 77 95 36 86 19 21 30 82 41 77 2 4 25 4 71 93 59 61 75 91 9 30 51 78 1 9 94 16 49 67 46 92 31 13 41 55 54 65 13 36 79 49 75 48 39 35 20 77 11 98 41 85 78 52 71 53 98 70 74 83 25 3 31 34 27 40 22 14 81 
13 40 28 11 81 98 69 27 43 28 46 24 69 64 23 2 77 57 67 19 35 43 33 64 58 76 5 43 87 88 89 85 47 65 54 38 88 51 71 93 77 7 85 54 56 11 14 11 75 87 64 7 70 7 10 5 84 31 12 88 22 78 25 33 83 91 35 56 11 81 60 64 48 54 60 80 94 62 65 43 37 20 63 90 55 51 35 97 29 19 88 44 56 14 5 36 81 57 56 3 26 36 13 76 6 16 26 57 52 44 57 84 79 79 53 35 17 9 53 76 41 19 21 1 61 59 25 32 60 70 1 87 27 4 31 2 74 0 86 85 91 50 86 61 22 55 3 48 21 78 49 53 97 90 83 76 93 74 52 40 66 30 10 30 88 56 18 84 75 68 38 65 99 36 91 25 15 14 45 38 99 18 46 63 98 34 81 92 17 37 94 44 93 95 17 27 5 87 34 74 21 6 70 39 10 76 97 52 92 89 65 23 18 26 12 79 82 94 50 17 8 93 61 37 89 46 26 26 87 82 35 58 37 78 35 82 1 28 78 82 49 16 80 3 71 42 51 13 87 54 91 21 44 47 54 74 50 46 21 45 51 98 29 89 29 32 1 29 19 99 81 29 43 18 68 23 98 52 61 82 13 75 33 62 45 85 77 20 25 92 85 73 76 96 48 73 71 28 7 75 58 58 49 22 85 74 97 97 46 83 84 23 94 59 69 55 63 24 69 4 55 50 14 47 10 10 75 17 82 72 98 76 7 50 71 29 24 84 91 51 2 85 57 38 67 25 17 22 65 9 45 26 16 24 88 31 20 36 16 37 43 83 50 81 85 84 7 12 91 67 91 83 18 84 75 87 29 14 22 63 49 83 74 50 71 83 48 90 16 28 32 4 87 68 83 76 95 39 73 78 
66 68 57 43 16 97 68 8 35 97 14 36 58 87 89 67 84 10 65 66 60 44 85 56 18 79 4 56 16 3 78 98 76 85 82 49 33 40 26 1 79 31 83 65 28 6 49 86 58 69 10 44 71 98 57 86 5 85 57 18 77 13 8 64 7 15 36 53 3 70 81 34 95 79 86 84 95 94 34 14 7 29 76 16 43 44 42 1 30 71 89 46 66 96 69 48 42 95 84 92 82 65 18 69 36 74 89 25 47 17 17 68 40 66 90 53 12 2 59 37 90 79 22 66 72 65 84 90 93 7 91 82 50 7 22 96 31 86 0 54 42 39 90 29 41 26 84 52 24 13 89 69 91 30 85 63 30 90 74 18 95 51 93 98 65 6 33 92 44 99 79 52 68 81 52 31 80 45 5 74 36 26 60 21 9 83 7 18 68 84 31 9 99 11 51 22 62 53 94 20 58 50 95 11 72 55 60 5 86 72 9 95 91 44 73 55 98 43 91 15 72 92 37 85 42 85 65 48 31 64 95 5 81 92 9 19 83 37 70 8 49 88 19 70 35 49 89 39 66 85 94 6 26 75 92 25 25 62 86 96 31 36 12 17 98 9 66 73 7 31 59 39 91 16 35 50 73 89 57 89 53 29 66 5 27 85 63 84 79 1 56 10 44 30 12 9 43 18 9 9 8 46 76 37 55 75 26 26 78 3 5 73 94 63 30 74 93 18 25 96 15 28 17 8 83 72 24 32 5 86 56 67 88 45 71 51 82 67 58 3 32 95 63 45 21 89 67 46 44 18 65 80 57 68 95 89 7 89 46 12 8 29 11 75 92 24 71 93 18 43 47 17 12 69 40 38 18 66 94 47 14 45 72 3 57 30 44 57 28 46 57 83 52 16 52 75 84 9 56 69 
95 35 93 73 64 71 62 53 67 83 42 59 20 6 49 80 72 12 34 10 45 98 41 97 17 15 25 95 59 85 87 31 55 18 91 7 73 71 65 7 33 74 64 67 17 79 10 35 50 19 78 61 97 50 23 4 29 14 28 27 93 45 34 69 47 47 75 27 54 28 82 86 99 6 54 9 78 42 74 31 33 35 18 49 30 74 89 17 87 87 92 32 88 32 56 90 55 56 40 93 85 47 92 60 54 20 80 2 78 73 82 60 59 38 9 2 55 67 10 77 93 82 42 29 47 87 65 78 42 85 21 98 11 52 22 25 55 85 54 0 59 81 62 47 35 90 35 73 33 87 11 77 84 18 22 34 85 67 75 59 88 62 61 59 77 80 37 55 96 58 65 51 30 88 15 77 81 69 99 14 9 49 49 85 57 14 92 65 43 59 78 46 34 21 74 95 2 37 97 13 72 30 61 67 9 39 48 69 81 89 57 35 36 46 68 96 91 77 56 34 29 7 30 67 16 4 46 67 71 81 66 28 27 25 47 60 29 76 23 67 5 32 3 36 11 42 15 1 84 56 65 24 85 33 9 15 41 58 34 74 95 52 41 56 63 45 68 99 55 39 87 4 82 42 36 74 96 20 41 65 3 52 41 59 77 27 11 31 86 53 44 5 89 37 25 86 79 62 79 85 31 80 16 11 18 65 81 60 27 78 97 85 98 43 15 17 95 66 88 10 43 60 28 56 89 10 97 61 46 64 33 7 18 36 28 63 35 64 18 39 40 42 41 35 40 77 10 19 42 74 13 5 54 48 43 5 31 39 20 19 94 43 61 87 18 92 91 61 50 35 7 35 60 90 53 17 89 8 10 8 94 50 58 80 27 91 61 35 40 4 30 3 6 76 46 54 16 66 98 2 
61 35 9 32 65 6 84 4 58 90 34 30 83 24 35 78 56 85 68 15 22 81 32 70 7 48 3 42 58 41 39 48 94 72 55 4 16 63 18 53 41 24 75 65 2 85 48 74 38 10 42 88 21 16 34 77 24 49 35 11 27 17 54 70 50 75 2 37 9 56 72 9 60 77 19 28 7 82 6 77 78 58 99 9 5 98 38 30 69 86 82 72 71 49 55 39 7 25 37 97 30 76 84 56 59 72 24 85 18 13 60 27 85 81 17 24 59 88 64 10 86 25 59 38 48 98 59 83 22 52 2 65 95 77 48 23 85 91 42 59 0 44 80 65 18 58 50 52 36 76 61 80 62 26 6 25 82 43 27 85 5 34 23 58 88 85 79 53 57 56 47 62 95 73 3 73 70 36 36 81 4 90 79 35 40 93 46 12 23 94 48 64 74 17 76 71 33 67 12 63 39 3 36 89 44 21 3 50 68 53 72 21 61 55 11 53 60 32 54 77 23 50 42 93 42 95 62 86 14 19 6 88 99 2 78 14 61 17 43 64 57 19 46 44 68 30 19 4 24 77 68 83 60 86 20 62 50 6 34 54 60 67 49 73 9 9 46 97 79 4 57 69 14 63 61 23 53 15 44 33 61 9 7 41 54 69 16 16 90 71 81 44 68 51 48 46 69 2 7 45 18 63 46 93 68 98 76 37 44 71 99 21 92 34 41 4 53 5 86 25 47 37 28 98 82 79 75 90 73 12 47 63 28 77 90 62 61 27 59 42 16 64 17 18 54 64 39 39 22 92 77 1 23 8 62 99 63 59 46 30 99 73 52 41 36 55 36 31 82 95 45 77 41 23 36 27 4 30 5 8 37 93 5 21 98 24 47 32 22 21 52 7 24 11 30 85 7 58 62 21 
25 43 56 13 92 64 70 22 93 72 4 15 32 20 23 62 10 60 53 56 94 55 35 52 34 74 31 76 24 29 65 71 17 19 89 8 20 38 53 99 81 35 18 10 90 4 41 47 55 69 46 46 21 34 59 55 33 10 92 35 93 49 17 16 42 53 89 44 66 34 40 15 36 80 21 32 76 64 91 67 11 26 74 52 32 8 26 68 56 42 83 54 56 10 25 14 83 56 29 2 15 52 68 46 91 36 24 99 60 22 22 1 39 44 14 98 37 6 61 85 61 76 60 83 37 14 82 83 84 66 2 33 13 87 18 36 54 50 39 81 44 0 66 23 57 47 48 85 21 85 36 14 24 46 54 42 89 57 43 21 62 95 45 47 41 6 97 98 85 23 85 2 88 31 7 65 1 64 98 99 71 73 9 7 15 74 7 63 27 50 87 1 53 33 62 85 84 67 98 63 47 99 94 94 52 38 31 17 82 35 93 60 13 86 7 85 48 65 4 23 36 5 93 83 23 75 76 73 73 81 32 73 88 74 63 66 87 15 49 81 21 66 16 53 13 3 87 67 94 41 22 5 27 68 91 18 62 85 76 87 14 29 87 79 91 33 23 99 67 80 65 95 43 58 94 27 78 43 85 57 76 12 47 80 57 63 36 24 97 2 91 87 76 53 48 47 52 15 24 10 98 24 74 84 51 41 74 18 44 95 34 66 21 26 87 54 41 23 26 1 72 24 52 64 63 3 19 90 93 43 73 3 30 2 17 50 10 15 68 19 84 95 84 93 40 55 77 51 98 36 49 9 14 11 92 31 58 74 22 58 11 17 21 74 73 61 42 13 56 9 57 33 57 49 97 70 57 24 97 53 12 94 86 82 15 66 98 51 16 84 93 92 3 78 65 84 97 66 22 24 
83 79 77 83 21 95 39 84 7 74 5 2 71 31 40 78 81 14 59 31 90 83 66 55 95 15 55 92 2 82 52 70 73 83 50 55 76 91 41 90 99 53 51 15 89 84 44 48 98 66 87 24 64 14 53 8 87 12 57 56 61 47 46 75 22 85 47 43 79 81 1 31 34 11 21 50 45 69 86 47 4 74 47 29 64 25 16 22 15 81 57 50 64 81 37 65 86 30 77 95 30 3 11 69 10 31 90 58 1 48 45 45 82 27 84 80 79 31 31 34 94 11 52 2 56 53 99 38 8 48 23 25 2 95 54 69 60 86 90 62 80 66 0 43 2 67 40 13 85 22 84 28 12 17 83 52 89 24 94 26 46 64 66 14 9 60 62 21 83 5 64 89 21 15 75 1 78 52 8 75 36 14 35 18 65 67 63 81 42 70 61 3 3 84 86 81 83 81 95 32 61 70 58 38 29 14 97 76 60 3 31 58 46 95 68 47 69 91 43 74 84 58 85 56 64 68 30 99 59 73 56 49 13 16 92 60 3 13 18 15 51 29 83 50 20 64 91 31 12 61 71 41 37 97 35 71 64 63 63 96 58 78 29 75 25 41 26 34 34 63 73 33 52 96 5 50 12 38 79 25 16 7 12 65 95 61 29 17 43 92 3 65 1 85 84 57 73 19 38 2 26 53 32 82 77 49 35 76 92 77 27 72 40 32 55 69 69 39 2 33 98 32 91 53 37 19 44 83 62 93 57 94 23 75 95 37 84 18 30 52 99 37 35 18 97 60 12 11 83 45 35 30 73 51 92 9 60 29 12 74 29 46 80 48 16 80 92 27 23 64 2 42 96 53 18 9 83 37 25 25 57 9 49 77 88 50 26 23 54 41 88 5 5 4 16 33 23 9 17 73 
98 83 47 8 55 25 75 80 71 97 31 50 61 5 19 79 8 49 48 8 59 39 35 10 16 1 29 18 49 22 89 18 53 38 11 79 57 42 95 79 46 51 34 66 25 2 32 63 73 50 11 54 20 49 33 78 29 83 38 10 15 17 43 84 79 28 57 93 68 87 62 20 80 33 30 91 23 31 98 98 83 48 72 89 85 20 96 19 12 97 92 47 92 59 61 28 23 5 44 51 51 54 18 29 47 65 61 16 77 78 69 39 62 39 55 79 64 82 37 27 98 4 91 28 32 64 59 12 95 8 39 27 60 69 51 69 14 61 29 47 65 23 43 0 22 66 45 66 98 75 56 46 37 73 82 38 27 13 41 84 8 99 72 51 86 12 91 38 75 30 75 59 52 87 20 51 94 46 42 22 56 4 65 59 71 53 38 65 91 23 82 46 63 14 7 24 64 72 26 16 22 74 10 66 50 94 42 29 10 93 33 62 71 41 47 31 13 20 30 24 61 32 78 60 5 48 24 68 23 60 71 7 8 19 75 24 90 87 11 25 33 52 46 85 32 43 76 97 5 81 58 99 28 55 33 49 12 12 48 10 3 46 8 11 16 18 37 12 26 1 94 4 7 30 25 63 19 94 13 43 83 15 61 84 94 33 81 24 8 68 97 5 91 18 57 47 91 19 52 13 76 50 32 44 19 35 80 77 25 99 21 88 26 44 40 93 73 11 94 54 98 15 23 47 7 72 39 45 71 75 12 17 85 29 86 80 82 16 29 10 63 97 88 65 72 49 30 32 81 97 95 56 98 8 44 82 2 11 68 2 58 1 44 59 82 74 54 47 83 97 62 10 30 73 50 37 47 31 9 12 38 79 2 12 6 55 94 23 79 96 39 59 7 88 57 84 15 12 83 95 
3 39 50 88 24 47 64 63 3 61 66 95 76 8 64 86 28 33 91 83 60 20 75 17 49 65 28 1 74 38 66 55 37 92 60 21 66 6 59 59 31 50 64 4 10 34 3 83 62 41 40 18 85 65 86 16 34 61 67 28 8 5 82 96 63 5 65 60 76 89 46 68 82 98 82 38 91 68 40 65 87 4 52 13 16 3 91 3 82 18 83 58 96 61 18 20 94 74 18 57 37 77 60 48 77 74 94 52 68 66 77 60 42 35 81 91 49 96 22 94 70 25 22 98 20 46 82 88 40 91 20 5 12 34 32 44 97 22 41 35 18 57 2 22 0 8 65 44 45 36 35 27 62 48 9 14 16 91 52 15 85 61 33 50 21 78 78 89 17 90 64 87 73 12 53 69 37 71 10 16 1 15 34 69 87 31 71 97 94 13 90 92 83 54 94 75 44 20 85 77 41 9 11 21 62 89 29 98 18 22 8 45 84 75 13 18 37 63 47 78 60 15 42 15 36 90 42 1 86 65 41 49 84 40 24 25 73 10 14 43 33 65 48 53 73 88 5 48 99 59 47 2 59 19 17 59 39 73 99 34 78 78 51 94 68 5 72 82 1 8 89 46 73 49 71 13 48 64 91 77 99 8 92 71 76 55 78 54 26 39 77 8 41 95 95 63 46 34 48 28 41 34 61 10 13 91 67 32 31 54 12 49 93 36 26 3 97 40 76 9 98 99 77 26 98 77 38 39 1 42 26 68 36 82 57 88 37 76 28 73 2 88 4 32 84 31 57 61 13 70 68 56 82 1 26 43 20 95 41 56 33 81 6 28 21 27 74 75 85 2 88 68 75 63 71 37 34 10 24 55 13 5 16 58 62 66 8 47 64 51 69 56 76 95 10 14 65 98 8 73 
93 49 12 9 7 21 73 70 13 90 70 40 34 52 75 51 45 46 24 4 8 7 16 53 53 24 42 46 14 95 55 52 18 76 99 58 9 71 18 97 70 86 63 33 13 6 74 99 48 43 56 33 5 24 30 47 27 67 26 54 66 21 11 60 19 49 96 85 16 86 28 28 98 19 56 82 19 59 41 73 10 6 22 84 17 75 96 80 81 63 99 37 65 33 6 13 16 35 54 21 76 63 14 91 17 22 71 74 97 88 8 85 83 11 58 39 76 33 91 24 62 67 8 57 30 37 54 97 58 95 73 38 17 15 71 62 70 55 26 90 58 47 67 66 8 0 71 39 80 79 44 63 96 9 9 3 99 80 21 81 7 79 49 73 27 71 15 19 7 36 66 85 42 73 74 28 14 1 33 67 35 81 92 38 5 75 34 94 90 68 56 34 1 84 89 9 17 62 9 59 61 51 50 75 4 6 93 33 92 47 35 74 94 32 6 54 50 82 41 31 37 1 61 33 5 32 62 20 96 75 8 44 58 65 64 84 76 65 45 6 9 60 52 75 73 45 8 65 49 93 15 32 4 34 47 70 56 54 13 81 18 6 28 34 46 5 30 48 54 5 75 10 98 27 56 90 55 83 38 96 1 4 79 80 12 22 52 59 40 12 63 95 48 91 56 6 74 5 42 84 80 72 47 39 9 7 27 69 40 40 47 35 72 99 19 53 51 26 9 41 47 24 10 23 37 2 45 19 28 89 31 59 15 82 71 83 71 10 23 66 22 7 64 86 6 78 16 97 52 52 20 6 88 74 10 22 27 52 91 49 3 24 61 59 85 56 13 37 60 66 58 67 87 62 91 91 31 54 70 71 46 5 67 89 20 91 65 97 16 34 74 93 28 74 51 70 4 24 43 63 
99 82 9 62 25 23 13 68 91 80 89 28 18 99 89 86 6 20 15 22 71 5 92 26 95 89 40 97 72 64 20 30 71 93 5 68 73 75 61 38 95 42 46 76 42 64 91 3 58 2 15 24 58 61 58 39 81 39 14 16 71 38 62 9 28 93 89 81 27 28 58 63 83 98 86 67 92 2 8 96 62 38 58 62 96 3 45 94 62 41 3 39 31 66 7 18 54 21 79 28 48 29 85 9 20 53 55 40 37 90 69 45 73 70 24 79 91 40 73 92 70 67 66 72 90 42 88 68 18 17 89 45 16 22 12 88 5 3 84 35 50 48 40 45 65 71 0 82 45 5 4 20 60 1 77 42 61 31 39 55 7 90 89 15 82 43 55 11 44 62 61 69 42 77 46 78 33 50 10 76 64 87 19 1 34 91 76 11 68 21 43 17 17 26 88 83 82 20 29 27 87 12 60 60 28 23 68 21 2 46 4 27 95 89 29 55 48 39 79 97 84 15 9 25 94 96 90 29 97 38 72 92 27 86 20 78 28 98 21 63 61 26 3 1 25 19 14 50 40 31 94 67 97 49 37 61 16 25 1 30 33 23 74 71 42 2 60 20 68 82 21 19 86 77 64 31 34 26 28 57 32 75 95 7 70 29 79 56 30 28 19 90 34 34 76 7 36 43 4 15 94 48 24 68 18 87 41 28 31 53 63 7 45 91 60 36 72 88 62 57 89 77 59 39 60 79 73 87 87 55 38 32 82 9 95 10 22 2 71 31 75 29 43 91 2 57 28 58 76 98 38 91 13 24 7 29 33 10 78 79 33 64 9 52 96 97 57 76 88 51 13 16 88 98 62 13 16 41 57 18 10 33 9 32 87 14 28 53 61 69 96 51 42 63 58 91 77 47 78 2 
11 6 62 24 1 1 35 9 5 89 75 58 79 67 18 17 47 84 8 74 71 94 9 22 18 69 39 54 73 40 3 96 45 19 58 56 70 86 35 86 97 17 89 96 87 88 54 97 7 94 90 35 62 86 79 62 6 13 94 83 70 1 49 84 44 50 97 60 50 85 31 18 20 92 25 60 64 3 34 99 80 74 29 67 97 45 71 9 68 33 24 73 8 45 31 93 7 45 45 87 76 7 27 85 35 32 54 80 38 5 42 41 29 20 9 52 42 77 44 94 88 4 76 77 65 79 61 5 47 69 64 29 91 70 83 62 94 48 52 73 52 85 13 66 44 39 82 0 45 23 34 44 98 63 6 80 64 31 84 26 11 12 92 29 88 1 52 59 8 43 92 94 28 72 54 15 81 35 64 48 10 81 53 75 26 96 74 33 80 22 36 65 94 55 96 93 38 27 90 63 45 15 57 31 79 78 40 51 88 29 71 81 97 70 5 58 84 2 89 54 88 18 14 60 62 51 60 75 84 77 90 68 97 38 49 29 63 5 65 59 76 13 27 36 79 86 30 62 86 65 92 88 62 44 29 13 10 28 7 75 18 25 50 22 96 23 53 62 92 29 45 90 65 80 2 3 23 6 42 57 26 38 67 88 23 66 44 88 23 9 71 62 91 45 79 88 49 51 96 7 34 89 35 67 92 94 89 20 60 99 18 51 93 26 51 4 81 93 76 42 8 51 13 32 70 21 19 95 42 72 39 71 15 98 23 99 82 60 15 23 53 52 68 57 71 29 99 46 2 38 6 10 13 21 51 57 10 43 14 85 73 72 62 33 38 75 31 96 40 36 45 33 36 66 15 50 25 69 49 61 78 36 3 70 2 89 99 47 26 82 19 89 38 63 1 29 16 67 40 83 
55 92 75 35 49 70 25 73 1 23 37 20 97 65 8 2 79 34 32 23 50 58 18 58 53 46 23 15 15 89 99 11 44 31 18 59 19 46 57 88 29 10 11 9 21 44 13 21 27 29 15 28 3 76 86 84 15 45 89 17 38 5 26 4 15 56 39 51 71 92 97 22 8 14 73 76 69 33 9 72 95 55 89 58 3 36 24 37 88 38 49 30 54 85 48 55 45 19 3 72 22 72 7 11 42 42 61 41 59 26 80 16 5 14 69 74 89 85 37 8 12 70 28 76 88 26 29 46 93 98 2 20 11 69 49 93 23 21 24 33 36 21 85 98 45 80 45 45 0 72 75 86 38 99 17 46 87 65 90 1 91 42 51 29 75 45 98 45 34 93 94 10 27 66 58 75 62 47 20 10 26 38 74 46 20 96 70 49 31 69 25 3 46 74 38 21 10 28 65 92 45 66 21 28 14 34 86 58 11 96 40 59 46 54 35 38 39 83 43 20 64 38 37 78 23 70 4 36 8 9 91 15 71 22 46 10 7 26 82 30 94 75 12 64 80 93 10 82 18 82 7 8 18 37 71 94 22 60 87 48 34 6 48 70 49 81 9 14 28 11 4 43 21 75 61 93 51 80 8 94 25 29 64 7 91 4 32 81 18 21 70 95 20 69 57 16 84 35 28 69 26 34 28 94 62 24 93 72 41 69 86 8 56 14 22 86 32 75 89 56 24 93 54 74 84 44 92 74 44 41 86 13 12 79 15 34 1 69 91 44 4 74 8 94 27 29 40 35 65 13 28 7 37 6 51 51 59 81 35 78 19 70 15 2 85 45 16 93 17 89 94 19 89 82 96 10 19 91 74 13 96 96 11 90 74 66 28 23 55 55 88 81 42 94 76 79 82 42 31 1 
97 9 24 95 81 23 84 44 35 35 66 33 1 28 28 22 96 84 63 13 13 4 76 26 31 52 84 17 38 31 54 84 62 60 52 46 47 84 8 44 76 63 47 76 39 61 21 45 29 75 29 72 56 74 95 20 11 8 56 31 43 50 10 47 64 60 22 15 72 93 66 49 49 80 96 4 6 39 99 44 35 94 6 12 70 89 78 23 70 55 15 39 4 93 14 82 86 32 94 64 23 4 57 84 1 19 41 55 12 72 47 60 31 8 79 58 66 24 32 67 75 63 63 36 72 68 81 26 35 85 42 39 52 81 30 4 92 78 13 87 76 85 22 75 36 79 5 23 72 0 5 9 63 22 45 43 14 95 61 64 67 70 43 83 82 12 40 91 7 99 88 16 16 33 38 95 19 28 53 34 89 3 9 86 77 77 96 81 78 1 25 33 48 21 39 4 37 39 81 10 94 83 46 35 93 37 65 34 83 84 6 71 28 7 32 83 75 73 33 93 34 63 44 48 15 4 34 98 42 80 7 71 63 62 7 13 2 79 63 30 33 40 14 17 54 29 66 11 5 93 67 69 26 59 74 94 19 8 27 59 92 45 80 92 78 81 47 78 38 66 52 12 88 76 75 82 13 56 94 38 51 44 53 26 59 34 36 2 40 71 53 72 11 50 60 92 86 62 92 39 27 13 71 54 57 9 19 41 38 91 89 65 15 17 73 3 48 71 85 14 14 42 3 36 49 44 9 63 15 18 27 76 95 45 14 19 45 34 47 98 63 91 53 36 9 97 58 27 30 81 46 2 63 90 54 73 44 27 55 73 81 8 10 91 22 70 9 72 66 43 22 7 5 66 50 94 37 54 81 29 46 28 79 46 96 1 75 57 95 94 4 80 99 32 21 27 37 3 82 50 
83 41 89 4 29 28 35 96 77 56 57 12 83 96 87 58 70 47 78 16 4 91 61 50 3 43 32 97 71 71 64 28 95 35 14 85 55 23 43 15 68 86 77 39 30 44 71 70 3 93 21 38 61 48 4 38 14 6 7 63 2 2 65 71 62 54 89 74 65 33 30 74 97 33 56 89 6 48 93 16 67 3 89 25 81 28 8 73 4 33 11 26 28 54 45 56 42 24 64 37 17 67 61 38 85 62 91 56 73 7 41 3 63 4 90 36 87 56 45 99 85 23 51 34 54 88 40 39 43 82 4 20 5 81 93 7 68 49 89 11 61 36 84 56 35 44 4 34 75 5 0 28 71 55 25 61 70 15 48 13 46 70 4 1 99 87 30 51 93 2 95 54 79 21 74 42 71 11 13 87 57 56 26 76 85 51 63 65 32 35 22 10 21 77 81 19 8 44 5 50 39 3 63 90 39 62 61 19 56 11 58 10 75 28 59 12 67 97 87 61 69 10 21 19 16 16 39 30 32 38 73 55 4 14 60 32 27 93 30 81 67 16 82 75 59 43 77 16 25 51 35 40 35 70 9 49 85 60 56 21 27 26 3 64 19 30 12 63 42 58 7 3 12 24 34 47 67 93 40 51 33 61 6 23 1 91 9 23 30 45 35 58 70 15 55 43 83 38 45 43 24 46 75 86 77 12 9 80 46 54 40 1 24 56 6 98 50 56 44 2 89 9 17 23 63 47 80 98 37 9 67 30 46 98 61 82 23 85 81 42 57 75 59 18 36 55 71 67 96 67 74 10 69 32 44 18 27 38 88 4 4 42 24 15 69 77 57 99 35 47 38 85 97 72 37 48 60 3 51 51 50 20 41 57 3 37 61 37 77 68 4 57 48 79 34 57 69 26 42 16 
87 70 90 56 89 26 23 90 9 8 78 52 42 56 79 23 51 55 4 91 82 91 72 52 38 90 17 83 92 18 40 41 38 75 2 99 15 6 35 91 96 70 18 73 24 97 78 27 27 90 51 48 45 69 17 92 50 56 7 97 98 1 21 18 6 84 28 30 27 73 74 3 93 62 7 81 1 2 48 77 81 69 26 10 23 49 30 33 54 11 50 91 31 86 9 56 89 90 85 27 12 23 12 14 88 35 56 34 17 41 62 92 30 48 53 47 74 66 94 95 78 61 38 24 42 61 41 51 67 92 37 98 17 35 71 64 5 53 69 77 80 14 28 46 27 63 20 44 86 9 28 0 83 46 82 24 88 95 3 45 72 99 12 70 99 30 30 47 34 24 58 15 22 49 88 11 93 54 10 59 33 39 48 20 21 28 52 68 7 89 16 75 39 57 82 3 41 42 98 77 2 95 84 65 15 88 85 29 62 67 99 51 52 67 27 10 33 27 68 18 48 93 28 11 59 99 40 52 9 50 5 13 99 19 25 45 65 61 28 50 89 10 16 35 2 53 53 84 81 85 45 10 16 62 5 62 51 74 66 47 85 75 12 53 18 30 97 95 27 63 9 66 93 57 80 9 62 32 48 79 57 6 24 39 49 8 23 99 77 6 33 26 52 63 41 36 65 35 13 89 51 66 16 74 55 5 61 65 18 84 80 69 59 40 30 49 98 97 61 67 12 94 60 43 13 99 34 99 71 46 88 30 67 94 79 90 63 36 15 63 12 88 88 29 58 11 41 17 83 59 92 2 68 34 35 8 72 52 4 85 53 75 23 51 44 2 40 51 77 67 19 76 53 18 45 89 28 46 86 21 82 3 81 65 9 98 22 32 75 81 71 10 25 1 99 41 71 11 61 49 
71 6 83 69 2 65 90 77 24 38 71 88 68 1 3 17 65 73 19 47 3 10 25 47 51 35 5 59 72 34 47 60 27 65 49 50 72 8 27 69 21 93 18 89 62 12 79 59 6 20 9 41 45 13 77 70 64 76 90 92 10 62 70 49 88 38 71 15 3 5 56 9 21 53 58 54 43 43 14 65 88 74 88 33 18 50 24 81 42 96 33 2 78 32 22 69 89 69 43 34 3 98 51 80 1 5 92 14 11 68 35 15 61 29 38 68 14 90 34 78 41 24 38 6 38 95 59 25 30 72 33 16 38 77 88 61 17 97 91 84 62 24 12 37 62 96 60 98 38 63 71 83 0 43 20 97 13 93 90 14 31 60 29 55 53 40 45 20 17 49 63 75 40 86 87 23 10 25 77 21 62 82 65 1 73 69 90 51 2 22 24 62 60 14 27 38 35 31 59 33 33 64 69 89 30 63 26 33 86 64 46 15 24 44 73 11 42 17 98 90 3 80 96 41 88 80 2 2 77 53 66 49 1 16 56 30 38 26 5 80 73 74 5 55 50 89 35 4 89 4 79 61 6 64 77 41 42 54 7 72 5 23 22 67 8 14 60 31 83 39 55 71 85 57 19 89 61 85 57 93 1 48 33 51 89 97 46 71 54 1 26 31 34 78 2 32 91 20 71 99 31 73 51 64 13 75 73 72 85 76 39 51 58 86 10 45 57 15 75 35 43 9 22 17 74 90 3 70 27 70 12 17 19 88 66 95 30 78 26 58 91 68 40 76 40 17 35 2 15 9 60 4 49 39 23 45 10 90 61 14 78 64 44 25 10 85 92 81 56 45 95 44 4 34 6 17 68 50 14 69 69 43 65 98 46 51 87 19 46 94 16 54 75 52 94 58 43 14 42 46 
67 8 83 16 74 46 41 73 62 99 17 86 86 44 51 68 88 66 9 37 42 6 90 95 57 86 44 93 33 38 41 56 60 88 20 56 59 90 93 11 93 66 26 51 82 98 66 77 45 47 13 16 14 72 91 61 66 72 54 70 54 21 12 99 10 40 1 93 72 59 13 1 41 10 33 18 77 59 32 85 45 92 68 55 39 43 7 93 85 60 50 41 58 61 46 50 23 59 92 30 63 88 67 30 87 74 12 59 51 16 76 56 21 43 50 63 5 20 25 1 61 21 31 68 31 87 10 77 52 80 11 83 84 81 77 97 33 90 30 18 26 46 17 73 48 9 1 63 99 22 55 46 43 0 87 58 63 83 67 65 6 88 94 97 50 90 87 95 20 41 25 11 86 84 4 88 80 15 48 47 84 32 62 90 75 44 83 49 12 96 33 21 7 17 76 45 14 20 47 82 15 45 52 38 71 63 44 94 81 5 66 28 83 27 46 17 50 75 42 18 20 28 24 32 36 31 78 72 14 16 46 93 58 80 83 6 40 62 21 55 16 6 86 75 38 11 84 84 92 84 28 12 71 50 40 36 64 88 58 34 97 45 27 3 17 95 11 5 62 20 56 50 86 2 52 7 89 14 80 73 99 30 37 53 45 1 17 24 52 33 37 70 67 59 14 74 93 54 54 8 34 71 22 11 6 14 99 46 47 8 49 30 16 64 4 26 54 30 49 19 30 26 18 1 39 89 89 30 92 18 70 23 27 17 86 73 99 55 44 45 61 15 36 9 16 68 91 85 48 13 4 59 60 38 85 12 55 11 18 42 25 59 20 75 45 45 76 24 74 41 36 39 34 10 92 37 72 34 46 17 22 40 83 15 79 86 88 72 45 24 49 52 18 75 70 66 23 15 20 19 
72 79 6 25 22 39 88 59 28 1 43 65 63 44 17 38 61 72 45 30 43 93 34 90 91 85 32 95 9 23 59 80 48 48 46 86 43 53 3 11 22 57 3 96 2 94 18 43 44 49 43 83 22 36 13 29 38 94 54 90 62 94 34 84 63 56 7 11 8 31 2 45 5 22 44 40 62 51 54 12 30 80 65 10 56 1 20 65 93 3 79 73 95 43 53 25 59 64 39 75 71 34 56 19 76 6 61 43 29 41 80 97 21 25 1 97 44 49 15 29 52 38 1 46 44 12 53 53 13 98 11 84 48 70 2 1 10 83 85 22 6 54 83 82 9 9 77 6 17 45 25 82 20 87 0 35 35 75 12 87 66 69 3 47 51 55 77 30 16 63 35 6 72 28 57 86 87 6 18 40 34 90 33 87 12 25 2 1 61 31 96 66 16 29 11 13 78 10 11 37 99 90 18 17 27 41 73 71 1 61 74 93 37 85 39 58 63 85 7 87 63 1 78 46 66 24 76 87 77 27 34 91 12 81 94 73 30 18 48 77 44 40 89 60 16 19 16 30 50 14 80 63 69 98 50 58 26 72 76 2 82 78 45 5 17 4 15 4 49 13 5 40 28 34 16 46 98 15 87 75 88 33 63 6 15 36 63 34 67 27 58 3 51 62 12 31 23 75 87 73 13 15 61 52 8 4 21 90 36 75 33 62 62 44 62 32 83 10 80 37 38 67 65 80 47 11 69 33 14 96 1 96 21 31 94 77 20 19 45 81 28 62 65 48 10 52 96 63 53 18 91 77 92 49 55 70 43 78 67 32 13 88 88 57 87 79 55 19 84 79 25 36 4 83 51 53 23 14 87 23 76 69 47 6 78 71 77 79 48 91 41 32 12 3 25 89 56 23 22 24 
49 38 43 95 1 58 76 69 16 76 98 77 35 91 44 61 33 57 94 72 19 57 65 33 67 59 95 47 4 87 10 30 86 46 16 28 62 76 57 47 66 60 28 13 57 19 38 79 58 65 95 16 43 46 58 90 61 47 11 37 16 12 47 4 89 60 96 53 2 72 91 74 10 53 85 47 58 42 94 43 73 65 92 60 89 52 30 25 50 50 7 5 21 42 53 44 23 88 54 82 83 96 3 67 32 3 60 84 17 71 38 11 46 83 95 76 74 12 5 1 46 94 75 23 65 90 89 83 43 48 92 16 26 91 49 78 21 76 63 34 25 42 52 38 14 3 42 80 46 43 61 24 97 58 35 0 36 93 15 77 78 21 48 16 95 39 20 74 81 46 59 26 61 26 88 85 24 44 77 39 44 49 17 84 41 79 91 49 89 45 6 86 81 89 2 71 75 65 31 70 40 98 73 5 41 43 86 24 83 40 11 4 71 38 71 46 72 20 97 10 88 82 20 29 81 1 83 78 44 26 77 29 53 78 76 9 39 2 35 47 21 61 84 52 5 94 57 21 87 21 27 54 95 39 92 13 69 93 26 46 91 35 52 2 88 3 94 64 62 75 25 73 38 57 24 7 66 75 20 15 54 63 74 86 88 68 75 31 42 55 35 93 5 70 84 24 40 95 16 76 24 1 41 95 50 23 55 76 8 75 54 14 24 58 49 47 7 27 30 37 10 33 32 69 46 85 1 70 57 57 14 6 29 5 96 95 62 82 23 94 93 38 1 40 17 35 45 29 69 12 39 42 77 54 59 70 73 20 82 92 48 55 3 12 17 61 54 25 73 31 52 45 33 23 51 13 77 65 89 5 54 73 41 57 93 38 20 51 83 43 19 34 86 29 32 1 26 87 91 93 
55 79 47 63 77 53 78 59 12 74 58 61 25 63 80 79 88 34 90 42 36 99 80 38 66 67 81 23 6 11 6 32 36 52 31 93 51 81 48 10 43 27 17 68 18 71 9 73 24 54 6 87 18 88 52 63 35 72 7 35 66 39 36 6 42 37 91 13 22 43 56 88 33 79 77 56 98 39 14 85 80 27 84 62 26 95 22 61 26 40 37 24 62 26 45 21 51 20 25 56 17 65 32 17 77 80 62 74 2 7 47 79 36 79 83 5 42 62 5 64 42 56 49 56 46 39 34 24 89 35 36 96 14 17 11 45 8 93 30 85 82 89 89 27 16 99 61 64 87 14 70 88 13 63 35 36 0 68 37 43 52 63 47 33 53 98 52 73 17 93 64 33 5 2 76 45 29 14 10 96 8 9 29 17 31 33 3 56 8 52 2 32 56 68 41 75 76 40 13 38 8 3 35 91 16 87 66 42 24 14 63 25 78 79 6 45 68 54 99 39 72 54 36 1 9 54 89 59 10 27 6 1 49 44 55 43 50 4 33 49 13 91 37 77 38 2 56 64 45 87 11 39 27 56 28 59 9 93 5 16 45 64 38 23 86 85 48 60 2 90 77 38 4 81 29 69 52 89 45 24 39 24 25 68 38 8 7 81 70 90 55 72 74 70 35 4 43 1 27 12 60 7 44 21 22 56 35 98 60 54 17 91 11 25 80 8 87 63 78 8 62 92 53 60 11 19 59 99 43 57 75 89 98 99 80 50 23 24 41 67 25 54 56 29 6 17 54 31 27 15 42 80 12 5 49 59 13 42 7 14 87 42 7 78 37 85 79 24 69 90 50 90 78 93 36 53 4 29 53 66 23 85 44 84 4 89 37 46 49 40 9 16 76 44 43 61 59 52 41 63 
16 34 22 27 33 53 39 82 86 64 94 9 98 65 12 81 28 54 68 41 64 71 48 39 87 59 26 8 48 11 16 29 88 84 57 73 6 42 6 90 65 66 38 78 88 98 99 58 32 38 54 75 28 18 71 59 89 18 86 33 13 84 41 35 36 81 70 12 22 14 67 59 58 57 87 10 79 81 5 25 84 42 96 74 96 2 85 3 68 8 11 48 74 34 97 61 54 53 23 95 35 94 23 91 22 60 11 86 16 5 52 24 32 82 54 35 66 99 46 34 99 21 82 48 56 94 33 89 44 56 26 14 84 79 21 23 86 74 90 67 43 57 24 13 91 80 31 31 65 95 15 95 93 83 75 93 68 0 29 36 83 86 76 82 45 25 34 3 29 14 38 40 65 68 98 5 22 98 83 10 88 69 30 13 34 47 68 96 50 62 98 90 44 91 32 74 56 80 93 60 85 3 86 81 95 63 42 64 80 75 36 95 81 57 48 96 45 53 61 57 52 63 43 98 35 15 27 71 11 10 93 37 95 92 8 92 91 93 64 2 23 20 98 80 27 55 2 13 58 19 6 37 23 15 31 78 33 38 83 50 35 34 62 25 86 57 47 7 24 14 48 17 9 18 70 38 77 64 19 70 96 63 1 61 6 42 73 54 73 94 72 70 99 78 7 7 8 29 72 53 75 1 27 90 63 37 23 28 53 39 90 52 25 98 97 10 30 48 49 54 32 30 52 17 38 97 86 19 97 15 85 26 61 50 3 93 37 38 43 25 84 48 12 40 93 67 81 8 75 56 42 99 97 70 90 25 18 54 5 24 77 66 7 2 53 18 82 24 48 65 91 19 35 46 40 3 27 29 1 26 11 89 46 39 99 71 20 83 51 89 37 63 1 47 54 94 1 9 98 13 
6 28 52 99 41 33 76 64 54 58 6 40 73 5 78 91 45 60 26 75 60 92 90 4 6 89 36 37 66 21 73 62 61 7 71 47 68 21 94 88 35 92 25 76 35 81 90 43 14 91 62 47 5 52 30 42 21 71 51 89 85 66 95 89 30 9 44 8 80 57 52 57 64 34 2 15 83 41 16 85 69 57 37 68 95 76 51 24 2 24 29 93 53 95 78 60 11 61 6 23 87 60 1 56 17 92 28 87 84 53 92 52 99 26 95 47 12 2 90 98 32 26 12 71 92 12 45 59 55 47 71 28 59 88 25 78 24 52 74 75 27 43 94 41 52 21 39 84 90 61 48 3 90 67 12 15 37 29 0 87 84 85 21 65 62 77 10 85 81 11 50 38 94 58 73 96 13 84 53 78 6 53 35 42 58 19 67 42 82 88 58 89 4 52 93 12 59 36 64 87 82 62 16 46 11 58 76 25 39 84 77 96 48 82 95 71 42 8 78 37 73 76 19 92 63 8 98 74 57 5 5 91 68 44 23 57 30 90 59 44 79 17 78 80 18 82 21 66 73 60 66 86 3 66 92 19 33 81 21 18 16 27 72 40 86 65 21 11 87 76 82 86 72 62 90 94 85 64 78 54 12 54 91 42 23 33 40 23 78 8 4 45 11 20 87 7 14 94 18 59 18 54 10 18 35 2 46 21 38 40 27 14 30 43 82 53 80 55 29 44 55 75 35 48 25 59 68 40 37 55 9 2 22 67 50 53 82 32 47 8 69 56 15 24 88 35 8 76 87 91 3 91 87 72 45 80 2 14 28 71 79 7 22 17 7 75 55 73 21 52 90 27 77 64 50 21 52 86 82 45 15 25 14 21 2 9 3 40 3 72 93 69 52 93 69 3 56 65 11 74 
18 52 74 48 82 70 22 93 91 65 90 85 13 7 14 1 45 74 88 73 33 30 34 3 15 88 44 55 31 67 77 58 59 49 65 48 64 66 9 14 67 12 79 23 24 99 43 39 44 59 49 5 19 49 70 76 51 31 39 20 50 54 34 41 83 4 48 29 9 45 9 30 30 26 30 30 81 69 91 26 21 4 81 33 56 36 52 97 91 9 67 54 28 49 52 92 78 1 64 56 87 97 67 5 89 83 1 12 75 13 64 90 57 19 50 59 94 77 93 64 56 43 67 33 99 99 21 59 55 83 83 91 44 34 63 89 14 40 18 59 85 21 26 84 15 81 55 26 1 64 13 45 14 65 87 77 43 36 87 0 63 77 37 53 99 22 30 94 70 34 30 42 70 76 90 15 39 45 37 62 76 5 25 22 23 1 22 28 19 75 2 28 85 16 60 41 13 51 39 83 92 62 6 90 55 55 64 70 77 35 36 13 22 90 29 56 79 73 57 44 91 32 29 67 94 59 35 80 23 5 76 8 13 86 24 15 47 90 83 63 82 64 53 49 9 37 82 95 9 67 30 57 19 65 43 93 96 13 17 23 26 93 27 37 9 47 84 58 72 10 85 84 55 18 81 75 88 93 33 55 58 83 84 25 93 83 70 37 35 70 18 67 12 29 73 98 50 38 91 78 70 29 85 7 32 71 86 38 18 67 45 84 23 44 73 70 66 41 60 69 28 44 95 6 12 68 83 42 96 79 58 81 18 3 75 2 53 26 5 83 37 4 82 87 42 80 37 76 51 62 23 20 76 37 65 93 73 32 56 39 58 25 55 88 91 36 32 13 84 51 62 14 43 95 18 35 43 22 94 24 56 89 59 37 95 93 43 44 50 7 20 23 96 10 51 94 5 71 39 46 
43 78 43 88 84 80 16 53 48 40 88 98 51 25 95 38 44 69 21 60 94 53 68 38 12 47 65 96 44 45 99 23 48 54 67 43 74 52 65 67 95 79 97 60 35 10 62 10 87 9 16 16 94 49 57 98 14 97 98 78 53 57 92 16 65 74 40 70 48 35 71 33 82 80 70 42 16 88 45 66 44 67 13 84 80 97 66 95 88 46 54 52 6 24 67 15 42 96 19 50 20 9 98 68 69 44 59 68 29 48 57 92 36 75 79 94 8 33 97 84 17 76 54 68 69 27 14 22 58 46 73 85 86 2 65 58 37 66 95 88 5 62 46 8 85 7 7 11 91 67 46 72 31 6 66 78 52 83 84 63 0 82 80 24 27 46 1 50 42 35 92 38 53 14 96 87 3 87 52 40 12 10 5 19 1 56 66 2 41 14 48 45 39 63 36 29 38 64 9 55 84 98 72 60 70 17 53 50 33 31 96 16 94 41 44 55 69 37 68 65 40 13 97 92 64 75 53 95 52 44 61 44 84 36 89 15 16 40 14 28 74 36 20 32 63 16 60 70 69 72 1 32 80 55 42 55 84 49 2 37 62 26 62 63 51 15 37 58 99 14 43 70 44 12 41 59 85 17 40 65 90 19 3 29 12 23 28 9 41 28 81 87 30 38 95 35 2 28 66 66 88 56 15 60 98 55 69 90 32 34 56 23 87 64 22 37 52 8 24 24 97 98 22 91 39 62 16 43 64 83 70 86 24 79 32 94 8 9 9 20 6 50 73 92 9 9 97 32 5 5 64 89 80 34 90 41 39 63 55 61 90 14 86 49 54 12 34 77 98 49 55 31 26 31 59 83 49 28 39 34 50 99 71 35 86 50 46 63 10 30 3 62 9 25 80 34 35 19 3 96 
21 31 14 36 31 6 56 38 61 15 30 19 64 24 39 77 25 50 1 58 58 45 53 6 43 64 65 25 76 4 16 45 97 81 6 82 39 72 2 41 13 28 23 78 42 69 58 8 67 63 42 2 63 42 57 14 38 14 50 94 75 3 37 54 98 40 64 77 82 69 35 52 69 31 84 57 58 3 59 2 6 45 84 67 16 78 82 55 98 45 85 30 22 82 20 66 23 91 26 18 89 99 93 3 54 32 61 16 80 79 55 47 88 88 17 39 50 2 99 66 98 99 36 15 36 40 98 12 17 78 34 95 42 71 32 21 83 30 51 62 34 95 64 99 61 79 90 12 42 70 70 99 60 88 69 21 63 86 85 77 82 0 21 7 60 15 33 20 58 38 93 58 32 47 37 74 99 53 40 20 7 77 69 94 79 24 11 32 78 43 2 92 54 41 68 48 10 67 39 21 85 51 33 88 14 58 51 7 54 56 18 1 32 22 74 88 91 7 36 65 65 53 34 10 35 36 50 87 29 64 56 1 18 14 75 49 42 87 64 73 99 66 52 26 29 85 49 81 75 74 66 77 56 67 50 55 60 62 37 22 62 57 11 67 35 75 79 21 68 5 54 2 22 98 13 25 88 5 13 70 9 85 20 27 43 42 85 29 51 7 6 91 54 61 93 61 82 15 68 81 43 47 1 81 2 30 25 47 79 99 18 29 29 5 31 50 75 90 64 48 95 78 64 10 95 96 86 26 44 13 30 67 20 88 90 31 59 59 27 18 1 61 7 17 12 20 10 49 76 98 61 93 24 70 35 90 19 14 14 42 69 96 19 21 35 14 89 25 40 36 54 90 89 78 29 9 32 63 13 10 3 37 22 23 6 4 58 22 62 18 41 68 43 78 56 74 66 19 42 12 
49 44 19 17 88 34 69 48 89 23 96 4 65 28 1 81 19 36 38 2 28 87 94 7 79 69 98 92 73 37 22 92 97 25 25 81 57 31 38 41 36 43 11 13 43 34 86 16 11 70 36 91 98 43 52 64 40 13 82 84 84 57 99 66 13 84 77 95 89 86 99 45 80 97 6 31 27 62 97 58 42 60 74 44 50 38 67 94 33 68 87 50 56 27 54 77 64 11 97 21 47 89 98 39 12 58 56 88 43 61 3 20 32 84 56 24 56 81 1 38 62 32 42 76 98 94 15 78 26 96 57 29 71 88 67 94 71 10 93 61 23 45 66 72 33 49 89 92 51 43 4 12 29 94 3 48 47 76 21 37 80 21 0 31 2 96 60 16 61 46 68 16 37 12 80 12 61 1 25 48 22 52 76 10 25 6 32 1 57 31 23 63 52 94 64 14 40 42 55 53 60 62 36 32 89 23 47 87 46 9 8 74 6 82 33 98 24 39 66 61 12 95 29 21 89 74 41 74 68 74 89 65 82 27 20 74 15 58 85 9 9 52 25 53 69 7 82 86 70 86 97 92 57 45 50 9 41 72 11 55 72 84 69 15 92 65 71 77 61 69 3 65 63 2 87 59 18 92 22 80 76 94 44 60 7 31 81 65 91 75 65 25 42 31 73 94 92 99 96 23 62 72 58 72 63 11 28 25 39 63 80 38 74 20 15 34 74 57 9 64 70 28 98 95 35 42 94 96 61 19 81 92 56 89 89 96 67 92 79 4 1 29 84 70 23 50 62 75 2 50 4 72 73 72 8 27 82 95 11 2 81 74 99 18 58 49 4 80 95 63 42 59 73 35 98 22 49 27 13 20 30 73 69 36 49 25 71 53 40 12 42 97 79 32 1 42 53 53 98 97 
23 47 24 88 54 65 83 52 30 27 70 47 34 31 72 82 76 69 72 21 77 5 54 63 15 45 32 75 93 22 88 88 35 17 13 30 24 60 14 39 53 32 37 48 92 54 49 80 11 35 51 66 81 14 51 32 89 23 92 98 21 25 12 46 68 73 63 74 50 22 21 7 62 29 38 15 70 56 43 44 67 94 59 15 15 90 41 81 10 64 51 76 89 46 84 56 75 87 50 33 64 21 67 93 6 6 52 7 18 30 26 35 6 91 57 21 71 20 78 33 55 24 2 81 1 10 65 77 3 71 45 11 29 95 8 39 19 30 98 59 58 47 14 51 50 73 15 29 29 83 1 70 55 97 47 16 33 82 65 53 24 7 31 0 47 5 37 40 13 33 82 56 14 34 79 47 24 71 78 30 33 95 87 78 26 56 84 2 11 37 85 27 29 58 12 30 6 35 86 92 37 8 3 71 59 24 2 50 97 69 77 48 22 45 53 50 61 41 56 16 25 93 46 79 21 28 9 32 22 60 84 24 72 26 24 10 15 28 53 22 3 16 32 68 60 62 6 68 16 84 34 63 97 5 16 17 91 8 47 47 95 63 36 76 45 69 68 41 88 17 95 60 33 4 66 60 29 22 97 16 66 21 85 2 69 20 25 65 95 28 26 49 82 12 42 15 59 58 21 52 86 62 9 36 43 44 48 33 19 14 51 39 84 97 62 21 41 3 81 39 23 6 94 69 83 15 84 94 18 29 59 44 4 36 66 96 22 70 61 84 83 3 84 35 48 22 92 91 49 77 23 19 38 64 55 34 19 4 16 37 72 90 51 26 5 84 93 18 55 93 63 16 9 35 33 83 78 64 63 51 35 46 60 86 98 75 35 36 37 45 64 6 77 32 11 23 98 78 98 98 
14 10 46 91 34 54 69 24 84 16 87 41 60 69 27 8 80 72 87 98 89 37 79 87 85 33 24 40 27 43 34 79 25 14 76 59 48 15 13 32 67 50 38 19 6 12 31 43 33 97 34 70 78 60 98 4 20 5 36 50 63 91 34 18 75 76 33 31 69 47 9 42 29 81 33 49 74 34 73 33 80 11 77 89 50 53 37 36 70 45 51 37 52 93 8 97 73 73 31 46 61 19 87 54 10 73 87 37 81 50 63 60 49 85 37 53 71 68 95 8 70 27 1 68 48 98 69 33 91 74 24 74 30 64 32 1 78 88 65 77 88 41 9 86 21 27 82 88 75 82 99 99 53 50 51 95 53 45 62 99 27 60 2 47 0 52 66 90 37 37 18 14 87 9 29 5 48 7 90 3 73 27 95 81 82 18 1 96 61 31 30 47 13 8 73 94 71 85 62 9 40 62 94 13 69 62 80 89 14 56 69 2 84 52 98 31 36 18 3 30 39 3 66 43 90 8 18 86 90 30 59 92 31 45 84 19 42 4 17 41 78 57 15 35 53 85 20 51 16 77 72 81 91 60 64 94 41 29 48 41 87 69 10 72 5 9 88 51 4 95 78 89 99 44 11 3 83 75 70 68 73 8 81 22 91 96 58 48 16 24 20 42 20 81 27 25 23 85 21 87 8 67 94 33 5 66 2 7 55 33 25 82 36 30 41 61 80 7 97 5 75 4 92 75 21 7 40 39 56 73 26 55 33 59 81 68 9 14 53 87 9 87 96 62 94 32 76 31 16 47 39 91 15 69 52 31 45 9 39 22 90 87 26 37 42 96 8 78 58 25 56 65 30 49 92 50 66 42 22 56 67 10 67 55 26 29 37 61 80 85 73 74 22 91 76 68 8 15 21 88 
98 68 96 79 83 54 12 71 51 82 42 32 36 26 93 61 1 52 74 18 8 11 68 90 1 60 61 17 25 68 13 43 23 15 49 46 81 71 59 67 16 37 14 80 86 90 67 32 29 55 83 43 56 96 69 46 14 21 29 41 51 41 28 78 51 82 21 45 34 6 93 22 20 91 75 34 83 75 2 7 61 13 54 81 98 54 90 68 54 1 11 98 35 32 85 45 75 82 75 34 33 5 86 22 74 15 3 77 40 23 30 47 6 26 49 24 34 36 81 90 45 43 25 73 57 30 68 14 15 2 96 17 94 13 56 21 28 56 6 80 85 6 60 12 78 71 43 1 45 12 87 30 40 90 55 39 98 25 77 22 46 15 96 5 52 0 71 11 28 54 10 56 42 9 19 3 93 54 94 94 9 28 44 37 97 88 68 6 53 52 40 12 27 53 11 7 88 13 68 37 75 4 49 24 62 55 56 61 78 8 28 65 81 69 27 65 45 23 84 70 52 47 2 99 49 21 60 78 54 9 76 95 43 61 97 20 16 92 29 51 65 26 99 96 51 45 4 36 57 50 78 83 82 67 44 80 26 87 35 71 45 92 22 99 4 97 29 86 7 36 91 31 18 11 68 23 60 45 82 55 71 69 88 18 92 34 3 83 3 2 87 29 86 35 24 66 36 3 97 90 9 85 79 76 98 18 93 83 99 99 89 48 59 42 3 12 39 30 3 82 96 86 40 66 68 97 62 65 99 73 81 20 1 47 92 19 77 92 71 29 99 51 8 48 99 95 15 61 56 87 90 22 9 87 49 39 5 48 76 51 87 99 4 3 53 53 41 76 8 48 83 7 21 90 99 16 71 92 71 90 49 39 98 52 58 12 44 54 89 2 68 90 55 18 5 22 48 69 59 5 
54 4 53 88 23 54 37 1 70 77 82 96 20 94 77 93 55 97 26 33 6 87 98 44 4 23 22 57 31 64 54 86 94 60 25 83 67 30 44 89 39 66 80 23 24 44 24 39 81 86 7 13 10 16 92 67 20 75 75 21 27 19 51 64 10 51 87 17 38 69 53 95 88 60 92 75 73 81 72 19 23 62 15 19 70 58 82 12 52 30 81 66 7 79 11 12 10 29 78 91 2 41 88 52 16 2 43 22 18 69 93 2 70 72 81 77 80 31 94 4 76 79 84 94 60 41 42 37 26 48 41 37 38 39 19 46 64 18 33 37 79 97 62 91 78 15 55 52 98 40 30 30 45 87 77 20 52 34 10 30 1 33 60 37 66 71 0 61 47 40 48 89 17 42 39 12 49 30 20 99 25 6 61 71 8 34 15 58 93 72 59 38 6 37 7 71 98 80 73 98 46 63 1 32 17 8 73 37 4 17 97 70 79 96 87 52 62 91 40 78 18 59 58 2 47 47 66 92 29 99 47 96 65 37 54 53 3 87 24 42 47 1 33 14 33 49 1 52 41 91 70 73 63 43 16 55 1 82 10 87 54 80 65 29 94 36 81 36 55 63 48 99 4 3 73 55 93 95 34 83 59 27 19 46 67 8 20 78 86 64 92 16 51 47 26 44 64 63 74 71 93 72 25 32 79 57 43 99 85 3 58 12 60 90 92 2 55 99 3 68 79 93 52 62 37 39 98 72 58 98 30 10 41 3 36 18 26 58 39 83 41 71 55 54 38 80 31 25 77 49 90 68 68 32 8 92 19 29 22 13 63 50 73 23 62 96 35 33 74 57 42 41 67 47 10 69 29 83 26 59 34 96 83 64 99 94 11 63 98 51 28 85 7 99 42 20 57 49 19 43 
85 68 34 58 4 13 58 24 39 93 52 43 7 51 95 24 47 7 33 2 88 84 58 25 60 8 74 54 78 43 49 44 97 93 41 99 49 35 67 68 88 45 80 65 20 75 24 50 16 4 10 50 7 12 95 61 51 37 99 48 36 64 95 1 78 88 51 12 62 53 80 77 57 43 66 14 8 22 28 7 31 82 42 49 29 86 98 53 15 86 74 80 45 37 93 50 49 70 24 97 62 43 60 93 44 70 29 74 70 56 51 23 46 55 5 21 98 86 29 43 50 22 59 89 27 6 13 77 57 62 2 64 85 85 51 28 43 84 92 55 53 98 21 38 89 19 11 59 45 91 51 47 20 95 30 74 73 3 85 94 50 20 16 40 90 11 61 0 72 51 50 21 60 20 50 3 77 91 66 28 77 35 69 96 47 78 75 4 76 39 56 4 65 37 48 17 42 42 89 13 75 58 56 80 45 57 45 75 46 4 38 1 87 76 70 36 95 19 51 35 13 15 44 37 26 23 20 98 97 53 31 38 56 98 27 1 51 50 84 55 64 10 11 85 8 80 94 39 31 16 35 8 51 90 16 68 71 71 98 75 15 32 79 81 81 20 67 58 16 4 26 86 15 70 11 80 56 55 83 91 88 86 9 9 32 57 15 89 42 69 39 60 25 28 90 33 67 97 18 83 91 72 42 53 78 11 89 20 81 47 90 82 63 91 87 1 82 79 74 48 17 24 23 12 50 88 65 21 7 1 11 62 74 88 14 29 66 64 58 88 79 15 22 16 97 41 43 51 97 77 94 41 98 23 6 46 94 20 14 15 56 74 54 19 59 9 12 32 9 75 63 58 54 39 53 90 45 40 82 41 85 31 35 6 45 26 36 51 44 6 7 72 62 28 76 36 21 24 91 88 
11 55 55 25 35 81 28 23 84 27 47 63 24 68 89 13 95 85 91 87 43 23 81 95 72 26 25 29 51 68 76 80 23 87 1 95 23 36 33 14 10 75 32 75 65 76 26 15 55 82 56 11 71 90 59 88 3 43 1 14 17 17 59 10 73 46 3 81 74 90 77 1 5 70 89 73 51 4 58 52 33 41 9 60 32 38 39 44 79 2 50 64 32 96 73 39 95 25 17 4 50 8 69 30 3 79 48 53 37 89 88 83 98 62 12 33 95 89 22 53 41 72 93 53 6 31 75 17 50 20 69 84 94 35 67 27 71 75 44 96 57 85 83 75 17 7 44 8 34 7 93 34 17 20 16 81 17 29 81 70 42 58 61 13 37 28 47 72 0 1 26 35 69 54 73 86 44 74 57 93 34 71 10 50 20 21 11 33 81 65 43 26 20 17 59 69 37 12 1 42 26 59 2 85 74 2 62 61 58 5 91 20 78 22 90 21 52 20 92 8 76 29 86 47 50 20 26 22 16 75 35 75 58 50 83 30 27 2 95 82 34 36 53 64 9 86 39 14 63 81 29 91 11 27 63 25 66 26 92 9 30 69 83 92 59 35 99 20 1 46 73 48 31 16 24 13 89 78 66 40 97 76 64 47 32 1 17 69 34 97 35 36 75 97 21 48 85 61 3 95 31 23 30 74 31 55 13 85 91 34 58 31 70 68 60 38 44 30 5 24 49 95 94 23 53 59 29 84 58 35 22 22 88 55 77 31 71 74 61 14 44 80 57 59 3 81 2 7 99 22 79 91 81 91 92 20 12 30 56 48 18 94 58 30 34 55 48 83 59 67 17 57 17 71 73 76 16 76 26 26 66 13 39 22 87 95 10 83 43 28 92 36 69 57 91 8 65 48 57 65 
97 98 15 56 50 97 80 88 75 50 59 24 97 3 55 51 2 5 32 82 65 55 54 67 93 81 12 39 43 17 44 62 5 22 87 65 32 21 16 82 18 24 63 62 28 82 96 16 36 1 43 44 77 91 61 7 99 45 83 10 66 72 66 49 4 21 77 84 86 7 79 73 7 28 30 77 10 18 76 61 84 59 9 80 59 38 92 24 53 53 29 69 90 78 4 41 20 50 51 10 99 91 6 49 97 82 48 73 88 69 55 70 16 50 9 29 23 19 47 55 63 39 18 16 8 38 60 98 5 63 79 93 78 78 72 26 22 68 99 58 56 23 5 30 90 36 62 43 93 99 2 24 49 41 63 46 93 14 11 34 35 38 46 33 37 54 40 51 1 0 45 4 11 27 21 74 42 5 82 28 14 5 74 15 28 57 12 99 62 22 7 30 27 29 96 43 96 72 45 84 83 1 21 3 4 62 37 54 11 92 95 97 57 61 71 55 32 77 12 3 68 51 3 83 23 79 61 45 30 69 24 65 77 74 76 34 51 19 41 69 55 42 45 38 80 86 74 91 96 59 19 90 72 62 86 61 48 38 90 8 76 60 67 48 7 17 40 3 72 7 95 54 10 64 49 33 84 98 12 23 31 80 59 96 71 11 2 62 54 32 17 80 15 57 12 29 3 26 44 46 10 25 47 88 73 37 53 52 55 79 13 31 35 73 18 39 44 54 77 93 42 31 50 27 99 15 63 79 46 50 11 89 67 66 16 48 23 80 5 6 15 82 3 49 82 86 72 33 59 47 4 99 27 67 48 55 94 74 78 15 26 44 98 90 59 42 88 27 94 35 2 2 59 65 94 31 74 63 36 7 98 99 31 25 96 79 7 57 35 80 17 61 97 49 56 85 51 77 89 88 
56 64 58 50 89 34 2 60 96 89 40 17 61 99 17 16 20 24 99 35 78 50 28 36 49 78 98 94 94 94 34 48 23 18 86 57 66 97 70 13 89 72 43 53 49 4 90 54 78 65 72 78 96 10 65 9 57 74 72 50 19 58 7 99 6 77 18 22 48 45 83 84 54 34 45 53 97 13 17 70 99 27 6 89 70 67 51 2 17 98 86 70 25 27 79 93 73 9 38 47 68 94 67 91 56 56 84 80 9 72 52 11 87 38 99 71 12 81 66 55 1 43 2 90 85 74 75 25 50 35 79 92 78 75 52 30 20 38 79 65 47 85 64 75 64 66 61 92 94 88 95 58 63 25 35 59 64 38 50 30 92 93 68 82 18 10 48 50 26 45 0 57 8 82 30 64 76 55 19 34 87 81 15 52 30 48 86 19 98 77 37 78 14 84 25 93 73 98 40 33 23 75 96 6 11 28 27 52 75 26 58 97 86 43 4 35 64 1 84 24 95 14 3 42 62 57 80 31 87 16 10 73 74 92 44 99 65 45 21 95 16 48 33 77 59 75 19 17 65 41 36 41 90 44 20 10 16 70 4 57 97 35 99 86 54 19 70 30 52 68 49 57 77 66 83 32 20 22 74 71 37 4 3 76 4 6 39 93 44 12 43 7 31 21 3 27 80 17 97 71 34 45 81 70 40 87 65 75 82 50 71 75 2 55 79 83 45 76 98 15 56 18 5 90 98 80 18 87 82 55 23 80 73 19 29 67 48 10 10 21 76 22 14 71 72 70 70 74 61 38 25 34 51 80 65 23 76 56 99 86 83 39 97 41 43 78 86 26 83 21 58 46 66 79 79 16 29 59 69 49 62 6 87 99 83 33 32 39 65 52 95 28 81 72 60 87 34 80 74 91 
62 81 62 53 71 52 13 9 48 33 84 89 19 86 63 64 71 22 64 47 74 85 99 88 10 66 25 95 2 31 34 84 15 18 1 45 5 53 54 44 58 77 28 99 55 95 43 12 20 6 22 15 98 59 42 44 86 15 48 1 51 4 2 44 67 62 80 73 55 66 24 50 45 61 40 58 43 71 36 64 27 79 79 24 94 52 51 1 22 57 32 5 54 4 34 8 86 32 67 87 73 5 49 29 50 47 90 77 72 23 44 85 1 6 33 34 20 36 36 51 52 16 38 84 36 69 79 36 18 2 27 82 45 15 64 88 11 65 52 51 62 2 89 59 87 85 69 94 10 16 54 15 75 11 6 26 33 40 38 42 38 58 16 56 14 56 89 21 35 4 57 0 30 44 39 71 43 25 1 81 93 21 31 85 33 13 78 62 64 7 27 15 24 74 57 1 71 20 80 48 81 69 44 68 97 76 97 28 12 26 14 18 56 1 7 80 9 73 26 27 61 73 88 49 79 16 13 76 77 94 58 40 38 29 79 94 74 97 97 20 74 61 30 71 58 30 15 10 55 33 7 35 29 42 35 35 93 93 89 76 71 8 67 8 5 92 31 42 11 67 99 35 18 55 47 31 86 30 37 89 20 88 5 53 20 43 87 5 37 34 30 19 28 93 36 25 30 26 37 47 59 3 37 58 48 97 66 91 28 48 9 3 35 94 95 42 6 62 1 68 61 52 11 91 14 17 45 49 30 80 39 27 74 93 48 86 21 44 99 45 44 6 93 2 58 12 54 43 57 80 49 93 80 52 57 36 91 73 54 50 74 75 12 93 38 67 39 1 44 12 15 94 6 80 80 19 17 97 6 63 30 16 17 84 6 48 21 25 88 40 23 80 84 88 33 72 62 5 76 13 
57 29 41 25 38 56 2 3 6 26 16 32 97 57 74 9 71 36 10 41 46 4 47 87 8 89 8 70 24 45 20 58 16 31 47 66 50 26 31 67 16 61 18 44 64 41 28 61 58 12 75 27 9 13 81 9 80 10 16 66 48 21 34 52 63 88 33 45 28 57 82 19 55 66 24 47 66 8 55 39 78 99 46 92 40 70 39 40 53 47 13 18 63 75 84 21 26 19 48 66 13 53 59 10 76 56 7 46 18 14 9 23 57 55 46 83 97 46 45 82 93 95 7 40 2 80 70 50 66 10 73 1 49 92 38 92 16 99 68 30 95 88 21 52 73 42 42 28 27 16 79 22 40 86 72 61 5 65 94 70 53 32 37 14 87 42 17 60 69 11 8 30 0 95 59 72 46 71 17 42 6 15 91 12 79 22 14 14 77 30 19 94 77 7 9 39 89 82 69 35 73 87 46 36 8 75 98 58 72 40 74 61 3 95 43 40 80 91 35 30 81 22 22 79 50 5 26 48 39 67 6 6 19 8 1 27 81 9 95 10 96 86 77 5 32 66 47 37 63 70 53 45 83 72 60 55 50 88 56 49 1 49 12 98 74 63 94 22 43 79 90 16 8 56 87 36 24 61 76 78 30 16 70 58 17 28 28 62 89 24 47 34 94 47 29 98 6 76 34 23 18 70 16 56 71 93 62 83 18 68 48 46 97 11 84 96 49 36 32 22 49 60 75 38 24 14 39 87 13 76 73 11 28 70 56 80 23 4 21 57 11 27 95 71 90 82 75 98 62 28 16 4 60 31 94 6 4 16 72 82 25 8 34 20 86 63 23 85 99 69 28 40 57 26 35 63 66 50 50 22 39 23 96 69 66 50 36 53 73 12 12 71 30 77 25 79 35 57 96 82 
90 38 73 16 34 81 9 19 60 99 76 98 63 19 57 3 35 60 33 22 4 54 54 64 24 32 43 3 11 76 91 34 53 43 23 35 54 6 39 13 9 98 66 62 6 86 57 33 57 65 14 74 40 78 87 95 29 52 27 30 3 43 50 90 91 19 75 45 19 79 48 23 2 22 83 21 32 30 53 63 21 21 80 11 93 26 42 82 87 26 58 95 60 10 18 95 33 59 15 59 58 44 86 42 28 8 57 20 61 68 83 51 96 40 29 70 44 26 91 84 50 63 96 8 37 64 21 63 78 30 89 99 22 28 49 88 6 36 81 88 73 31 15 87 12 73 77 72 66 33 21 49 86 84 28 26 2 68 58 76 14 47 12 34 9 9 42 20 54 27 82 44 95 0 37 20 7 27 50 44 45 66 69 49 18 80 70 93 67 33 87 87 42 17 17 61 64 47 21 19 69 54 49 29 6 71 81 75 6 5 1 28 29 96 22 19 41 92 29 75 48 66 99 71 45 34 12 15 39 17 50 12 17 52 62 65 7 84 15 56 20 43 44 54 49 88 10 39 71 42 97 18 57 11 50 89 52 35 92 41 27 36 77 59 87 68 31 22 58 51 42 32 64 12 19 16 70 21 42 95 47 1 72 11 99 48 84 30 25 5 65 4 78 53 56 76 67 30 7 64 74 85 12 42 49 29 23 22 57 4 88 87 99 17 27 84 94 90 16 19 1 20 49 49 12 85 98 22 90 23 19 94 10 92 31 52 17 48 53 34 86 95 27 28 5 94 99 5 6 76 11 30 74 67 6 84 94 23 68 35 84 99 50 18 12 25 42 91 6 79 31 76 80 22 41 45 86 47 97 35 66 58 92 51 22 92 52 80 26 91 77 34 70 26 46 27 96 8 58 66 
22 65 66 68 13 55 90 4 12 53 94 76 10 13 54 43 63 40 67 65 70 27 56 17 23 53 90 42 12 80 34 37 2 29 76 19 40 54 28 66 11 88 58 86 35 96 28 64 83 40 25 60 46 77 72 14 12 33 37 6 70 78 74 89 56 96 21 29 44 27 48 90 90 55 22 50 38 85 74 80 7 13 87 15 80 16 23 69 27 76 80 95 33 81 2 88 90 79 9 72 60 96 43 20 93 13 46 81 22 81 13 14 98 99 39 31 36 27 91 21 93 88 30 55 39 37 81 3 51 65 33 87 56 83 45 21 77 91 52 15 3 7 75 20 53 74 46 54 58 38 74 88 87 4 57 88 76 98 73 90 96 37 80 79 29 19 39 50 73 21 30 39 59 37 0 99 91 17 96 29 31 67 6 31 46 90 36 10 11 21 37 23 39 13 60 48 1 48 12 92 53 86 45 62 62 2 37 17 97 43 52 50 1 2 19 8 11 17 22 49 37 42 64 65 67 61 43 67 85 93 65 85 30 53 49 78 9 30 87 91 43 61 54 38 73 52 6 70 84 26 79 51 10 30 27 51 99 81 95 37 95 31 19 27 4 52 73 96 16 69 83 82 74 33 8 38 39 49 51 85 81 42 9 47 68 3 55 20 82 38 35 55 41 43 58 1 20 21 26 60 94 7 86 42 25 84 55 64 75 14 21 83 37 55 6 83 39 95 54 54 6 60 56 3 95 41 58 28 22 40 57 13 67 3 3 18 26 95 19 54 52 8 9 46 95 42 61 98 27 43 67 70 60 94 67 4 13 44 22 24 86 39 89 58 12 9 13 60 84 3 38 15 76 1 71 27 61 42 93 86 85 45 57 52 20 34 73 24 80 56 54 4 81 64 97 16 56 49 50 26 
97 38 23 74 38 13 64 15 36 61 94 84 24 25 40 18 10 67 69 89 77 33 70 95 99 3 66 33 7 43 85 74 36 6 52 22 37 12 18 67 73 35 99 61 53 44 16 99 46 78 7 44 51 39 73 61 82 35 96 35 84 3 82 76 89 19 11 93 74 53 28 68 4 83 24 83 9 11 3 73 86 68 41 33 59 92 43 25 16 53 5 73 96 6 61 49 40 91 46 75 75 46 34 11 58 17 13 15 15 29 95 56 74 97 16 43 30 55 24 32 21 7 14 10 11 85 84 18 19 28 90 44 81 40 96 64 90 25 31 77 73 65 1 51 69 28 78 15 75 95 42 11 23 88 86 85 45 5 96 15 87 74 12 47 5 3 12 3 86 74 64 71 72 20 99 0 28 66 55 95 25 47 21 9 87 85 6 84 10 52 85 5 24 74 38 33 40 20 60 11 78 61 97 41 21 67 33 9 12 69 30 95 85 23 54 88 12 12 44 6 95 79 74 34 82 44 64 42 64 70 89 54 65 56 31 97 93 38 55 4 92 88 6 98 39 87 77 15 18 28 36 84 76 86 51 59 91 65 53 60 59 47 60 91 28 90 73 96 63 55 99 74 25 27 20 71 15 27 59 55 45 69 95 99 12 29 61 1 86 58 23 35 53 88 13 40 9 46 63 69 22 59 20 20 37 24 16 60 95 19 28 17 86 99 89 75 5 75 90 48 90 88 89 62 75 61 27 25 66 66 38 73 29 70 45 52 80 6 25 27 12 87 39 44 57 22 36 90 33 92 88 69 23 22 18 96 33 13 30 95 57 73 22 41 63 57 32 35 70 84 5 40 15 77 40 28 58 81 13 44 51 50 70 70 9 79 62 45 94 41 62 20 62 19 60 18 36 50 34 34 
84 94 3 47 80 86 91 80 52 78 53 7 41 38 19 16 5 61 77 19 97 1 20 28 7 26 59 62 77 79 43 80 20 83 61 41 74 8 97 89 50 60 98 95 48 54 87 81 66 53 87 67 4 33 48 17 29 70 14 77 12 95 69 16 41 57 4 23 99 28 83 22 33 7 82 19 27 25 36 2 49 57 43 5 7 73 21 86 85 89 18 86 43 39 50 28 78 52 80 40 90 88 93 10 18 97 65 99 1 25 86 93 12 63 45 14 11 87 48 29 3 59 22 31 9 64 17 41 92 56 24 85 34 5 77 53 7 15 80 81 70 1 78 94 37 14 33 81 62 19 71 93 10 80 87 24 29 22 13 39 3 99 61 24 48 93 49 77 44 42 76 43 46 7 91 28 0 64 43 25 59 40 63 20 22 65 26 89 87 77 34 37 80 44 77 76 84 65 35 41 1 25 82 18 88 54 48 48 47 99 62 21 38 43 25 36 38 60 96 83 36 33 20 82 97 41 22 61 12 53 21 98 5 96 12 56 39 15 29 85 26 39 69 77 65 22 61 6 59 46 92 37 21 60 97 17 62 28 74 60 6 57 48 18 89 31 77 47 22 86 68 7 14 92 85 69 2 26 48 90 5 80 30 11 77 44 56 3 24 57 91 5 70 91 23 89 54 30 33 20 4 38 52 73 47 94 61 96 40 69 73 93 77 96 23 97 57 11 73 42 24 77 9 9 8 71 75 18 47 78 13 45 91 89 98 52 48 6 2 72 92 1 28 93 37 58 47 47 74 85 66 69 89 23 64 39 58 98 38 35 63 4 5 65 5 87 20 3 3 88 71 63 92 18 77 72 78 81 20 9 76 16 90 83 13 57 84 95 48 48 77 7 54 41 43 57 38 38 23 87 
26 19 87 21 66 11 16 68 85 6 57 19 77 70 65 51 63 34 65 18 99 16 73 44 33 5 79 59 4 3 78 50 36 90 24 26 28 50 43 29 77 66 14 26 3 81 11 44 28 28 31 32 93 21 99 98 53 42 39 55 78 43 24 32 93 98 51 51 6 60 56 92 96 55 90 47 74 9 26 23 65 62 9 36 68 14 35 51 81 44 82 53 77 56 43 24 66 31 96 99 82 13 61 90 27 21 31 11 59 86 30 60 80 52 91 6 92 43 1 89 71 60 34 16 79 37 71 91 60 52 81 71 3 30 32 3 3 14 45 69 36 64 52 46 71 1 50 35 47 28 11 54 25 15 6 44 14 98 84 45 87 53 1 71 7 54 30 91 74 5 55 25 71 27 17 66 64 0 75 74 41 76 75 5 36 26 91 27 26 60 64 34 42 94 10 57 24 63 76 17 39 18 18 44 61 33 36 13 76 12 5 13 42 2 70 65 95 86 80 85 13 15 51 2 33 79 20 79 96 64 51 71 15 39 13 31 11 27 16 99 3 37 7 24 7 79 28 35 96 81 24 26 18 12 65 29 9 85 9 72 34 44 1 38 21 48 24 32 63 96 67 94 91 80 95 2 96 34 10 55 94 51 47 91 47 38 27 46 21 12 38 6 49 60 2 74 86 17 44 50 36 32 37 61 54 97 67 41 4 86 70 35 20 45 9 89 20 69 21 70 67 29 30 23 75 63 66 17 2 93 24 83 29 90 1 11 36 90 44 55 7 22 61 43 53 29 66 53 65 65 41 50 37 5 58 93 23 24 6 5 54 67 60 90 83 84 81 82 14 64 22 51 19 11 79 61 59 62 49 37 17 14 68 70 55 84 54 69 26 63 5 85 15 21 49 33 67 64 29 10 
15 79 2 67 7 82 86 35 74 47 26 46 98 65 79 26 49 9 35 51 27 79 91 11 88 67 59 88 20 77 74 66 60 21 50 73 17 13 79 60 88 41 4 5 26 26 56 44 92 52 82 49 66 36 75 75 40 4 47 83 89 41 80 34 80 91 35 76 26 38 8 51 31 90 82 59 86 92 82 75 86 37 57 40 32 52 68 98 98 61 61 83 30 78 24 53 20 50 67 32 99 24 67 21 59 25 13 5 87 83 70 12 61 81 19 16 28 34 19 82 60 56 88 97 74 14 34 54 7 80 74 40 64 69 97 63 53 45 5 99 36 98 8 42 10 33 10 64 20 53 13 10 77 48 18 77 10 83 53 37 52 40 25 78 90 94 20 66 57 82 19 1 17 50 96 55 43 75 0 16 69 39 48 22 4 49 74 84 42 63 97 33 68 22 34 56 73 11 40 43 10 19 40 32 73 61 20 4 5 51 41 72 61 96 31 9 40 7 81 80 69 70 75 90 91 54 60 88 82 57 45 53 7 22 94 39 28 54 40 33 73 21 35 27 57 14 29 5 8 42 93 50 58 31 1 35 79 14 33 82 55 95 66 16 79 23 34 98 46 75 57 97 83 35 37 12 92 81 74 61 84 82 26 30 55 24 26 35 16 9 25 41 52 52 11 69 52 91 55 57 3 91 26 41 72 60 83 34 48 14 24 96 60 86 46 15 28 10 35 63 4 10 33 30 38 32 53 43 53 72 34 17 25 65 89 68 76 46 57 86 50 15 4 54 1 90 34 14 60 5 57 67 81 62 76 96 56 58 50 12 62 63 19 49 87 10 53 95 54 28 15 59 49 13 71 55 67 96 15 16 22 82 22 70 36 54 48 59 78 19 66 65 30 52 87 84 76 3 68 45 
14 71 73 95 80 79 81 82 13 65 80 65 7 59 69 64 47 4 2 17 54 54 90 83 69 87 13 96 70 39 11 12 81 36 4 71 33 82 27 58 88 36 1 72 22 26 47 37 65 36 70 12 57 19 75 88 63 23 14 14 21 77 45 90 64 42 61 94 58 94 91 53 51 23 71 43 65 99 63 46 61 48 12 50 95 60 2 15 33 24 94 86 23 47 15 97 69 12 87 17 29 78 88 53 64 19 11 27 90 49 69 58 27 20 66 44 43 43 89 71 11 70 7 59 97 14 19 89 40 29 98 40 82 91 75 87 26 38 74 14 81 99 75 22 16 67 76 48 10 34 87 59 21 47 40 39 96 10 78 62 40 20 48 30 3 94 99 28 93 28 34 81 42 44 29 95 25 74 16 0 33 77 94 5 37 27 11 84 49 22 56 46 3 27 59 65 20 18 81 91 5 98 91 42 78 32 56 81 7 77 74 59 5 85 35 81 22 74 68 72 69 13 86 34 13 18 39 12 31 98 11 27 56 73 54 11 14 88 26 77 49 40 84 55 18 52 38 92 40 55 73 28 72 93 77 77 89 79 31 30 90 32 17 38 49 33 96 3 99 46 45 37 77 58 39 82 21 91 52 39 11 24 32 58 88 75 77 82 68 47 30 6 32 52 46 77 32 42 85 82 92 10 4 59 8 90 21 80 15 45 99 12 45 99 53 52 86 23 61 77 52 11 71 70 72 4 50 47 88 25 89 14 57 79 85 77 96 2 90 47 12 35 59 17 4 21 50 18 53 12 92 99 49 87 71 64 95 92 80 59 82 31 70 98 84 33 11 63 52 41 58 57 93 67 27 37 50 92 34 20 6 43 4 42 58 82 5 98 1 33 24 68 2 77 53 29 43 61 41 99 
85 93 52 13 93 72 85 65 36 11 37 54 80 1 59 52 49 69 25 32 78 29 10 45 83 23 18 17 62 83 21 47 98 81 81 4 47 72 40 22 64 79 27 7 57 91 59 23 43 11 31 5 58 53 44 24 50 78 1 93 72 91 83 96 73 11 49 24 68 19 87 73 59 92 80 78 70 71 79 70 90 20 95 67 83 49 40 72 59 41 70 87 78 47 39 91 50 28 78 22 45 65 37 78 86 18 85 48 68 61 31 55 84 57 69 36 47 9 93 52 94 37 9 79 85 14 45 41 27 58 84 77 23 79 71 38 55 99 36 9 4 71 36 56 1 35 64 10 26 89 57 33 62 84 34 44 8 88 6 76 12 7 22 33 73 9 25 77 34 14 87 93 6 45 31 25 59 41 69 33 0 74 66 76 66 43 72 12 73 47 24 79 5 10 73 44 10 10 61 66 36 77 26 70 65 62 99 95 13 33 84 11 88 10 89 38 5 87 31 37 37 60 13 67 71 96 42 59 20 74 27 99 52 76 71 66 35 21 47 92 45 13 3 13 3 46 61 46 92 8 42 52 83 45 53 43 38 5 55 96 70 8 45 28 7 91 44 45 74 16 13 9 89 2 16 46 66 16 42 15 60 1 66 51 61 20 1 73 49 15 70 11 74 63 21 20 95 30 18 37 7 2 61 81 3 93 31 25 92 85 12 47 79 72 17 17 38 17 93 4 27 54 8 82 4 16 84 68 90 85 56 41 28 36 67 48 23 94 46 78 19 85 17 80 37 8 81 33 72 19 33 33 31 65 44 10 28 41 57 30 70 57 85 49 5 6 46 74 70 13 19 24 56 61 72 94 87 47 71 3 97 71 42 18 42 4 94 38 73 71 67 13 47 26 90 45 8 39 16 19 
44 53 72 26 4 85 28 45 17 98 5 86 35 65 51 55 91 7 65 20 8 25 16 37 97 31 35 79 46 20 75 48 10 73 52 63 92 24 16 54 73 3 38 32 49 86 18 62 88 70 88 98 22 18 20 1 24 9 43 14 23 30 18 72 7 80 47 69 54 49 64 13 70 30 73 98 64 55 16 33 63 17 63 75 72 71 20 49 63 27 15 61 45 20 96 15 43 16 44 1 11 58 14 87 28 6 48 89 82 63 34 38 20 51 88 83 34 7 53 79 28 4 4 11 98 7 72 53 35 77 14 78 80 93 81 55 17 18 26 49 90 73 14 4 15 81 87 81 38 3 56 39 82 32 90 49 9 69 53 5 10 77 52 95 27 28 6 35 71 5 81 21 15 66 67 47 40 76 39 77 74 0 12 88 51 65 79 64 57 43 18 63 76 18 52 65 41 60 41 19 59 82 28 87 15 15 17 19 30 39 90 62 65 22 26 72 17 59 33 10 62 56 49 98 70 3 57 71 84 28 86 18 33 88 45 58 30 90 32 40 73 31 93 38 40 66 73 84 61 3 32 43 34 79 91 6 19 47 26 32 74 29 23 64 10 33 27 24 2 80 68 52 37 67 48 38 1 60 44 86 18 9 62 34 76 47 88 19 31 51 14 71 28 3 13 39 27 36 43 31 79 79 75 62 68 62 21 37 2 77 10 55 12 41 64 54 52 49 97 21 51 54 10 62 43 35 11 84 44 15 73 98 59 26 88 20 38 70 61 46 25 34 42 66 4 4 98 98 44 70 45 23 59 18 17 64 52 24 90 40 49 57 64 90 59 9 11 55 82 32 2 5 67 28 32 31 37 33 59 18 85 25 62 17 96 6 80 70 57 62 65 65 3 8 64 41 74 39 15 38 
7 11 88 1 33 30 94 43 10 2 83 44 81 14 54 28 81 8 17 80 31 83 93 8 12 58 80 55 32 36 62 68 76 11 62 52 1 43 83 14 55 95 80 89 2 40 7 99 86 76 69 16 76 63 50 18 22 48 74 34 13 42 3 52 22 85 83 19 22 88 21 44 7 83 2 25 78 63 6 86 36 19 57 64 11 39 80 91 29 79 80 33 35 21 79 16 15 19 16 75 38 49 48 46 10 85 24 77 44 73 33 40 38 77 76 53 97 70 55 55 15 24 75 21 34 96 88 45 57 93 52 42 76 96 65 86 51 46 60 49 79 9 35 65 34 92 19 53 74 9 26 48 65 62 33 17 29 30 35 25 5 69 76 87 95 44 61 69 10 74 15 31 91 69 6 21 63 75 48 94 66 12 0 26 56 96 85 5 41 52 14 15 74 8 21 78 94 33 47 31 90 71 48 90 42 95 6 84 15 62 84 14 15 23 24 15 4 81 56 55 47 51 43 58 36 23 19 35 73 43 73 40 56 30 86 54 8 43 43 10 35 52 12 59 99 89 72 19 66 3 89 91 60 25 45 28 84 50 19 42 12 63 40 87 40 43 72 46 99 64 91 6 32 93 71 91 63 34 61 43 59 67 84 60 2 42 91 67 27 54 68 81 25 68 52 17 55 50 29 80 77 69 84 88 53 33 48 62 5 53 40 57 39 86 19 32 47 20 78 26 71 14 22 39 87 29 94 4 20 91 88 37 76 49 86 2 3 43 91 46 58 1 55 48 54 12 37 25 12 39 88 42 45 14 81 25 89 25 41 58 91 12 6 1 28 28 67 55 81 38 38 25 3 26 49 34 21 27 81 80 23 11 20 65 56 94 26 37 43 90 96 46 88 33 98 79 71 58 81 49 
78 33 78 98 86 13 8 35 85 57 95 51 7 22 44 45 11 68 5 96 65 16 36 77 26 76 9 17 11 13 86 79 58 36 75 23 70 39 75 28 58 57 61 58 22 25 11 38 56 82 93 38 28 5 95 38 48 57 76 87 95 18 36 36 42 58 95 97 43 56 69 65 12 85 88 37 26 46 18 80 83 67 4 96 31 6 25 94 71 33 24 18 25 23 28 18 14 35 16 27 29 55 91 1 45 10 23 68 28 7 63 16 24 12 27 64 13 90 99 22 31 23 99 4 75 38 73 47 67 11 4 25 81 88 97 44 94 63 21 85 35 7 18 59 69 38 1 75 46 86 76 20 1 90 87 84 17 13 42 22 19 94 10 78 81 37 71 96 50 15 52 85 12 49 31 9 20 5 22 5 76 88 26 0 1 49 46 49 59 18 42 55 1 64 86 30 51 69 34 50 33 76 22 18 19 52 81 20 79 63 18 76 25 4 59 93 92 63 12 83 72 15 70 97 66 6 3 87 89 6 15 99 71 12 74 90 64 36 2 73 65 86 20 48 82 64 8 22 77 27 23 10 22 69 40 48 76 99 81 60 14 56 85 52 37 64 12 66 29 18 83 3 2 96 79 29 33 45 60 1 47 76 20 5 27 8 17 64 25 55 41 83 84 69 22 34 91 67 10 58 22 72 97 41 3 68 89 62 43 25 33 96 70 52 53 78 28 27 78 17 81 42 39 10 46 91 36 46 39 20 99 8 7 71 67 2 15 31 27 50 19 98 92 15 51 83 64 14 26 40 12 15 31 37 69 91 65 78 53 89 53 19 83 76 84 31 16 35 88 76 87 22 30 87 32 44 87 10 11 82 43 79 89 39 62 33 52 7 67 29 61 63 3 22 7 2 89 43 89 80 
57 47 63 99 45 64 15 79 59 73 12 43 33 38 48 59 71 30 87 41 71 59 67 43 89 38 34 42 84 96 42 49 25 17 45 79 54 33 48 23 45 95 57 55 98 64 12 88 28 39 82 86 99 64 94 96 62 14 36 14 53 11 61 99 41 88 92 29 98 7 63 48 11 51 86 2 22 34 58 39 45 74 38 76 4 41 10 48 42 21 82 27 13 53 45 12 63 3 43 72 56 82 71 41 34 29 66 9 34 33 85 19 14 86 92 21 71 64 25 92 21 58 2 24 82 72 36 56 3 19 43 34 39 38 77 98 88 98 9 57 40 15 65 71 87 5 34 26 20 77 85 21 73 75 12 41 31 34 58 23 1 79 25 26 82 97 8 47 20 28 30 33 79 18 46 87 22 36 4 37 66 51 56 1 0 86 7 25 51 55 37 66 8 4 3 50 85 81 5 68 21 56 61 2 9 40 9 5 2 23 21 48 58 77 79 95 29 97 89 43 98 21 23 22 83 93 76 88 72 98 49 79 37 20 43 94 50 68 12 68 24 94 12 98 98 7 72 22 27 30 19 67 19 63 13 61 68 60 57 6 74 67 89 80 84 48 51 8 31 15 85 56 23 13 88 17 93 99 36 31 65 92 42 55 61 43 80 59 54 82 34 14 67 40 69 30 32 21 72 67 80 15 36 71 69 10 81 38 91 57 65 44 22 65 9 96 72 43 1 95 25 55 47 85 1 15 99 56 95 38 76 29 19 31 34 85 83 87 29 85 29 74 85 18 19 21 19 98 94 67 13 27 49 42 69 7 86 93 10 75 30 44 89 73 75 13 98 8 81 47 66 45 75 27 57 89 1 38 49 35 22 12 81 94 94 12 24 35 11 61 51 41 80 92 19 26 86 56 98 62 
60 64 49 78 30 8 76 45 49 92 43 14 13 99 51 80 26 95 78 31 72 26 9 44 94 59 56 91 1 9 15 1 38 35 58 3 82 24 76 56 46 43 38 15 10 14 38 62 1 31 33 26 65 27 76 65 28 14 21 70 89 83 39 17 29 48 36 32 33 68 93 42 50 24 30 71 36 42 26 93 94 49 13 35 25 49 28 42 70 21 53 3 28 65 9 30 15 23 9 44 6 13 49 16 74 57 93 5 63 85 6 39 38 59 60 5 21 17 3 86 69 28 64 68 57 8 49 46 39 50 67 13 28 94 38 64 8 34 83 14 93 74 67 53 31 75 91 96 96 77 51 28 69 44 25 79 33 47 19 1 56 24 6 56 18 88 34 78 21 57 48 13 22 80 90 85 65 26 49 27 43 65 96 49 86 0 55 50 51 61 55 90 82 52 24 49 42 72 31 15 1 2 86 20 68 17 27 91 54 73 85 74 83 61 95 64 71 4 50 46 88 61 27 45 61 6 96 14 70 84 74 93 40 90 84 91 30 41 42 58 96 36 47 86 4 88 92 37 25 18 24 20 16 16 87 47 91 78 78 2 50 67 90 59 20 62 8 78 80 7 21 18 55 81 39 60 26 42 11 18 88 40 97 24 68 90 62 91 60 64 30 43 44 51 15 73 89 63 81 49 92 5 64 45 25 28 75 11 89 52 74 59 6 13 95 28 88 61 89 81 98 14 74 83 15 19 87 48 81 77 33 17 76 81 82 93 29 70 51 73 36 49 47 87 82 26 84 28 47 47 60 20 30 48 51 97 55 81 96 31 67 78 17 30 20 40 1 86 42 81 93 80 23 46 77 40 24 52 32 39 41 36 20 81 29 99 15 74 65 57 37 63 86 42 4 87 22 92 90 75 
16 94 1 12 47 71 13 61 22 57 23 8 71 15 48 5 20 78 24 54 23 67 89 16 96 34 21 24 34 10 26 9 27 74 13 26 39 63 6 22 63 5 50 72 10 47 64 93 93 38 90 58 51 51 68 54 65 79 11 30 65 90 4 18 72 97 64 10 35 14 84 1 28 29 94 78 45 22 7 45 47 74 79 5 89 7 21 69 40 23 57 63 96 54 11 42 17 68 12 88 72 15 50 97 24 96 74 78 48 50 42 41 92 46 41 46 15 68 92 87 29 35 76 92 49 98 6 25 34 59 82 33 51 9 24 47 28 81 7 92 46 7 63 38 71 34 76 74 70 96 63 52 90 83 2 91 3 68 67 22 66 11 32 84 1 68 15 75 11 12 86 78 14 70 36 6 26 91 74 11 72 79 85 46 7 55 0 8 89 29 73 89 40 24 30 43 24 68 43 60 97 96 3 75 56 89 73 25 83 89 59 11 17 15 75 86 84 6 40 21 29 62 44 85 82 43 42 12 8 76 79 33 23 73 30 65 40 37 38 91 93 67 55 92 12 91 41 6 56 88 2 19 61 59 55 53 57 71 42 46 76 35 46 93 18 67 70 81 3 29 23 83 77 13 45 87 90 80 39 72 17 12 30 17 43 77 30 89 52 43 72 14 74 88 11 40 70 26 44 24 62 61 40 13 54 76 13 98 69 22 33 47 12 25 74 60 26 62 12 6 66 14 3 88 66 26 82 48 86 37 86 17 55 67 35 96 21 29 47 46 45 26 10 40 64 35 62 40 42 90 51 12 88 12 70 89 86 55 26 18 26 13 93 44 11 67 40 37 59 77 31 85 83 30 89 19 55 71 34 77 4 83 87 41 70 74 70 22 48 84 11 85 74 56 19 16 32 3 29 84 
25 19 43 91 68 83 62 68 48 22 85 1 96 18 88 12 9 98 72 66 48 1 96 75 16 57 13 45 53 99 61 43 85 86 32 47 95 32 58 18 68 88 31 80 52 16 53 66 2 98 33 59 2 79 45 44 15 41 80 27 96 12 14 20 33 81 36 91 16 28 67 13 13 45 37 90 48 68 8 50 66 68 79 85 97 41 47 82 11 26 41 68 25 78 52 18 97 59 78 43 81 43 23 8 24 84 3 43 49 59 24 35 94 60 10 72 81 61 86 11 29 22 10 4 9 41 72 79 19 35 64 6 28 73 64 68 72 92 18 65 12 63 81 65 97 94 11 33 49 81 65 68 51 49 1 49 56 96 42 28 2 32 1 2 96 6 58 4 33 99 19 62 14 93 10 84 89 27 84 84 12 64 5 49 25 50 8 0 3 70 24 22 39 25 60 83 57 54 19 98 48 67 1 90 14 28 58 28 23 98 80 20 31 71 19 33 58 93 88 88 42 91 57 25 67 43 57 57 23 74 29 71 31 84 15 39 17 73 38 98 63 46 25 8 16 42 42 17 53 20 6 42 23 19 34 12 96 4 49 58 13 47 87 82 74 85 59 17 64 81 60 3 34 57 59 36 93 71 40 71 54 34 37 4 48 56 8 85 31 90 5 55 85 72 55 70 73 66 37 21 32 44 58 15 57 24 22 57 50 69 77 74 51 17 14 22 14 55 88 36 43 81 85 94 79 5 10 98 12 39 35 93 47 95 13 31 59 10 80 50 91 83 70 48 27 15 99 9 37 12 74 17 4 66 93 63 62 61 66 61 50 81 56 33 56 80 74 2 77 49 43 44 78 56 62 96 69 50 42 64 79 33 75 78 77 50 25 80 70 48 2 10 25 51 90 62 49 86 80 93 
10 37 40 25 67 64 21 43 72 87 29 6 52 91 95 37 65 37 81 51 65 61 80 32 94 83 65 69 15 7 78 70 55 54 84 75 38 59 59 26 17 51 11 55 60 16 18 65 37 22 6 33 4 40 92 68 12 71 98 39 78 21 38 24 78 25 85 41 16 34 63 77 28 32 64 22 41 46 49 26 47 56 23 73 44 44 71 39 70 49 85 51 42 93 5 74 44 98 11 53 72 33 32 25 73 75 12 16 81 64 88 51 71 30 3 24 14 98 91 22 8 56 70 29 68 84 18 80 40 21 39 56 42 40 33 88 62 17 68 43 23 27 42 91 94 90 68 80 31 78 32 7 2 12 61 89 8 50 82 19 41 78 57 11 61 53 93 76 81 62 98 64 77 67 11 10 87 26 42 49 73 57 41 59 51 51 89 3 0 62 42 81 69 24 23 9 2 7 36 41 11 4 51 51 68 3 18 80 74 60 15 60 2 32 25 96 26 43 74 66 74 42 45 65 89 30 95 55 17 73 93 35 19 68 12 95 85 72 67 29 73 1 90 96 42 94 86 40 97 23 79 83 29 43 59 89 84 33 39 91 62 64 22 43 27 51 35 10 4 70 87 85 41 14 21 79 10 45 4 95 96 16 58 37 52 60 79 22 68 54 44 16 99 59 87 64 16 30 60 77 88 98 35 69 23 78 96 22 66 23 95 28 91 28 94 60 73 75 64 98 20 25 18 26 40 81 89 74 1 28 17 69 48 37 57 41 31 83 40 81 56 36 47 80 41 53 11 33 45 41 76 66 8 97 55 69 92 98 99 15 54 60 8 35 99 79 67 3 78 4 21 33 18 72 45 37 60 29 50 83 58 65 50 6 27 38 58 71 67 29 41 19 52 94 10 77 15 37 84 6 
67 30 4 55 29 65 38 23 57 38 57 14 46 90 55 22 3 75 22 85 92 86 70 49 72 33 36 92 65 57 90 65 43 75 43 31 97 35 3 11 39 60 52 87 40 76 63 23 26 87 84 17 69 51 23 9 47 21 46 35 75 29 11 47 92 90 21 92 37 59 42 29 94 49 32 66 69 33 95 78 50 56 86 47 16 69 12 63 68 51 12 21 37 36 85 71 85 52 97 26 57 36 66 65 3 22 26 57 48 16 17 11 85 84 61 86 18 61 81 1 16 40 93 86 6 75 68 79 40 40 73 78 8 77 94 86 70 37 84 59 94 50 70 23 13 68 21 22 69 1 35 89 22 96 31 45 52 62 88 75 14 43 31 37 31 52 72 39 65 22 77 7 30 33 21 52 77 60 63 22 47 43 52 18 55 61 29 70 62 0 33 54 3 1 80 48 56 94 93 28 54 31 46 18 84 82 67 90 52 2 89 69 12 34 88 81 87 67 97 38 11 90 78 28 79 45 48 31 97 28 14 13 48 15 46 2 97 13 24 63 12 52 60 95 3 35 1 72 99 24 39 57 95 24 40 28 96 50 19 61 1 37 90 85 18 63 13 86 13 40 75 9 20 62 87 24 57 96 45 94 78 39 39 31 54 19 13 70 19 75 36 68 27 59 67 66 94 93 35 73 25 10 26 73 65 52 58 5 77 32 74 73 51 67 81 37 37 84 14 66 30 78 80 74 5 85 79 24 74 69 66 84 35 9 50 83 47 82 16 9 68 94 43 30 68 45 5 52 5 89 38 94 33 15 76 35 55 46 47 75 54 21 85 64 47 56 20 88 54 61 47 56 89 52 39 65 85 40 18 41 13 11 49 6 8 45 55 9 76 10 53 1 75 10 13 1 38 39 88 83 
72 40 58 48 58 45 63 42 52 73 33 9 18 23 75 93 73 30 94 4 97 68 85 87 80 74 13 30 87 63 90 37 27 72 19 23 87 68 21 29 53 92 53 40 69 35 77 34 98 33 66 6 85 90 17 93 91 24 92 29 49 26 54 98 97 49 54 70 30 70 86 17 62 17 67 89 76 85 74 29 79 72 94 87 38 57 93 94 36 5 32 10 64 65 44 65 86 53 84 45 25 11 22 98 77 80 75 42 77 10 89 39 8 28 82 83 44 13 29 47 92 22 63 23 96 78 25 65 86 58 35 15 56 59 67 70 79 94 31 78 48 87 61 82 90 56 43 36 25 25 22 16 24 33 96 6 2 98 58 2 48 2 23 85 30 40 59 56 43 7 37 27 19 87 37 85 34 64 97 56 24 18 14 42 37 55 73 24 42 33 0 26 42 89 61 90 22 2 27 53 14 45 48 25 79 83 10 97 40 38 12 75 12 61 49 55 33 97 7 69 65 91 99 87 74 18 78 13 64 37 12 90 81 76 75 2 19 82 72 94 98 41 19 27 53 66 62 22 88 91 18 90 17 76 32 61 27 19 85 86 68 30 98 27 48 93 3 57 24 41 71 10 33 92 51 7 63 2 64 74 93 2 20 84 20 78 57 71 89 34 80 84 83 32 66 62 58 31 43 20 78 40 27 64 78 55 53 73 23 90 47 89 46 40 58 68 23 22 43 43 72 75 46 19 48 60 40 63 50 96 62 98 98 1 2 3 63 3 64 21 77 14 22 76 2 91 48 87 66 72 76 97 55 65 2 23 80 94 78 8 59 40 91 51 76 19 3 17 78 94 43 68 96 14 23 25 92 33 45 27 85 17 73 6 86 86 12 43 7 65 84 18 52 94 73 17 96 60 69 42 
54 29 44 78 85 70 67 69 68 75 59 39 88 21 66 10 65 91 61 29 98 18 55 11 68 76 17 15 98 9 18 63 84 49 44 90 63 9 13 87 19 27 47 13 97 7 68 29 79 71 60 86 29 53 91 84 52 70 9 78 77 59 96 70 81 83 55 85 55 6 9 80 91 26 17 52 78 91 46 58 41 12 58 60 45 62 47 4 3 11 12 87 3 39 8 32 28 67 91 38 20 92 22 3 61 43 5 31 17 55 18 87 93 60 3 21 85 63 56 26 77 93 25 50 99 93 89 2 20 10 62 87 48 32 39 68 75 44 9 46 64 1 3 46 92 34 17 65 3 33 10 75 62 21 66 86 32 90 89 28 45 92 63 27 47 12 38 4 26 30 78 15 94 87 23 5 37 34 33 46 79 63 15 55 66 90 89 22 81 54 26 0 52 54 10 73 54 12 44 51 56 34 40 37 42 27 72 7 57 40 95 53 98 29 4 28 67 48 52 54 53 55 72 25 46 25 18 40 35 28 5 67 53 49 61 19 13 53 37 18 27 17 82 62 82 67 61 80 57 88 43 52 21 39 52 39 98 99 83 75 94 73 55 92 77 17 14 25 5 86 40 5 37 40 43 41 16 14 24 47 33 20 39 60 67 93 87 29 35 50 27 89 93 93 36 95 59 72 92 65 74 26 8 70 53 34 95 13 24 31 57 16 64 36 91 87 9 59 15 72 5 84 59 13 69 96 37 94 61 6 32 5 86 70 15 35 31 15 59 48 17 8 88 83 74 56 19 63 58 70 25 47 42 66 84 14 11 88 83 21 40 50 39 27 86 82 69 92 32 75 22 20 24 98 41 63 34 17 9 36 20 62 23 98 45 97 93 23 37 2 86 7 54 9 68 16 71 24 42 98 
70 55 54 41 44 76 34 42 4 93 87 67 87 51 4 91 94 56 48 16 75 50 37 22 70 89 49 16 69 19 1 53 67 56 61 81 70 77 97 11 76 37 53 58 42 43 87 42 3 93 24 98 34 49 36 94 41 8 88 32 88 29 39 59 63 6 13 92 46 17 30 51 21 4 52 6 88 93 24 7 16 99 27 94 17 2 62 84 90 46 73 14 18 9 35 80 34 54 14 96 17 13 9 35 27 52 76 10 3 54 55 4 90 90 70 41 37 3 87 37 42 68 91 52 18 39 95 53 97 81 4 92 69 58 34 23 38 93 99 34 74 53 3 63 83 1 17 94 46 48 21 39 60 7 16 81 56 44 4 85 39 54 52 29 13 27 6 65 20 27 14 24 77 42 39 24 80 42 68 3 5 76 74 1 8 82 40 39 69 3 42 52 0 25 79 27 98 74 83 69 44 24 70 93 51 40 48 55 16 74 62 86 2 97 50 66 91 68 86 53 62 98 56 44 43 15 3 36 64 6 88 37 92 60 43 63 84 44 77 62 24 36 77 60 86 93 66 16 44 29 19 42 6 53 57 3 4 61 57 80 65 55 93 19 35 38 59 68 84 63 29 4 64 84 83 30 97 13 44 70 63 45 25 78 79 44 76 54 27 18 1 96 53 52 59 10 73 70 3 54 7 58 3 29 50 14 77 85 43 51 42 21 49 69 59 47 90 66 77 57 40 23 25 5 32 49 7 64 74 69 40 17 80 90 51 85 37 72 54 83 39 90 84 72 59 1 83 15 92 16 35 23 91 31 34 88 9 41 93 24 13 61 18 23 72 31 54 86 76 64 80 33 29 66 33 84 99 36 34 47 53 91 69 27 12 72 31 88 25 54 17 34 19 72 19 31 27 41 22 97 
37 30 44 60 95 89 58 40 93 15 69 60 85 73 45 22 20 50 99 74 36 80 85 92 6 40 35 21 53 95 72 92 49 21 27 3 52 19 70 85 58 46 26 84 81 49 89 43 79 6 81 23 2 71 12 73 16 63 32 11 8 29 63 69 91 15 71 41 74 54 61 1 70 77 23 43 46 84 41 86 61 57 4 95 52 33 95 28 58 8 67 24 68 97 38 68 31 83 40 12 26 4 86 29 82 96 92 36 48 81 65 28 16 9 8 99 21 86 92 31 74 61 93 79 55 44 19 68 30 88 3 47 75 61 80 77 74 95 11 21 17 33 84 14 54 84 26 55 74 21 77 57 14 17 29 89 68 91 52 16 63 41 94 58 8 53 37 37 17 29 84 74 7 17 13 74 44 94 22 27 10 18 8 64 4 52 24 25 24 1 89 54 25 0 58 20 39 50 14 95 99 86 60 48 61 49 71 78 84 24 49 57 57 55 97 79 68 91 14 24 11 97 74 97 15 20 28 85 66 56 78 21 78 22 19 53 46 52 55 11 35 95 52 41 19 94 39 50 25 70 85 21 47 85 32 65 42 93 48 69 46 83 82 57 39 38 98 50 12 19 39 5 20 78 54 69 14 59 58 60 51 43 43 39 17 68 45 44 18 46 21 54 81 81 62 72 90 95 14 16 17 91 48 85 39 24 90 31 30 60 91 18 92 24 34 39 25 87 93 12 18 14 33 35 81 58 73 95 46 29 60 22 4 9 31 47 41 20 47 43 18 80 33 38 24 96 4 51 48 19 50 97 49 26 8 2 84 26 61 24 98 74 63 26 74 21 46 24 95 9 6 76 17 36 87 39 23 80 50 79 5 45 53 28 23 40 77 47 56 67 92 5 99 3 18 23 38 35 26 11 
22 56 75 96 94 35 75 81 51 15 67 98 7 49 12 13 74 82 19 42 10 74 81 24 42 66 84 95 27 4 39 69 61 79 44 97 29 67 14 52 83 10 59 51 1 25 11 7 61 22 27 11 12 21 7 47 83 28 15 28 72 24 25 16 54 83 40 85 88 72 44 56 34 74 41 8 90 72 88 75 73 76 48 94 12 74 98 19 58 6 77 75 96 41 92 56 31 57 99 15 47 58 60 36 8 61 97 81 53 52 89 26 86 52 77 8 11 26 29 55 13 56 76 30 29 52 96 14 49 39 30 74 18 42 47 73 35 17 51 74 76 62 86 7 94 89 88 96 38 39 81 82 27 76 11 2 41 32 93 60 36 68 64 12 73 11 7 48 59 96 25 57 9 17 60 38 77 10 34 59 73 52 21 86 3 24 30 60 23 80 61 10 79 58 0 86 91 50 46 59 33 87 23 88 90 98 96 38 12 97 9 41 43 72 61 25 49 80 25 5 17 97 44 41 20 72 93 78 60 50 69 94 67 13 13 66 34 78 20 16 77 94 55 56 98 80 31 96 39 10 60 72 27 64 36 78 78 25 61 18 34 54 54 27 64 75 61 88 1 11 7 80 89 60 86 62 4 13 73 24 70 58 74 45 81 85 36 78 51 83 31 86 66 69 15 12 2 79 42 36 78 74 72 10 20 18 86 28 29 36 17 1 95 91 46 32 9 38 92 90 85 4 99 28 28 82 4 83 86 89 1 99 11 90 49 97 32 94 26 54 45 59 24 79 96 16 90 89 16 79 82 49 7 57 55 49 48 91 47 32 67 28 60 90 59 71 96 39 43 78 37 23 53 13 19 27 71 75 25 48 39 76 10 13 74 78 56 64 20 52 55 72 87 78 49 94 7 94 57 7 
41 91 99 80 21 15 73 43 54 50 23 67 58 11 53 46 67 46 83 42 38 19 9 45 61 89 72 22 22 69 80 77 13 6 70 16 24 79 61 30 6 14 35 41 99 75 41 59 80 54 38 53 56 5 54 29 3 62 36 47 24 24 19 89 1 78 87 98 32 64 43 81 59 78 11 95 89 12 96 66 67 56 39 98 89 79 28 83 15 46 42 87 44 89 40 4 71 73 50 98 38 24 35 39 3 81 30 86 87 59 87 49 97 62 9 80 17 97 45 98 99 19 13 61 15 5 69 25 48 48 9 37 74 55 93 94 74 27 22 95 71 85 81 24 75 9 83 93 21 4 19 3 38 45 13 71 75 74 12 41 29 48 14 30 94 7 71 17 69 43 93 1 39 61 48 33 76 57 56 65 44 65 78 30 50 49 43 83 9 48 90 73 27 20 86 0 58 48 62 58 7 26 9 37 30 57 30 71 37 71 13 20 7 77 80 63 51 83 50 11 66 81 27 31 65 1 18 93 76 64 16 9 13 5 90 1 45 6 76 30 70 27 44 92 89 90 23 82 17 31 34 26 26 95 68 85 34 48 95 27 75 73 23 58 29 13 58 76 82 10 73 27 6 57 93 69 98 63 82 67 4 5 71 51 34 4 5 93 41 77 95 93 72 75 8 51 41 74 48 79 19 59 22 44 86 19 37 17 93 93 20 6 76 39 35 91 31 70 23 26 81 30 50 5 83 55 52 66 17 91 19 32 87 58 81 49 49 12 63 28 15 96 13 58 46 92 77 89 19 48 75 30 4 71 45 2 60 33 99 76 33 73 93 95 77 2 93 19 39 16 74 34 86 73 53 86 17 18 60 30 55 55 84 51 65 79 73 69 29 8 65 78 62 30 1 88 89 41 24 51 
78 28 98 90 53 60 6 68 88 89 3 6 58 24 57 98 32 11 15 52 10 41 8 25 86 74 46 39 49 8 1 11 88 38 34 26 99 70 66 5 65 59 83 96 35 70 48 48 64 53 54 67 94 2 6 89 8 9 77 50 56 49 41 57 37 82 98 88 39 93 58 84 42 7 15 59 49 20 10 28 9 56 36 80 61 5 93 15 9 79 81 50 29 86 40 14 29 46 42 7 4 2 78 36 13 75 90 36 49 69 74 27 60 41 41 37 24 75 56 97 5 69 92 34 45 51 65 13 68 31 76 36 40 22 40 77 79 5 62 2 33 84 83 64 44 17 82 38 10 37 8 41 35 14 78 75 76 56 59 13 38 10 40 6 71 88 98 42 37 96 73 71 89 64 1 40 84 24 73 20 10 41 94 51 85 42 24 57 2 56 22 54 98 39 91 58 0 76 10 55 65 66 70 92 96 33 5 56 46 91 52 92 15 76 42 42 81 6 64 30 73 85 2 26 86 34 66 41 48 28 42 26 55 54 23 79 19 2 86 34 41 10 35 80 4 13 28 50 71 86 59 42 8 7 25 60 12 96 62 2 58 19 86 73 70 76 71 9 61 14 98 51 78 43 59 56 58 79 88 39 96 96 46 18 62 30 67 66 5 83 16 3 42 96 40 88 96 41 5 94 26 92 80 1 53 29 92 9 56 14 60 24 87 81 80 19 45 82 8 68 95 64 84 11 18 59 33 64 60 49 88 94 5 47 85 40 90 61 90 29 10 23 50 15 95 39 33 27 26 51 37 36 71 61 73 85 15 97 73 57 89 93 41 15 15 32 23 6 2 89 11 49 23 59 91 83 75 40 50 47 96 26 46 6 26 19 64 17 40 54 20 94 9 98 98 1 93 19 68 44 
92 61 76 32 32 89 1 99 80 46 74 26 84 97 41 29 66 16 28 44 48 92 25 27 18 42 21 63 80 58 53 92 23 13 17 78 36 53 48 95 11 86 2 13 74 92 86 85 16 71 62 70 79 1 59 51 14 29 62 28 87 18 94 53 37 13 17 18 93 2 86 55 94 4 80 6 98 55 43 43 45 6 67 30 73 75 89 1 77 36 51 40 99 3 65 19 79 30 12 14 82 56 14 60 17 96 13 88 44 31 18 45 63 92 52 64 32 4 21 82 40 43 42 98 51 41 37 41 41 9 92 39 38 15 8 23 84 87 53 37 67 67 81 72 20 62 20 27 28 39 44 42 31 20 10 65 40 80 36 51 64 67 42 35 85 13 80 42 12 72 98 20 82 47 48 20 65 63 11 18 10 60 33 69 81 72 68 54 7 94 2 12 74 50 50 48 76 0 48 97 44 50 46 47 22 51 76 19 90 50 96 29 9 45 98 56 39 41 97 2 38 79 12 12 10 95 66 11 97 21 13 21 97 13 85 96 82 19 28 14 78 84 76 8 70 73 89 11 84 98 73 96 55 52 7 94 16 52 13 62 91 77 29 90 58 77 89 55 64 76 79 76 19 67 6 78 33 99 23 37 48 30 54 62 10 51 59 23 44 30 58 43 93 41 13 50 80 96 25 99 62 10 22 58 64 69 12 38 82 73 5 72 79 31 40 52 90 96 8 51 75 55 5 85 40 97 20 44 96 62 89 84 68 42 63 90 26 59 27 42 14 21 7 97 35 85 58 27 97 49 64 77 96 57 51 71 94 6 53 21 72 81 5 66 30 19 31 65 74 71 14 99 42 38 34 20 63 47 7 6 11 91 45 13 99 48 42 6 75 30 16 48 54 90 87 71 86 13 26 71 
50 13 60 57 26 34 3 14 93 87 2 89 73 66 15 40 65 71 62 65 30 78 79 86 39 59 55 83 55 11 2 47 37 40 11 21 71 87 53 73 96 88 28 79 21 76 85 9 89 62 81 64 24 24 41 96 49 84 7 43 17 50 52 97 73 7 17 39 67 39 16 5 78 72 81 46 31 55 60 83 73 1 12 57 34 3 25 92 87 2 86 82 26 72 58 14 89 93 90 92 25 98 65 66 44 34 90 90 95 90 74 84 54 98 79 42 66 67 75 19 14 37 15 35 4 41 80 63 15 37 16 97 83 71 88 62 63 34 94 97 12 98 95 26 85 9 29 90 65 81 5 98 59 47 11 31 13 93 64 39 9 39 55 86 62 68 73 89 1 45 40 80 69 21 12 60 35 76 40 81 61 41 47 34 5 31 43 19 36 93 27 44 83 14 46 62 10 48 0 90 19 55 89 37 15 81 38 27 66 93 25 59 83 22 62 25 87 26 9 45 24 24 72 43 95 80 78 46 68 11 7 63 46 75 95 96 74 47 81 82 31 49 31 97 74 49 61 30 3 78 3 15 78 35 13 64 19 71 84 84 61 58 42 88 72 8 67 43 87 70 32 6 52 69 57 8 51 53 26 37 57 47 25 2 11 9 59 85 19 60 20 10 27 20 23 89 3 3 9 29 79 88 15 48 57 94 2 43 63 40 77 20 66 43 10 68 56 65 13 27 45 9 69 66 26 88 12 42 50 8 18 91 36 25 10 78 51 90 14 87 27 1 61 92 95 12 70 71 88 81 62 14 1 3 76 68 11 55 40 69 76 71 38 58 4 67 58 10 53 89 1 3 52 30 66 46 16 26 61 86 26 75 60 94 37 11 60 59 69 62 5 30 12 40 25 13 61 38 6 19 
48 18 67 34 64 25 5 26 40 31 34 7 7 13 39 3 69 24 27 75 25 95 9 27 93 76 20 58 68 25 24 38 94 28 39 82 28 7 86 50 70 21 96 84 25 60 38 65 95 27 47 79 44 66 98 20 38 55 39 55 79 57 3 92 25 39 55 96 48 53 12 3 39 51 91 73 79 11 44 39 98 9 30 9 55 37 15 12 81 21 9 17 93 21 18 96 9 21 92 35 84 19 6 38 58 37 76 78 2 37 85 93 6 51 82 41 70 71 49 19 46 15 55 10 83 92 51 81 5 79 79 28 63 30 76 88 97 74 20 13 63 63 32 16 77 59 27 63 92 10 50 77 33 82 37 70 38 60 87 83 55 21 53 92 9 37 98 13 42 84 33 48 35 19 92 11 41 17 43 91 66 19 31 50 68 15 60 98 41 28 53 51 69 95 59 58 55 97 90 0 8 85 10 60 74 32 88 56 52 19 7 75 99 38 7 68 88 66 95 80 35 15 99 39 73 9 30 57 26 62 11 46 88 74 84 78 39 22 13 26 85 36 1 3 64 13 12 54 65 37 45 15 2 73 91 22 69 63 22 71 83 52 63 4 62 94 69 30 82 32 20 7 66 51 97 15 77 80 43 5 52 14 44 36 46 99 40 25 40 4 47 29 50 38 71 17 92 1 94 70 55 87 91 71 96 19 57 32 76 12 88 38 99 84 89 23 13 98 84 36 65 44 61 25 62 89 58 19 16 79 51 24 82 13 38 4 5 26 32 92 77 54 52 49 85 32 47 72 28 58 44 4 97 35 60 44 26 25 11 55 82 16 83 69 9 8 2 74 25 3 28 82 91 82 65 53 40 3 32 47 40 37 25 87 40 86 21 21 44 29 83 60 40 2 60 57 6 7 63 42 
78 72 75 39 53 4 65 39 81 84 81 16 88 21 98 48 46 37 69 48 63 62 10 43 2 92 88 84 77 42 17 36 10 50 33 9 24 94 79 4 57 9 26 19 32 81 14 35 63 1 28 44 3 92 13 19 2 99 58 62 80 2 20 45 90 42 49 71 11 86 58 54 84 83 84 76 52 2 78 54 27 41 67 40 54 15 57 17 56 39 61 75 43 79 74 60 97 76 56 56 92 84 67 9 75 4 92 80 86 93 17 35 77 14 27 84 59 26 44 82 42 72 47 64 64 16 59 5 13 21 92 88 34 4 11 75 17 21 58 72 39 47 61 22 41 61 87 45 45 94 39 2 33 15 99 40 8 85 82 92 84 85 60 37 40 75 46 75 26 83 23 81 73 69 53 78 1 39 10 5 36 59 90 33 21 1 97 48 11 54 14 56 44 99 33 7 65 44 19 8 0 28 72 61 7 27 79 64 88 30 99 65 16 25 20 52 71 40 70 77 79 95 20 7 76 57 38 18 48 6 36 98 95 40 94 99 83 47 3 22 49 98 68 32 76 75 58 39 17 53 17 49 4 62 5 63 49 24 40 35 51 52 24 9 28 86 90 82 85 36 4 95 45 43 15 74 7 39 84 59 49 59 69 9 6 58 12 48 83 12 66 43 88 69 26 50 48 2 78 39 49 44 72 93 21 62 12 61 53 55 22 96 48 71 73 46 31 75 47 52 38 42 72 8 71 40 26 3 30 84 50 20 22 77 20 80 87 2 9 13 35 85 83 22 53 39 53 6 53 7 14 74 55 48 91 11 46 38 8 75 95 37 36 25 32 87 37 80 42 21 39 14 72 90 50 92 78 57 27 22 24 23 72 10 62 20 71 25 60 66 14 73 45 91 31 1 52 42 70 91 
41 92 92 93 60 42 58 76 83 78 8 75 19 86 14 71 92 25 80 84 10 81 94 97 16 27 27 24 44 57 20 92 62 34 79 54 18 83 32 22 32 60 59 47 89 54 28 76 87 43 43 73 12 20 12 78 78 23 90 77 12 59 25 93 89 19 58 17 57 24 93 79 46 78 12 90 92 96 82 18 33 77 82 8 40 14 30 4 61 83 3 96 86 55 5 74 86 7 16 81 88 7 99 73 30 96 68 88 33 37 72 25 28 92 18 49 30 92 69 95 67 76 58 62 10 89 41 83 10 6 32 56 84 85 50 83 12 6 50 30 3 99 70 74 9 51 12 15 66 83 3 95 64 45 90 98 3 3 62 62 98 51 62 8 62 4 63 58 59 1 75 69 87 54 86 61 25 18 19 98 77 82 71 76 56 2 96 67 4 31 45 34 24 86 87 26 66 50 55 85 28 0 59 35 49 95 87 81 85 78 19 7 10 78 76 18 24 22 91 84 3 57 66 78 83 49 85 24 84 51 15 76 9 13 63 21 35 50 74 24 43 30 57 20 68 97 79 76 94 81 73 86 68 73 20 68 65 10 95 53 8 71 73 65 83 20 93 4 29 7 43 31 74 3 64 43 69 71 60 89 16 18 46 17 8 99 19 57 41 11 85 12 62 56 94 68 2 11 97 50 43 24 46 93 70 89 78 50 70 41 5 61 58 22 35 95 59 4 12 34 74 93 13 41 18 91 74 93 91 10 75 97 12 45 82 15 97 80 64 69 50 90 80 24 49 94 11 48 89 25 11 30 83 63 69 75 38 50 65 13 96 98 95 32 2 5 43 80 22 60 61 55 81 82 94 63 43 61 98 84 40 39 20 69 28 25 92 43 82 14 88 23 24 14 19 77 64 50 75 71 
79 8 6 21 18 31 36 6 83 72 64 60 31 22 47 51 94 70 85 30 91 84 81 18 50 93 90 74 33 5 55 92 49 96 85 34 17 42 46 6 33 83 22 49 60 20 45 41 69 67 25 92 27 47 85 71 94 23 24 60 4 64 16 3 42 59 91 48 53 49 42 61 41 83 29 24 66 7 31 14 31 28 25 44 25 71 28 72 36 94 46 81 9 50 64 50 35 79 69 98 60 41 64 6 32 45 45 67 35 70 47 50 30 40 45 8 41 66 77 25 55 1 81 13 16 50 85 69 65 65 93 5 16 68 36 51 78 70 95 61 36 94 58 10 11 50 60 57 21 46 63 84 69 52 18 73 35 86 16 6 72 33 36 3 94 49 1 56 2 21 96 44 46 49 45 97 82 18 40 91 26 28 48 22 61 86 3 1 51 46 48 40 70 60 23 9 70 46 89 10 72 59 0 58 9 14 83 49 26 69 53 85 2 46 69 38 16 94 49 27 39 31 1 36 92 34 46 27 45 98 13 30 88 32 67 64 69 19 95 20 46 1 5 52 51 99 75 71 82 5 48 49 17 32 60 96 68 2 3 79 77 22 54 9 16 56 64 69 48 50 20 58 96 73 26 93 52 2 21 92 15 71 50 79 54 83 32 90 19 70 92 65 44 88 89 13 8 70 58 52 60 82 11 18 26 23 51 83 57 34 52 12 65 79 77 61 38 73 34 95 31 72 73 71 62 96 43 60 40 7 55 31 83 92 69 21 65 66 65 12 10 64 13 78 57 53 98 29 35 24 95 73 60 29 86 6 4 80 43 2 81 10 4 25 46 24 70 52 86 2 91 35 6 68 19 15 64 47 68 49 2 59 23 96 40 8 39 50 12 7 61 76 7 34 16 56 53 83 43 52 
46 84 27 15 23 23 31 93 3 59 70 20 7 47 62 19 23 26 76 77 70 4 91 76 24 29 98 69 46 38 99 65 97 55 81 42 9 65 7 66 37 56 79 1 65 74 95 89 24 88 58 86 86 61 88 94 22 66 98 22 27 33 45 5 22 53 79 56 31 19 16 27 51 87 21 6 23 95 73 66 71 83 11 58 86 29 72 26 38 54 53 60 97 34 64 63 26 13 23 41 20 79 21 60 93 14 23 17 36 87 30 5 28 49 59 15 44 56 15 25 52 91 49 49 82 90 80 99 48 15 92 78 89 3 65 22 41 39 11 67 89 94 38 66 21 75 60 31 28 35 90 65 89 38 17 5 91 81 46 90 60 88 32 71 13 24 32 80 85 3 6 68 36 29 62 41 18 44 32 42 70 87 90 18 2 20 75 90 51 18 25 37 93 48 88 37 92 47 37 60 61 35 58 0 1 62 65 4 52 84 92 69 82 8 9 73 8 28 65 66 68 58 16 85 79 37 47 10 8 47 68 10 14 13 96 12 99 78 94 8 2 14 78 65 52 72 84 54 62 97 52 35 37 3 99 85 67 73 70 34 46 84 10 72 56 73 28 64 90 4 18 93 99 61 36 9 33 58 21 32 69 49 26 69 35 28 79 10 57 89 77 11 50 88 76 70 80 61 94 75 76 89 5 78 91 87 44 93 36 63 7 84 47 49 48 15 20 56 69 85 96 26 60 88 12 66 57 43 68 70 54 91 46 2 36 32 36 66 94 6 32 48 33 81 97 44 31 56 59 69 85 88 78 52 19 69 9 29 9 94 35 76 16 39 78 40 39 22 95 17 55 41 44 29 80 91 61 84 87 99 41 20 10 68 46 38 51 87 11 80 3 87 29 15 47 79 36 26 14 98 
88 57 68 10 55 54 5 23 31 63 6 51 88 32 6 92 98 73 60 54 55 2 13 18 41 73 80 86 61 19 4 83 75 51 36 57 38 97 91 97 49 25 51 80 13 90 20 38 90 36 66 18 98 64 41 83 93 76 11 42 75 34 52 83 8 43 15 95 75 8 24 72 79 84 78 56 39 59 33 7 80 85 40 53 40 52 13 90 53 14 25 68 21 37 91 40 45 83 96 66 76 23 80 65 22 51 2 70 29 2 49 42 75 2 38 78 12 34 79 12 77 68 10 99 71 25 57 73 8 92 45 72 3 38 40 74 91 10 72 9 44 52 29 50 62 4 28 79 14 93 39 15 30 71 27 41 16 95 11 55 70 14 89 59 69 62 17 45 74 4 11 97 8 6 62 21 88 61 73 78 65 15 42 19 9 68 56 14 68 84 79 42 51 61 90 30 96 22 15 74 7 49 9 1 0 69 41 88 74 8 96 88 77 45 45 58 49 37 45 84 71 32 17 50 96 18 83 55 45 66 57 18 47 5 86 48 95 26 72 73 28 85 64 62 61 30 87 60 26 69 19 15 38 53 93 45 72 15 16 24 44 92 71 47 48 12 13 99 56 50 60 4 56 45 86 34 67 28 70 32 2 40 70 86 77 74 89 95 40 56 88 8 82 12 87 61 88 92 71 81 53 40 33 30 69 12 29 22 23 8 72 15 66 45 25 73 28 65 10 43 47 88 18 33 90 10 47 28 54 4 34 6 62 6 64 14 18 68 39 94 72 75 88 68 76 19 88 19 20 35 4 46 29 58 65 25 8 17 94 59 36 73 13 94 29 17 24 57 54 63 62 14 76 3 95 7 10 40 79 54 72 86 46 70 99 62 92 35 59 77 27 49 93 60 87 15 24 72 47 78 
17 52 32 68 14 97 76 40 86 43 43 23 14 27 62 93 55 99 9 2 49 45 67 43 36 8 87 75 33 18 72 35 83 49 13 77 11 95 49 23 90 93 29 4 63 4 70 35 20 27 56 64 2 33 99 16 99 56 41 75 85 33 68 33 44 86 63 21 12 59 34 73 29 68 77 86 5 1 2 29 88 20 46 76 12 14 24 37 28 7 31 40 23 11 20 92 62 4 75 96 36 96 8 78 59 91 20 66 38 77 54 84 14 88 92 30 39 15 69 25 88 29 32 65 50 12 88 8 47 77 4 37 81 79 46 4 62 76 55 39 21 38 14 94 89 6 23 78 34 37 62 88 63 63 41 43 87 63 58 55 17 58 23 24 62 55 8 57 2 62 28 76 75 71 2 67 54 33 61 32 62 15 95 52 40 17 89 28 3 82 83 27 40 49 98 57 33 51 81 32 27 95 14 62 69 0 23 21 5 45 78 19 58 43 80 30 20 50 44 48 27 30 56 54 48 77 69 96 99 39 1 83 65 73 34 91 63 59 77 89 94 6 94 55 93 90 84 82 79 5 39 34 9 42 59 6 85 44 52 7 89 64 69 11 36 53 94 20 37 38 22 75 31 40 43 42 69 38 14 48 78 82 14 33 98 11 45 54 62 13 3 35 85 16 30 56 25 40 30 3 15 7 70 26 56 35 7 58 33 46 55 28 23 24 8 88 47 57 35 49 92 88 35 55 32 62 67 85 77 39 85 72 50 54 39 54 57 78 73 43 57 3 85 45 6 52 44 23 24 47 4 97 95 90 1 10 71 27 13 68 36 38 25 80 57 4 91 37 16 13 76 13 92 76 39 96 90 76 16 39 62 55 3 6 48 9 7 45 96 55 10 82 97 19 13 26 17 32 21 94 
29 33 12 82 31 92 81 74 48 19 16 3 54 35 15 37 62 77 3 90 55 38 30 53 75 76 7 30 25 66 87 48 26 84 4 23 26 51 68 26 35 73 60 9 28 17 51 21 54 91 85 69 34 23 20 44 69 30 23 79 85 44 76 15 40 91 18 41 48 38 90 10 3 44 39 3 81 30 13 90 64 96 15 21 27 77 49 15 67 84 2 93 22 80 17 84 51 31 99 53 44 9 72 30 6 95 39 57 30 59 92 73 19 72 14 3 10 85 85 53 52 99 39 2 79 52 62 10 35 13 36 73 74 11 31 95 54 97 60 48 3 31 97 42 29 93 68 40 86 65 61 85 26 44 73 86 66 42 76 64 53 51 47 2 80 56 73 45 62 37 27 97 98 81 37 33 48 36 20 56 99 17 6 81 9 27 73 58 18 67 10 72 48 71 96 30 5 76 38 88 79 87 83 65 41 23 0 58 4 78 88 32 9 20 44 44 27 86 60 9 26 40 33 3 9 76 51 31 38 98 63 82 42 75 81 9 15 13 94 18 14 75 90 8 13 57 72 38 26 60 46 43 94 92 33 48 93 63 84 8 67 68 55 39 30 9 55 87 61 31 3 43 10 91 66 20 98 24 31 52 94 37 10 53 91 63 77 77 93 23 81 19 95 81 39 21 56 69 45 89 52 51 6 79 42 6 12 24 17 15 50 89 28 81 86 5 57 2 22 18 38 12 69 24 16 99 32 61 74 6 74 48 44 44 2 36 85 36 34 52 90 98 14 8 97 36 93 27 57 67 97 91 15 22 64 63 53 15 24 47 29 14 32 68 88 16 8 68 38 7 8 93 52 46 16 30 81 41 3 99 27 15 30 18 71 37 51 64 29 96 15 47 83 25 23 77 9 59 89 75 
46 77 4 80 24 92 15 15 66 59 36 76 62 59 78 83 48 79 81 71 85 63 67 54 41 55 69 68 45 25 44 62 6 97 20 75 84 42 58 75 42 70 19 9 94 31 93 59 43 66 75 74 35 22 13 7 44 8 25 41 22 20 12 77 27 55 84 59 88 38 28 55 77 23 78 8 68 12 64 62 99 52 35 12 71 69 30 88 15 33 78 61 44 40 98 50 13 86 67 19 92 38 89 10 28 85 10 45 14 82 27 7 59 43 41 60 15 18 43 15 46 67 28 48 49 67 92 48 44 7 82 74 42 54 6 46 30 52 5 69 50 17 76 29 98 33 21 51 58 34 19 29 33 94 71 24 42 64 25 70 50 7 87 50 89 61 37 75 61 54 52 28 58 75 17 9 48 13 4 81 95 19 84 20 5 91 25 28 80 90 97 7 55 78 38 71 56 19 27 56 64 81 49 4 88 21 58 0 25 5 52 39 25 7 11 50 97 82 9 77 2 15 75 84 90 5 54 80 52 25 13 37 3 63 28 54 83 70 29 80 58 9 7 12 56 96 66 72 96 86 93 53 8 48 82 41 55 1 68 45 1 6 38 89 72 93 67 80 5 12 87 59 60 21 67 49 64 2 25 94 73 88 91 61 21 89 77 16 83 50 81 67 5 48 67 20 78 13 28 72 13 59 70 99 4 96 41 42 67 95 44 71 27 89 57 83 36 61 7 51 6 38 20 46 39 4 47 43 94 45 93 51 21 8 74 50 5 46 78 12 98 78 22 30 93 76 65 35 87 15 96 49 81 76 71 87 39 81 59 24 46 9 63 14 49 84 65 90 2 36 84 21 73 40 56 73 55 4 24 2 73 34 82 5 90 67 16 96 58 8 58 15 5 30 30 57 8 53 1 47 
68 63 55 4 51 83 3 48 42 76 47 76 41 91 66 74 25 45 25 36 38 63 25 74 36 16 22 56 96 80 42 81 79 62 32 94 42 92 50 53 69 49 19 85 7 59 84 40 29 90 61 60 95 87 64 11 25 10 17 55 68 41 55 9 70 30 52 58 99 99 88 10 16 2 64 31 58 99 10 52 6 33 92 71 29 70 61 15 18 93 62 4 90 27 10 10 18 90 89 12 70 49 77 25 77 15 82 86 37 34 5 97 76 57 55 16 73 61 37 8 25 22 66 90 4 83 33 57 66 46 23 38 75 10 64 21 36 92 86 81 68 82 60 10 18 92 2 88 11 83 56 62 86 81 1 83 24 80 39 77 33 54 46 97 14 78 4 46 58 11 75 12 72 6 97 12 47 76 5 7 13 30 15 79 2 54 83 23 74 52 40 57 16 84 12 37 46 90 66 52 88 85 26 52 74 5 4 25 0 28 59 80 75 15 24 8 15 94 2 97 30 55 49 63 99 68 48 13 13 94 29 84 1 41 3 30 66 31 22 41 83 20 64 92 59 46 23 33 84 92 91 14 88 31 25 83 61 5 45 96 39 75 42 17 75 6 14 90 25 83 21 64 81 44 88 36 71 44 92 6 34 17 13 99 12 28 41 31 44 95 68 6 67 19 66 45 75 8 41 92 26 49 77 70 27 7 35 58 46 37 19 85 10 97 73 77 76 94 22 34 39 42 70 25 90 48 95 40 80 15 37 49 16 7 55 75 40 73 56 84 61 86 38 81 26 96 38 47 46 50 39 18 82 42 12 62 66 43 49 4 35 51 38 66 83 27 51 9 10 15 74 2 77 87 72 52 79 27 91 71 85 24 21 15 26 27 46 69 25 88 40 54 90 97 87 99 39 90 24 21 
67 52 2 48 22 98 53 72 57 13 82 51 39 83 93 57 24 97 63 4 2 22 38 88 50 62 45 27 87 4 15 28 37 5 46 86 38 82 10 66 90 80 11 81 87 37 42 71 68 65 39 77 77 94 35 55 16 79 33 17 7 65 17 9 34 70 95 51 60 15 25 95 76 69 67 24 33 93 82 69 88 43 67 3 82 4 40 5 96 6 97 73 55 26 36 26 76 60 88 58 26 27 21 18 5 71 78 35 1 80 80 24 79 32 71 89 39 28 80 57 68 65 67 73 22 8 93 57 85 30 17 6 4 42 5 44 28 89 72 89 53 35 3 93 22 47 46 29 96 84 11 67 64 5 61 40 14 75 84 35 31 56 9 69 56 8 17 4 5 92 26 26 40 5 43 69 99 12 51 77 33 39 62 63 23 73 89 98 60 2 38 40 74 24 97 71 91 50 93 19 30 78 69 84 8 45 78 5 28 0 61 37 46 63 90 21 6 66 48 31 7 91 71 35 17 50 42 82 37 46 55 6 75 33 16 21 50 5 26 49 10 50 98 70 58 64 24 92 36 17 66 50 69 25 68 29 13 15 90 43 28 94 54 90 63 26 28 79 93 49 94 74 52 18 42 43 81 52 85 28 69 43 79 12 49 96 2 54 16 4 57 58 5 82 93 31 20 43 16 96 27 36 85 15 78 1 39 5 72 77 57 96 73 21 45 22 83 32 27 79 89 33 37 25 81 83 61 78 47 73 27 85 14 17 37 84 64 2 71 62 79 54 20 36 79 55 92 65 60 42 11 41 5 97 4 68 85 61 78 15 13 28 90 7 39 62 12 63 48 52 16 1 44 17 45 22 86 35 2 34 35 59 54 88 47 38 94 94 86 94 30 88 33 27 28 45 40 59 97 22 
79 97 14 71 72 37 55 2 42 29 24 42 17 70 48 66 27 12 33 4 49 25 62 97 29 87 50 9 49 38 91 1 15 83 91 95 1 69 24 38 71 33 86 81 1 32 60 32 22 91 4 79 45 89 75 94 33 80 17 99 6 33 29 33 26 2 86 65 40 39 87 99 35 38 97 85 85 61 91 41 85 14 23 7 56 33 7 3 88 33 4 74 44 30 15 52 22 88 66 64 57 80 13 59 59 50 55 41 44 9 43 70 73 29 43 12 36 24 50 61 76 10 55 35 57 16 8 38 38 50 80 79 64 25 52 15 21 65 9 57 72 93 31 33 8 35 4 71 40 6 58 99 46 66 74 11 63 36 77 36 96 18 8 77 69 28 97 38 91 95 58 14 74 1 52 30 62 5 41 74 84 90 84 18 21 85 59 80 15 89 12 95 62 49 9 13 52 96 25 7 99 19 53 92 96 78 88 52 59 61 0 88 93 3 19 3 98 93 11 92 90 93 32 42 61 49 64 77 85 84 48 90 86 48 7 1 56 13 58 78 95 30 32 29 36 3 13 75 4 84 69 59 17 1 73 90 67 72 92 22 98 21 4 26 55 15 4 52 66 38 44 76 35 83 80 97 40 97 53 64 70 99 37 36 31 84 14 90 7 26 20 52 21 55 60 35 65 16 65 61 96 62 58 12 33 58 84 29 41 40 92 90 19 74 40 77 75 89 54 34 68 1 5 40 87 7 77 57 25 10 7 22 9 28 53 98 73 44 46 50 55 35 21 32 49 11 61 21 78 26 99 91 78 69 44 80 24 8 93 84 81 99 26 42 11 72 85 11 95 60 83 32 82 73 36 11 38 88 51 5 39 36 30 30 89 83 63 80 68 19 23 49 51 49 60 66 46 31 27 10 
47 31 60 43 4 7 16 34 80 46 21 9 48 15 77 5 34 11 61 7 97 97 86 41 87 24 97 51 20 64 11 88 95 84 74 19 12 99 97 45 83 91 59 9 4 3 26 19 82 9 73 19 91 69 69 86 38 74 3 15 60 48 26 15 4 73 23 38 89 42 60 41 20 35 27 4 91 79 81 95 95 80 77 88 54 21 40 69 8 6 40 99 42 66 88 68 58 35 86 90 13 7 65 14 27 38 65 37 43 86 13 11 63 20 11 1 76 82 31 69 54 78 60 72 36 60 78 42 50 83 86 33 85 15 69 60 47 23 95 35 21 60 58 62 45 74 27 81 59 71 10 51 15 28 93 4 25 95 96 13 16 1 74 48 2 65 70 1 20 97 97 18 61 28 50 95 21 13 72 59 11 62 14 76 48 74 11 20 60 69 75 53 86 57 41 20 92 29 59 75 65 7 85 69 88 19 32 39 80 37 88 0 20 76 88 90 51 2 80 60 60 21 68 86 15 41 96 71 70 3 25 20 82 31 88 18 68 96 51 83 69 81 58 14 49 8 53 39 53 77 6 17 33 49 14 10 71 62 17 81 52 42 20 70 12 48 13 51 77 99 46 87 85 97 92 12 19 26 70 8 97 67 71 59 86 36 11 29 80 28 99 99 53 97 99 42 78 58 44 86 47 99 69 12 1 34 2 6 11 89 75 53 37 10 41 5 86 8 43 77 52 76 77 83 5 7 12 67 99 81 95 95 36 79 81 20 93 98 85 49 16 41 24 41 56 70 13 69 52 48 90 97 45 80 78 17 94 3 10 16 51 18 58 53 3 69 76 56 38 40 29 65 31 25 52 41 48 14 46 93 86 85 10 55 25 44 43 71 23 10 76 92 88 1 25 66 34 45 58 58 
1 23 57 6 24 39 97 71 45 50 5 48 39 80 14 48 84 84 96 7 11 60 47 7 31 20 12 61 90 74 87 70 47 94 91 50 8 29 63 32 36 5 78 3 29 87 78 43 5 78 26 13 76 35 80 73 44 6 21 52 26 64 9 23 8 12 43 30 51 86 67 20 68 10 81 83 42 64 24 87 1 48 75 62 9 71 94 76 73 67 81 38 42 53 62 69 71 77 79 46 79 53 97 24 67 21 79 87 43 83 22 64 95 51 87 34 81 63 87 33 1 31 98 89 40 80 40 83 92 67 84 68 59 89 24 97 77 18 91 36 61 13 46 71 84 94 95 97 46 28 75 52 24 83 37 71 78 81 48 22 94 32 6 22 84 81 79 87 78 57 86 56 3 29 1 85 38 42 61 5 88 65 15 25 58 83 17 31 2 12 12 98 2 57 43 7 15 9 83 99 16 10 2 82 77 58 9 25 75 46 93 20 0 73 74 65 71 1 54 87 24 44 73 14 12 72 88 30 96 99 18 70 31 38 59 7 13 6 32 56 26 44 37 83 69 81 84 80 1 25 33 47 80 94 30 56 54 43 25 6 14 58 19 94 56 6 70 99 86 66 61 63 20 35 35 53 58 94 88 10 52 67 36 2 34 24 32 23 45 3 72 98 93 24 53 6 60 16 37 10 64 56 78 9 71 32 41 26 19 30 54 77 82 89 97 42 69 93 24 3 54 25 75 46 49 65 62 98 66 95 66 51 13 5 96 31 74 87 95 23 30 19 56 77 90 40 17 43 17 1 53 92 71 45 29 34 49 37 93 56 69 61 58 22 68 41 75 53 37 3 33 81 27 99 26 16 96 10 30 8 63 3 21 8 75 82 60 70 12 5 93 44 33 67 3 55 41 69 38 19 
30 6 82 21 13 99 89 61 95 95 24 84 98 84 6 39 95 94 45 88 27 8 91 1 40 75 43 75 84 96 29 69 83 56 72 34 47 59 63 84 14 83 6 22 75 52 20 77 48 58 18 20 25 95 51 69 50 14 90 17 32 88 73 25 2 78 40 31 15 15 4 82 8 12 42 19 65 64 21 65 83 90 90 86 88 23 22 92 84 99 36 62 76 54 6 82 1 57 25 27 8 77 90 30 26 92 55 1 60 8 2 32 21 80 69 4 86 52 21 34 76 21 5 69 97 93 37 69 34 63 31 75 70 75 69 62 77 26 44 46 55 86 95 41 75 32 89 70 54 7 28 67 44 27 85 38 79 57 82 90 41 22 82 45 52 69 96 76 22 61 43 1 95 96 2 23 43 2 96 85 10 22 23 4 77 61 15 71 32 34 61 29 97 55 72 77 76 45 22 38 25 78 46 8 45 43 20 7 15 63 3 76 73 0 57 2 47 5 86 50 24 6 62 97 35 40 25 13 67 41 13 84 59 71 26 83 34 97 16 43 23 2 83 47 86 12 18 40 61 8 25 99 98 55 64 73 75 19 77 93 56 19 57 48 4 83 38 95 22 26 33 53 21 95 35 77 25 91 36 50 88 69 85 41 25 52 91 85 24 45 15 34 32 95 5 23 69 42 20 48 47 89 46 13 22 71 45 36 51 46 48 19 88 58 22 60 14 20 73 15 23 70 8 14 4 39 82 34 4 53 80 49 48 1 1 96 51 79 22 70 13 13 31 38 23 19 98 31 50 24 29 61 63 68 16 7 72 30 2 52 64 1 77 87 73 14 8 62 19 8 12 8 79 99 65 20 68 47 20 77 58 55 63 24 78 85 10 77 30 23 43 34 28 21 13 34 56 65 63 93 
64 92 9 58 78 32 1 20 80 23 26 28 1 79 23 80 41 53 21 36 24 58 49 4 16 25 62 5 25 41 90 42 18 63 13 5 67 66 19 75 86 6 85 84 68 59 3 64 45 73 91 58 3 19 68 73 12 87 94 54 2 34 49 33 78 93 37 88 48 36 17 70 48 48 85 89 37 48 87 91 23 13 99 47 73 98 33 31 88 68 12 64 42 68 16 86 89 11 97 81 74 34 78 20 88 49 40 22 74 85 26 31 87 78 15 52 5 60 30 74 85 20 84 98 26 39 14 30 66 97 92 34 84 88 25 16 2 12 73 68 11 7 68 47 13 6 29 5 35 32 59 27 73 46 39 71 6 48 95 29 44 74 33 53 98 27 87 70 90 71 4 7 43 22 19 54 25 70 31 35 89 26 24 59 79 95 75 19 25 88 49 4 50 97 61 80 42 98 62 7 20 76 69 9 45 80 44 11 24 90 19 88 74 57 0 1 30 42 48 85 70 65 92 50 78 54 81 24 52 32 1 7 90 95 56 96 99 20 32 98 93 84 68 32 68 26 36 71 25 57 10 24 63 59 25 5 81 97 12 94 93 73 57 82 29 32 58 95 50 60 31 9 75 29 63 59 98 34 74 8 55 54 43 97 93 54 31 75 50 89 31 58 55 6 81 71 7 17 3 52 48 32 42 83 98 13 54 21 31 16 58 60 24 89 72 29 68 80 59 11 59 47 24 85 68 13 98 99 1 52 81 29 88 91 11 59 70 59 52 98 58 24 18 71 15 61 72 48 93 98 84 55 51 98 33 44 71 90 27 45 89 46 79 69 6 26 69 45 41 37 74 75 75 9 91 47 58 31 6 11 78 33 54 4 60 52 86 57 98 21 35 94 13 90 77 10 92 61 91 30 
76 96 39 60 8 63 60 16 87 77 47 10 66 63 42 76 19 31 86 61 68 97 31 80 89 88 18 20 90 14 27 30 71 57 94 27 26 35 45 67 55 71 54 30 11 19 28 53 45 61 82 61 36 52 25 6 62 29 81 93 28 95 9 63 83 45 23 18 59 91 29 83 87 35 16 27 68 4 25 19 22 90 35 62 70 20 8 31 3 32 42 71 11 54 94 90 85 17 20 64 32 48 95 52 43 12 15 91 42 99 6 87 79 65 32 87 14 42 38 47 8 43 14 8 88 71 51 50 90 12 69 3 15 17 65 81 17 79 55 96 53 85 47 31 18 54 55 58 38 83 12 10 11 17 58 46 45 96 71 56 55 88 98 50 31 65 52 36 21 55 35 80 40 19 8 88 36 65 9 81 38 72 15 93 95 64 86 33 96 81 55 28 66 79 25 63 42 56 25 68 52 18 38 73 58 30 44 50 8 21 3 90 65 2 1 0 34 30 48 40 34 96 80 15 34 88 93 87 67 74 79 68 16 14 17 73 6 39 8 43 62 5 23 83 4 19 83 52 39 55 5 9 31 14 92 88 89 63 34 26 95 22 85 3 23 93 72 36 63 88 56 91 12 66 8 46 77 7 41 76 17 44 37 58 14 3 86 48 10 18 84 48 69 9 42 7 32 5 12 70 80 46 76 97 94 24 39 59 28 45 92 87 93 57 3 36 31 49 63 83 9 86 29 52 93 56 59 89 74 63 56 56 83 68 41 8 12 8 26 85 64 99 92 31 71 7 62 29 20 64 9 6 30 89 55 93 51 32 94 84 22 88 33 29 57 51 23 99 65 21 3 86 21 1 81 78 56 39 75 3 8 8 18 76 30 26 62 34 93 93 89 87 40 59 61 42 54 10 84 23 
36 23 5 55 53 48 63 98 34 57 32 71 49 26 7 19 15 31 92 30 69 79 68 94 40 68 18 54 49 39 99 42 68 91 97 17 16 36 75 48 94 44 44 62 3 96 88 1 62 34 86 2 35 49 96 88 11 87 5 7 3 19 24 95 24 34 35 84 1 18 78 17 17 83 39 22 65 38 39 97 20 62 10 12 8 79 39 93 16 35 26 28 49 32 63 77 79 13 51 60 58 59 81 10 73 46 97 96 17 52 82 84 10 74 76 73 79 41 62 15 56 21 26 22 73 95 86 62 9 66 91 53 14 31 75 41 34 82 98 91 60 48 69 13 37 50 48 84 39 75 67 33 42 50 63 72 68 45 42 79 69 91 24 61 36 45 62 95 52 32 64 9 80 41 11 12 38 95 40 22 5 17 4 92 29 71 84 58 26 87 33 67 91 68 49 51 81 39 87 88 71 24 16 8 49 20 27 97 15 6 98 51 71 47 30 34 0 46 57 46 79 77 21 41 42 11 16 70 11 84 15 28 8 35 45 66 21 67 22 93 88 75 44 21 54 48 75 29 57 77 46 59 7 16 63 97 77 42 24 52 29 88 52 95 3 24 24 19 15 6 35 19 55 58 31 51 96 75 39 21 11 14 69 53 4 75 83 85 69 14 64 36 89 5 97 61 42 98 36 15 65 34 95 9 69 2 83 68 85 44 24 50 39 53 15 58 84 85 47 28 14 32 5 21 83 57 51 24 27 14 55 89 68 90 12 51 5 63 52 85 41 67 66 58 63 59 68 40 62 16 23 15 65 32 70 8 36 3 20 94 59 55 3 66 43 68 47 93 29 46 3 17 26 2 84 90 77 53 62 27 94 31 80 28 29 97 7 67 31 36 8 27 61 28 26 76 78 21 13 27 
54 77 71 78 31 63 2 99 55 90 26 19 70 68 16 50 39 63 90 77 45 28 20 33 34 53 44 95 99 35 96 63 36 61 31 59 58 98 15 95 29 20 52 13 61 30 81 41 50 34 21 10 97 63 98 17 14 7 48 32 23 85 57 53 83 25 98 74 22 18 6 8 76 1 51 80 67 83 68 19 91 73 74 52 2 54 55 65 55 66 43 30 78 49 5 74 44 94 61 57 51 78 74 49 49 68 87 71 81 48 35 89 10 45 78 29 76 33 12 69 76 67 15 77 30 15 77 19 56 12 57 87 20 17 37 95 83 94 43 77 32 65 91 20 63 82 39 2 83 73 97 27 17 75 85 20 54 53 8 73 37 7 39 41 18 23 91 19 20 77 1 73 91 92 17 12 60 86 7 74 87 59 81 63 97 4 6 93 43 67 97 48 68 91 80 83 6 41 26 66 40 22 94 28 37 50 86 82 94 66 93 2 1 5 42 30 46 0 29 45 59 38 74 38 59 13 13 76 37 13 89 34 41 34 34 27 63 81 54 44 34 25 94 19 52 70 22 86 81 12 32 20 95 97 82 43 94 34 80 65 92 89 29 6 84 14 64 87 94 48 68 36 62 12 62 25 65 63 35 63 13 24 46 63 46 40 41 45 90 21 12 83 63 33 33 65 9 71 21 34 50 31 74 98 65 78 86 80 96 58 79 96 62 31 54 54 63 23 53 62 21 87 89 65 84 26 19 35 89 90 35 93 30 25 48 24 39 12 7 73 58 11 6 33 92 10 55 49 84 48 69 9 65 54 30 86 38 69 56 46 92 43 62 6 18 72 38 56 38 35 39 30 87 63 70 74 63 88 21 35 17 4 74 21 76 52 40 74 13 67 42 46 27 80 54 58 56 19 51 90 
94 23 77 25 27 35 92 54 16 39 19 79 32 18 31 64 64 22 8 76 74 32 44 35 81 12 5 27 10 80 65 37 74 39 31 17 24 1 68 91 92 22 83 94 68 12 28 78 33 58 88 52 11 88 53 76 13 96 44 42 32 43 54 1 71 82 94 23 92 73 11 82 39 99 49 27 79 65 29 40 30 24 42 99 21 53 91 76 70 70 84 33 95 11 77 5 1 53 41 36 62 28 13 88 41 12 74 70 39 89 30 80 92 31 73 72 28 63 77 57 35 23 40 88 86 20 59 52 90 3 63 47 10 34 7 8 24 50 91 56 54 4 43 30 47 41 79 89 43 33 87 68 98 42 7 97 99 61 78 57 68 36 66 56 3 84 40 51 92 12 84 26 35 29 22 44 96 80 81 68 31 33 56 12 89 50 40 88 74 97 7 52 86 14 25 50 64 97 9 95 70 91 49 65 45 44 60 9 2 48 11 80 54 86 48 48 57 29 0 70 77 34 28 69 12 47 43 41 55 56 46 95 96 48 88 80 7 31 45 74 49 55 4 4 68 87 7 1 76 57 71 74 91 23 99 38 43 25 92 26 25 23 26 26 27 83 32 49 87 11 26 11 81 80 2 26 6 12 79 8 96 4 4 57 88 17 71 50 61 93 5 12 7 68 18 67 24 64 2 91 51 93 90 24 75 37 11 25 87 52 42 88 17 85 57 26 19 44 43 30 13 86 84 87 72 96 85 57 96 49 8 3 59 14 41 34 89 41 41 24 33 90 10 34 84 83 82 45 42 6 79 80 9 4 98 56 48 14 2 70 93 10 97 35 89 72 41 67 46 98 86 47 86 40 69 65 95 87 6 52 22 81 43 77 76 70 32 37 74 18 43 87 13 78 16 90 50 6 29 1 
34 19 74 59 9 72 68 70 28 87 12 70 66 20 47 71 7 23 19 42 92 97 2 28 23 17 20 48 30 45 39 59 13 72 55 9 94 93 75 79 34 20 4 82 40 9 18 89 30 90 56 52 96 96 88 29 47 82 55 48 82 12 96 48 48 71 19 92 47 26 79 30 35 74 67 1 2 80 46 79 78 29 59 93 45 71 78 64 99 77 88 57 96 67 14 76 30 41 37 51 89 19 9 45 28 40 49 2 57 51 74 48 42 15 82 31 62 94 98 87 55 45 19 33 75 17 3 62 78 42 25 51 64 36 90 96 76 17 15 34 77 23 74 24 78 31 97 54 20 93 61 18 90 18 87 10 39 57 37 44 65 65 61 16 30 70 78 35 8 3 24 27 30 75 49 6 83 85 80 72 37 10 55 83 43 46 21 88 66 38 69 54 53 24 5 11 30 2 45 80 77 84 27 66 84 48 9 77 97 31 92 60 87 50 85 40 46 45 70 0 38 85 67 94 15 78 86 18 40 22 75 58 56 52 58 44 69 36 85 97 92 61 71 26 65 61 40 61 82 8 30 90 8 6 6 95 60 28 33 72 8 70 46 60 16 93 37 12 93 82 70 81 35 30 2 55 57 14 19 63 5 30 10 49 6 14 77 46 74 74 13 55 26 61 13 94 3 20 56 91 11 3 12 71 30 27 55 69 89 30 31 30 53 75 31 41 71 76 19 96 69 25 81 28 24 17 99 76 98 98 47 21 92 52 33 7 14 99 52 24 76 80 75 13 8 70 82 92 35 23 24 69 92 17 65 44 3 89 60 17 61 21 57 33 67 53 23 82 88 85 5 87 15 85 86 50 38 18 18 56 90 60 53 33 3 50 96 9 97 99 39 53 36 73 10 10 67 92 72 11 
3 94 6 80 97 43 82 21 38 12 54 62 1 55 93 55 72 43 49 8 44 46 88 13 65 70 6 63 10 49 44 53 69 70 40 35 3 16 20 21 50 96 7 71 78 76 23 17 23 85 89 32 72 25 88 12 63 51 67 93 77 26 18 44 82 20 23 86 99 10 93 23 54 56 87 89 9 19 21 93 78 50 22 43 65 75 18 90 68 74 88 7 83 98 5 45 79 5 82 10 59 57 92 59 40 10 34 1 5 29 26 96 77 29 25 66 16 98 28 24 42 10 60 85 16 74 73 55 76 27 51 22 3 93 18 20 55 8 72 29 23 36 84 61 60 37 84 88 64 34 69 48 3 20 63 88 72 52 73 91 40 65 12 25 39 52 18 13 76 68 95 61 81 48 37 95 36 13 69 69 37 62 47 72 98 88 29 42 74 11 65 53 62 11 17 66 73 38 24 35 79 3 39 68 71 27 26 2 30 7 90 60 24 24 70 34 79 59 77 38 0 34 81 89 72 8 54 49 22 64 8 39 93 31 82 67 53 49 86 90 53 55 42 79 70 98 20 76 36 43 13 5 90 1 94 8 35 72 35 13 59 56 76 9 23 32 33 5 43 72 71 70 18 25 26 2 81 79 68 25 17 43 69 41 45 96 36 98 93 85 63 4 49 97 56 27 78 1 25 41 57 40 75 93 40 56 80 88 63 31 70 46 94 68 73 47 21 63 98 24 48 73 63 69 92 28 74 64 92 55 51 23 19 78 44 65 34 19 77 19 53 35 93 20 12 90 15 62 45 15 76 66 4 77 22 54 79 83 94 27 19 43 80 9 10 70 46 42 27 9 39 52 20 91 2 36 74 42 4 22 2 87 73 72 89 36 26 68 40 5 92 95 13 94 48 3 34 75 42 46 
85 30 80 37 85 21 42 36 6 20 46 84 76 38 33 43 53 57 77 42 83 38 81 84 87 24 51 60 42 7 68 94 65 13 5 5 33 97 76 35 40 99 80 38 90 79 69 96 77 30 43 40 78 91 76 55 29 94 17 95 66 4 70 32 43 62 46 7 42 80 97 18 40 29 94 51 88 9 52 97 61 88 47 34 79 10 34 41 11 38 36 85 52 78 14 79 93 97 19 54 64 63 46 80 99 82 64 89 71 33 14 51 32 6 94 80 1 61 71 17 22 92 63 69 33 78 37 16 26 99 24 70 57 12 39 72 12 93 92 7 50 5 58 32 15 1 15 18 38 63 10 93 80 28 1 82 54 63 76 32 13 53 95 93 3 47 59 15 29 51 14 73 22 66 42 79 33 15 70 13 60 56 51 15 21 61 62 91 42 90 91 55 98 97 97 81 85 79 24 15 95 57 31 58 32 30 40 15 55 91 93 21 44 6 65 96 77 38 34 85 34 0 58 18 72 40 83 34 87 46 89 62 88 40 42 82 45 93 93 7 96 69 30 23 50 61 70 22 18 44 55 5 96 57 58 35 15 77 81 69 18 27 67 18 57 60 79 45 1 76 36 44 3 54 79 84 37 78 12 3 99 60 60 10 53 76 20 54 51 67 64 8 54 74 96 75 86 66 97 22 94 69 96 81 48 50 7 36 35 25 74 16 44 65 89 31 6 60 76 73 38 80 48 24 17 18 57 50 27 34 77 39 49 87 11 1 54 88 57 98 39 54 1 55 23 43 56 85 49 97 8 40 80 9 91 41 46 2 28 62 84 15 78 74 57 93 32 86 53 67 24 86 49 59 17 75 32 96 40 60 29 14 3 39 78 86 87 87 1 55 24 5 68 48 63 8 32 82 82 63 
84 19 85 81 82 91 84 39 65 89 7 36 77 1 19 70 15 96 37 32 58 59 82 94 77 40 33 69 89 29 93 77 37 28 32 43 73 55 50 10 30 90 57 33 81 43 53 91 24 88 23 80 40 43 98 20 58 1 49 34 78 49 84 17 61 13 5 50 88 79 19 76 12 25 19 53 35 24 47 66 57 77 99 94 30 53 22 99 99 10 49 39 88 51 76 42 54 91 90 49 52 5 32 18 80 25 63 76 57 21 19 34 38 8 67 54 11 87 10 47 39 8 57 36 48 47 77 87 98 87 79 63 42 66 16 40 74 61 37 30 42 93 85 78 42 61 9 14 37 44 21 28 96 24 78 20 36 43 19 29 97 34 29 46 66 2 58 44 86 3 3 88 22 99 64 74 20 51 75 86 13 49 43 70 23 27 44 57 45 78 99 72 56 74 44 27 2 12 72 99 20 66 1 16 17 56 33 75 49 71 32 68 73 62 92 80 21 74 28 67 81 58 0 95 17 56 29 71 27 63 86 74 81 92 4 58 14 50 99 31 40 92 85 37 63 15 11 4 23 12 63 42 11 49 36 35 14 8 11 52 83 59 78 99 59 53 76 36 91 85 22 53 74 43 21 48 36 84 89 31 41 92 49 24 66 84 68 70 15 40 11 58 51 65 61 58 35 79 48 78 42 61 14 45 10 27 64 58 87 1 73 42 5 70 42 91 60 46 96 75 9 10 93 26 67 44 28 95 82 34 8 92 12 4 17 12 62 57 66 61 68 83 33 56 52 46 74 69 54 83 74 13 71 70 38 95 41 87 6 1 23 68 59 52 73 33 26 52 77 87 33 37 29 39 29 89 58 59 81 31 47 50 26 72 2 33 92 77 66 56 70 60 7 39 87 91 59 20 13 94 
49 53 60 59 74 51 45 50 35 51 21 36 20 81 30 42 44 93 63 34 42 43 32 91 7 38 42 47 76 11 19 41 55 19 84 4 39 51 83 28 53 2 2 55 87 78 42 54 99 84 93 16 75 62 15 45 11 74 60 59 4 90 3 75 87 50 15 37 73 41 55 30 91 49 81 97 82 60 51 96 99 70 22 7 55 20 21 45 96 13 15 88 44 79 55 11 5 70 65 2 49 29 27 73 61 57 2 26 41 36 52 58 78 53 1 59 33 2 74 54 22 23 93 36 98 18 89 28 29 58 2 63 87 74 8 89 8 37 85 67 93 83 56 60 15 33 25 60 78 48 19 11 41 32 46 29 1 98 92 67 92 10 21 79 43 99 2 37 47 83 42 49 79 71 65 34 82 2 90 34 67 98 58 97 22 45 85 25 65 28 87 25 44 97 41 31 26 12 43 39 7 78 36 85 50 54 3 84 63 35 42 86 14 97 50 15 41 38 69 94 89 18 95 0 86 75 26 1 93 69 29 16 9 84 36 67 95 17 84 92 13 37 4 21 67 72 68 22 72 33 13 36 47 89 39 54 97 61 96 56 36 8 13 94 47 87 27 28 5 86 65 31 55 71 60 18 92 6 60 90 94 9 75 96 45 39 98 61 85 55 84 18 33 45 23 7 74 61 4 10 66 33 64 27 25 14 21 96 65 14 92 19 75 64 88 61 95 10 34 42 23 25 34 74 87 63 51 62 30 52 36 61 86 97 92 94 9 26 42 62 89 20 47 89 11 78 85 5 60 55 29 41 35 9 43 13 79 54 23 30 95 56 33 15 72 70 7 97 47 79 92 42 87 29 26 85 5 28 8 91 34 65 34 46 32 41 26 98 43 44 6 43 45 79 25 7 35 40 96 77 
55 32 32 52 40 23 98 82 43 75 6 57 85 62 72 21 80 38 55 15 4 29 16 6 11 35 84 29 47 27 89 27 83 54 59 71 54 57 49 87 96 1 80 64 10 71 69 64 53 84 54 92 25 58 62 98 15 68 51 3 39 43 37 14 64 97 22 50 76 50 53 44 89 73 93 87 61 86 81 32 70 47 35 50 53 24 5 97 50 91 12 51 55 82 47 65 55 92 86 24 98 92 7 10 37 82 78 41 41 45 45 16 76 24 11 7 77 74 84 87 7 36 53 32 62 33 7 45 48 92 90 85 60 64 53 21 92 89 42 16 42 23 64 5 36 5 94 62 23 15 16 59 88 36 66 81 9 35 63 94 64 35 89 21 90 49 47 26 50 23 62 79 50 45 67 82 97 33 91 13 71 70 36 66 83 61 82 67 89 79 74 46 43 15 20 65 86 10 95 73 76 83 92 79 96 48 9 90 99 17 61 15 12 35 78 34 42 59 12 15 72 72 17 86 0 37 63 33 91 64 54 15 26 24 55 39 89 21 34 71 15 29 6 32 77 21 82 90 4 45 16 86 75 51 9 37 77 58 4 23 98 80 57 10 50 84 59 98 28 77 38 68 10 2 49 61 47 61 6 51 91 63 55 48 5 77 65 79 88 59 28 69 73 57 66 26 86 56 34 89 15 85 24 59 59 27 58 35 10 94 51 71 7 90 29 31 58 96 77 91 79 46 49 43 88 60 9 31 88 82 34 41 19 76 22 10 82 17 50 86 71 89 36 51 56 15 54 21 84 3 58 73 70 72 14 86 69 1 79 5 30 55 19 22 71 3 20 68 83 63 13 31 37 85 11 89 20 21 94 5 37 87 49 52 34 82 22 53 30 71 81 14 21 93 73 18 2 48 36 42 
33 50 91 64 57 3 7 59 88 92 68 54 83 62 4 17 84 44 31 89 73 96 89 58 80 30 13 1 67 45 37 75 62 35 49 51 88 38 81 60 91 70 14 23 22 77 95 31 62 47 24 55 41 40 86 17 23 86 86 82 26 33 70 51 64 2 79 78 1 63 37 58 83 72 55 56 87 3 1 58 77 31 57 31 3 51 56 69 15 23 82 96 86 62 8 65 70 55 58 42 70 76 61 31 42 93 90 64 72 31 96 59 99 43 55 65 98 92 54 68 53 3 88 26 81 66 9 94 8 26 40 2 18 87 72 79 8 46 85 4 95 75 68 48 90 32 96 51 70 4 16 99 80 31 24 1 54 15 8 59 75 36 74 28 8 21 47 23 20 79 57 16 5 34 61 44 41 79 54 18 96 3 23 6 93 6 43 43 30 45 18 25 15 20 72 1 34 95 80 9 57 49 34 37 18 77 76 5 68 50 49 41 72 40 54 88 11 13 47 78 8 40 56 75 37 0 83 10 99 61 47 55 14 64 57 46 4 44 94 33 32 88 34 50 94 36 23 64 72 42 47 19 20 71 17 72 1 99 38 34 49 14 76 45 1 6 3 79 95 66 77 59 74 94 13 37 51 59 20 59 19 26 47 87 2 22 67 14 75 68 49 52 17 40 71 13 5 18 55 60 33 70 28 10 85 55 26 65 20 54 36 42 12 31 31 28 94 18 96 58 3 29 24 76 6 91 3 65 15 85 48 82 73 40 6 25 31 66 13 49 9 57 9 81 80 39 94 12 67 89 70 22 39 39 52 51 21 86 24 9 97 98 3 60 59 70 60 75 48 68 29 7 56 81 26 72 71 69 74 86 79 5 55 52 42 93 95 24 33 3 71 45 44 90 35 64 27 78 72 61 
29 99 8 74 61 64 88 13 45 91 12 23 64 4 1 1 41 86 3 91 2 21 71 51 29 73 12 24 77 87 39 63 59 93 25 44 2 61 48 42 57 30 11 57 98 26 95 76 89 52 34 14 23 89 41 19 84 34 15 87 21 38 57 5 64 24 64 7 98 3 10 7 70 40 13 51 88 64 77 4 78 35 45 33 47 43 81 89 22 32 38 12 90 38 15 42 93 4 24 60 1 2 9 95 2 17 4 50 91 40 88 78 38 80 90 6 75 31 97 33 72 37 53 10 87 61 97 34 37 74 53 63 40 1 58 38 29 26 65 46 62 76 30 24 42 62 90 60 4 34 39 40 2 78 76 83 89 27 98 35 53 50 41 9 18 60 66 20 26 61 80 13 26 12 43 64 22 20 60 39 42 57 19 3 76 96 42 57 95 48 78 18 3 28 93 18 66 66 78 30 38 85 46 47 83 69 51 54 48 42 64 96 88 25 81 93 16 13 43 86 54 83 29 26 63 83 0 36 95 90 90 97 40 45 35 9 18 91 89 79 26 48 89 50 55 29 39 32 99 30 27 82 89 84 50 15 30 43 64 67 20 1 21 87 69 9 49 63 89 29 23 76 23 24 39 61 25 35 56 14 30 61 63 13 65 7 82 6 72 82 96 40 25 34 3 61 15 2 72 38 71 45 99 63 84 32 84 60 32 50 34 80 11 87 73 29 10 49 80 64 31 93 24 56 60 61 36 59 16 67 86 91 58 55 54 45 2 56 55 90 16 54 27 7 22 28 63 20 90 89 5 45 11 5 42 59 21 83 96 20 40 36 28 49 51 24 42 64 12 5 11 40 10 99 27 62 35 70 81 53 12 46 14 47 4 45 47 63 63 78 1 79 43 66 35 66 37 26 38 25 
56 84 67 84 26 1 57 76 91 41 45 14 39 17 51 40 22 96 4 68 51 23 4 35 47 58 28 96 74 58 77 12 66 83 1 92 30 90 27 7 9 58 12 43 67 71 70 71 78 60 85 50 90 90 54 82 18 58 38 47 80 19 52 69 28 1 44 60 70 60 73 32 26 70 91 28 86 27 94 12 26 41 30 72 25 32 56 7 33 89 6 54 91 65 2 55 94 9 16 65 14 81 17 14 67 99 60 95 62 99 27 49 93 54 60 84 94 76 32 38 78 1 24 5 53 8 24 72 65 27 36 44 6 74 35 99 99 26 48 67 86 73 99 68 1 20 29 75 36 98 30 52 2 72 87 78 59 71 74 80 95 87 74 32 86 78 92 98 22 45 31 76 48 15 67 42 61 79 88 12 59 71 35 87 88 14 12 57 55 31 13 40 36 85 78 93 41 11 46 57 18 24 27 10 55 96 31 80 13 82 77 71 30 13 24 87 70 76 41 18 49 34 71 1 33 10 36 0 88 28 86 32 48 42 81 66 87 16 18 68 81 57 73 59 11 64 15 83 18 75 42 39 38 82 48 70 31 25 30 33 86 7 47 45 76 34 97 12 55 49 33 83 48 11 7 20 40 90 48 33 48 17 15 78 81 54 56 43 35 5 4 27 32 62 58 67 51 30 77 14 25 28 26 62 9 49 94 41 73 29 63 25 60 74 2 91 93 5 19 32 46 42 18 14 48 72 43 28 6 7 57 42 78 88 58 8 33 30 94 84 11 79 67 3 94 90 47 47 57 16 82 85 31 10 96 56 49 5 31 83 32 46 1 25 29 76 80 42 66 37 48 59 4 62 93 35 87 61 41 47 85 99 85 18 10 19 73 73 68 6 19 84 53 89 21 28 82 59 55 71 
83 94 33 89 66 93 50 54 43 60 45 49 55 54 70 68 61 73 7 11 65 40 69 86 24 96 60 18 77 69 79 85 69 95 27 75 59 6 71 13 26 58 82 98 72 38 33 35 11 32 13 67 80 73 51 45 23 66 38 85 16 51 14 5 40 74 99 96 44 29 32 47 12 92 16 42 76 88 71 79 33 56 72 22 81 80 47 21 66 44 14 24 7 4 83 9 50 18 23 5 91 90 74 73 35 86 19 31 48 47 86 34 71 71 29 60 3 53 68 28 19 61 24 9 27 72 8 5 20 11 60 72 50 67 46 35 39 87 31 71 14 73 59 23 86 96 97 84 8 42 32 9 77 14 77 44 10 11 57 23 52 29 68 22 90 54 29 97 16 30 87 77 39 39 85 64 12 96 82 31 20 84 73 89 72 70 8 23 17 97 64 35 64 66 60 76 48 97 68 26 48 84 45 8 45 99 38 52 13 37 85 70 96 67 52 67 11 37 55 40 22 87 27 93 91 99 95 88 0 71 74 86 37 37 71 46 45 92 28 23 62 2 61 79 76 65 6 32 52 65 54 70 73 13 41 7 83 19 5 6 9 57 83 72 50 39 36 45 91 29 62 8 52 76 77 83 29 28 8 65 73 52 4 78 23 6 33 31 19 17 47 76 67 14 68 23 88 80 53 34 22 22 92 9 69 14 23 63 63 40 66 83 2 10 59 79 90 14 70 14 29 68 90 36 88 87 85 72 4 58 9 20 30 52 93 54 52 8 53 35 71 45 51 42 13 48 18 39 43 73 85 14 81 24 68 76 69 96 45 80 48 58 55 96 54 18 97 73 8 83 95 32 32 68 11 33 97 24 64 39 91 19 22 19 62 17 78 69 29 14 6 51 75 14 75 78 66 8 60 4 
32 46 47 83 96 6 48 25 45 3 27 22 87 78 41 36 97 95 66 77 29 2 49 45 44 4 89 93 99 7 87 42 85 44 11 75 1 61 37 28 72 80 1 40 29 41 2 34 74 69 94 72 34 79 77 29 58 81 64 2 80 91 99 13 61 6 69 45 61 82 18 25 28 68 59 79 92 12 29 31 43 20 36 11 93 36 35 85 48 91 14 99 11 65 87 1 97 32 78 49 70 23 74 79 96 44 94 70 77 31 52 17 13 88 11 25 9 7 98 78 93 3 98 21 42 34 29 99 24 78 72 16 78 50 79 29 7 82 64 81 19 81 73 60 65 75 38 77 9 80 38 50 53 16 27 26 27 10 5 5 44 64 74 60 30 9 99 53 75 69 16 94 67 17 93 70 53 64 57 98 74 28 43 6 98 84 76 74 73 28 37 28 6 56 50 64 28 21 11 62 6 51 98 47 66 39 98 25 94 46 84 3 99 41 32 74 84 13 56 22 64 46 63 69 64 61 90 28 71 0 56 80 29 5 12 28 23 15 29 14 32 86 71 47 26 79 45 11 24 83 1 99 10 61 39 44 89 69 36 63 42 94 62 62 99 79 19 53 1 24 82 26 94 21 37 89 68 19 17 44 3 14 14 90 14 98 38 77 77 99 84 27 52 96 61 51 29 8 90 48 78 35 56 38 45 63 4 18 24 44 44 19 45 20 90 85 59 84 5 46 3 75 29 23 30 16 60 65 48 6 25 22 40 90 58 13 68 49 48 91 90 42 18 58 41 18 83 51 60 62 26 2 92 13 61 29 12 64 81 5 46 88 20 27 60 80 41 56 53 29 31 81 33 14 70 16 58 51 42 69 30 48 61 36 70 56 8 61 31 93 37 93 1 14 8 69 56 92 49 37 
29 52 76 56 28 73 73 96 53 9 86 8 13 25 36 22 23 2 77 50 20 1 54 96 62 16 63 73 41 94 99 1 92 95 99 41 93 18 14 27 83 45 81 82 31 36 88 26 34 1 95 35 97 39 20 95 70 58 37 82 82 72 51 27 36 18 39 81 3 38 5 37 57 76 68 69 77 32 23 54 23 54 6 12 6 26 51 77 42 78 57 14 82 69 9 3 71 21 90 42 45 15 38 61 6 80 2 42 77 42 13 56 78 3 86 28 97 20 42 80 61 37 38 93 56 25 7 34 1 57 82 9 77 69 50 39 23 35 95 66 6 32 56 71 41 8 72 90 91 7 73 5 66 46 34 77 6 93 5 76 61 56 89 84 59 76 47 31 35 24 10 58 6 50 65 89 21 51 45 11 27 86 73 15 49 74 79 29 93 14 12 5 88 78 69 16 42 13 7 11 36 15 13 68 57 1 63 13 29 55 48 25 18 13 1 79 15 89 46 75 8 89 86 29 54 47 90 86 74 56 0 93 18 19 66 28 5 2 37 13 73 70 98 46 58 85 16 85 20 83 93 56 8 92 58 10 72 50 51 53 16 36 62 52 7 88 16 44 16 70 24 43 76 7 29 39 81 18 46 14 64 43 83 26 86 69 6 33 43 79 12 35 74 97 74 57 5 69 15 16 80 46 79 69 8 56 22 80 72 32 43 76 16 1 23 80 61 95 11 97 19 35 30 88 39 98 47 61 33 84 43 71 9 89 15 9 94 66 17 75 26 23 47 94 41 63 15 98 47 30 74 27 75 66 30 18 18 95 74 86 53 13 18 4 72 87 31 63 78 4 33 80 48 78 99 51 55 82 72 27 88 35 68 29 96 47 1 40 68 25 99 45 67 77 4 18 44 78 6 6 
95 87 83 79 19 53 60 23 89 76 57 7 22 65 52 87 49 17 11 20 35 13 35 28 44 3 74 43 41 69 50 62 82 37 73 31 50 34 56 4 80 19 99 85 54 28 38 4 17 10 41 65 79 75 65 95 66 29 74 47 75 16 3 79 66 10 58 38 98 75 25 4 53 40 53 21 58 26 34 31 23 73 53 49 33 72 32 4 46 31 91 84 60 95 97 28 95 33 36 10 99 93 42 66 88 36 46 94 82 64 57 2 1 11 54 35 14 93 37 91 57 13 48 39 67 93 6 91 55 4 76 33 89 37 10 19 82 58 5 28 88 73 49 7 49 44 92 68 15 71 55 13 49 93 91 29 1 37 91 8 44 1 65 24 92 95 96 38 75 65 73 40 6 12 85 54 98 71 53 27 99 18 40 99 79 93 33 71 35 13 90 67 37 21 94 9 26 21 63 46 98 76 30 10 18 83 82 37 84 6 90 20 70 84 7 68 28 34 95 58 39 62 74 16 15 55 97 32 86 80 93 0 73 65 76 12 72 6 33 31 44 23 9 88 60 23 49 30 47 68 12 11 94 35 44 49 59 25 20 38 62 57 61 98 59 11 90 29 37 37 21 98 39 62 55 5 48 56 12 71 35 19 13 15 96 79 91 15 42 88 57 30 20 81 1 23 81 33 43 43 85 48 64 59 79 9 30 71 25 63 64 76 42 87 4 37 55 16 25 36 99 72 95 63 29 38 37 91 32 31 17 76 34 81 22 58 21 44 11 4 36 77 54 90 23 87 85 11 43 24 17 19 79 86 9 11 88 44 73 59 55 62 36 55 17 84 31 63 47 30 37 53 44 67 29 58 47 18 62 44 37 56 92 54 98 90 75 64 54 85 64 90 50 81 58 56 71 64 25 97 
75 16 45 71 87 10 94 34 58 72 81 78 19 20 16 52 86 27 36 21 27 28 75 71 65 4 84 15 9 91 5 70 35 84 22 56 31 39 55 2 20 97 91 65 27 66 23 4 12 9 20 40 44 36 69 11 60 68 41 65 52 66 35 87 95 90 5 26 79 56 54 54 62 63 49 26 79 29 4 41 85 87 51 55 77 82 57 18 33 60 74 65 33 50 76 36 54 77 42 48 42 84 99 70 77 53 14 75 52 16 87 44 18 48 44 49 6 10 8 7 62 32 71 11 46 36 24 81 29 71 86 30 65 44 98 9 21 37 81 27 99 88 13 8 84 58 27 97 71 63 4 99 1 58 12 53 49 95 68 13 84 18 82 72 31 43 65 56 58 77 74 38 19 17 30 65 5 15 7 56 52 33 56 71 37 40 23 31 19 48 81 53 92 78 67 13 55 97 46 88 95 9 88 14 47 65 42 3 1 75 86 82 31 59 90 16 8 41 96 56 93 88 81 9 26 14 40 48 37 29 18 73 0 70 79 35 63 26 5 69 27 61 11 71 47 71 1 88 23 57 17 68 14 99 47 10 72 96 87 81 71 26 16 34 65 75 67 91 7 95 49 13 76 99 32 40 70 11 33 20 5 54 23 47 63 26 5 50 53 82 81 84 68 92 17 7 36 36 60 26 33 62 89 97 17 41 68 91 60 7 21 10 30 24 25 20 3 45 11 27 32 94 10 8 70 89 38 87 73 60 44 74 36 79 31 96 48 71 78 46 18 58 56 95 38 46 60 64 72 70 99 70 66 37 81 99 74 78 9 3 89 72 34 95 31 29 38 63 50 48 47 60 62 80 92 58 69 52 4 63 99 10 17 28 46 61 38 97 71 49 32 61 50 68 46 29 30 72 35 48 
9 72 65 28 2 95 83 25 81 30 54 29 46 72 50 91 72 2 67 55 73 6 24 90 1 23 16 52 45 82 92 7 5 36 74 61 25 95 24 11 23 71 25 73 27 4 21 12 85 32 4 20 20 28 8 93 91 78 20 34 7 44 10 6 16 10 90 67 27 63 6 73 64 26 73 29 7 41 33 16 71 14 77 98 82 81 38 44 90 73 16 5 34 53 65 87 35 34 32 41 56 71 97 98 78 87 60 88 83 24 24 57 27 7 54 68 62 42 53 10 77 66 10 34 20 9 56 81 49 60 49 37 64 78 73 45 51 78 92 25 2 74 16 19 40 65 86 38 22 62 14 19 16 80 81 78 44 92 44 86 36 14 27 26 45 61 37 98 50 74 92 29 8 52 53 56 96 39 22 73 76 88 30 12 20 90 73 84 68 15 76 49 60 22 13 5 54 13 75 74 40 13 32 13 5 73 75 63 41 33 48 31 38 71 95 14 35 34 48 52 31 40 92 84 24 64 45 42 37 5 19 65 70 0 74 37 86 28 61 78 16 78 65 40 35 52 28 68 65 73 17 60 51 79 97 93 22 88 23 11 88 65 12 79 51 23 88 48 3 95 66 14 5 99 37 96 91 14 67 80 78 45 27 25 85 76 65 75 23 48 68 42 30 78 9 89 54 4 63 89 54 35 21 27 92 78 83 85 70 71 57 63 58 24 54 55 29 41 48 61 91 14 60 80 38 44 12 43 3 51 26 39 66 41 72 65 7 49 69 45 11 87 29 60 36 72 51 83 90 90 52 23 58 33 24 18 15 24 8 74 14 51 17 39 68 93 41 55 60 23 48 38 8 99 98 37 88 6 70 39 91 82 26 68 84 89 88 32 99 73 68 37 67 88 45 43 5 35 76 16 
33 49 38 24 35 98 81 31 3 96 38 44 60 63 9 65 96 98 66 74 87 55 10 18 75 86 49 35 1 90 99 31 39 7 30 60 39 10 52 19 5 33 26 62 68 58 95 76 42 43 36 12 21 76 37 76 58 69 73 39 74 17 45 48 90 72 27 26 5 97 86 74 13 57 78 23 92 17 79 52 79 86 88 1 26 73 87 15 96 34 10 5 23 99 1 56 51 98 81 30 22 8 78 20 74 68 13 39 69 37 49 93 68 13 66 79 33 62 56 12 90 63 8 2 90 67 35 97 54 57 54 95 16 79 71 73 13 35 9 47 78 63 92 75 24 64 20 49 46 7 60 25 56 83 94 76 55 8 23 24 89 75 20 24 84 97 54 27 83 76 44 79 1 62 49 31 12 13 94 54 71 45 86 74 43 84 30 15 12 46 75 61 43 19 13 90 23 85 95 84 94 63 67 96 86 34 81 28 3 16 7 88 59 26 56 17 45 34 88 58 82 42 4 36 55 57 35 81 71 12 66 76 79 74 0 77 92 71 96 22 88 72 23 78 57 73 35 98 35 8 51 26 29 91 47 88 34 63 61 82 59 36 50 64 42 47 40 17 5 64 62 5 95 65 89 6 68 44 63 43 68 72 67 48 56 18 75 90 23 53 37 68 36 17 76 95 89 40 71 14 60 43 86 39 66 75 40 46 9 82 6 70 72 26 25 48 8 44 52 63 27 40 99 53 43 54 4 90 78 71 5 18 48 5 84 66 86 18 46 73 88 42 54 57 66 61 97 53 1 11 26 25 45 34 70 47 10 65 23 8 16 79 44 70 24 92 16 69 2 33 2 38 36 71 8 42 93 1 39 45 15 80 93 36 14 54 61 48 3 96 63 38 99 42 11 77 26 47 79 61 
9 29 48 54 3 12 99 88 65 11 47 85 61 54 68 4 38 53 76 71 26 66 10 49 97 14 89 47 14 49 37 55 37 87 49 30 97 84 94 48 20 61 38 12 28 60 97 31 71 1 43 65 42 72 68 46 71 84 38 8 62 78 47 19 51 92 58 93 93 54 36 77 70 91 94 74 29 49 90 73 61 12 87 10 56 96 3 79 91 55 31 87 92 56 4 43 91 52 51 71 70 69 19 55 39 49 16 88 6 41 64 64 75 5 38 2 54 97 83 49 33 81 40 26 92 76 54 7 26 67 92 16 62 52 84 18 33 82 19 60 14 66 60 24 25 84 78 29 10 13 32 45 30 6 73 9 43 92 57 15 15 49 74 10 19 20 53 1 30 34 99 94 27 65 78 97 56 31 39 11 66 58 54 90 94 91 65 39 95 2 2 19 63 53 66 1 79 96 96 78 99 21 64 12 48 91 9 54 30 21 1 18 7 83 96 73 66 27 80 44 67 82 58 67 39 46 9 66 46 28 28 12 35 37 77 0 76 97 50 87 1 22 43 8 34 15 97 55 63 83 13 95 40 64 74 80 45 68 67 31 71 39 20 48 51 69 57 9 6 2 42 63 5 92 23 86 55 23 7 35 11 29 6 34 15 23 96 85 80 63 30 86 32 91 62 47 55 38 83 76 89 10 6 10 76 17 72 59 40 9 31 94 36 85 23 64 62 41 34 7 91 44 94 49 95 62 60 20 51 19 98 51 26 13 53 71 83 85 38 13 1 80 3 55 77 9 66 9 90 77 13 15 79 98 33 70 84 8 80 94 64 79 43 38 56 22 94 8 83 76 64 31 61 66 85 26 63 29 64 21 72 21 19 90 77 29 99 16 26 79 87 53 15 14 91 47 57 92 82 75 
85 84 74 70 18 99 93 1 74 73 12 71 13 5 66 9 85 60 32 39 24 26 83 66 1 84 61 6 51 98 48 40 88 31 89 86 3 93 97 12 38 1 8 36 46 14 8 32 1 51 2 71 32 40 30 76 83 92 28 46 52 37 92 9 7 70 73 17 20 25 40 43 87 48 9 87 13 67 16 41 75 89 9 24 34 13 55 94 73 53 93 63 30 99 82 96 13 69 45 23 28 77 42 43 44 70 86 52 17 93 73 28 57 54 69 70 10 90 49 84 87 39 17 96 39 6 82 63 26 34 12 72 3 85 2 97 22 1 83 29 61 87 3 90 73 76 28 63 7 2 27 65 38 40 30 39 50 91 30 47 16 42 15 15 42 16 3 51 27 51 65 74 81 7 9 93 39 11 28 14 35 30 8 64 50 30 40 17 85 97 19 13 84 46 34 45 19 82 74 39 83 35 69 99 95 63 15 83 66 50 56 68 13 34 99 6 21 63 7 69 53 45 14 95 89 4 18 87 45 23 5 72 63 86 92 76 0 32 18 2 95 65 12 8 72 37 55 7 4 76 96 54 16 52 81 40 16 27 82 68 56 26 1 3 15 35 18 70 98 89 47 18 56 2 48 3 14 80 62 37 31 60 41 50 46 2 63 70 67 50 82 90 46 90 95 7 72 37 37 93 18 19 39 88 89 39 5 56 82 23 62 71 77 60 28 26 79 38 56 84 20 50 37 4 20 41 97 11 31 93 12 80 29 90 76 28 19 9 57 50 45 49 16 80 12 32 64 17 67 52 59 50 19 1 56 34 63 86 93 36 8 24 83 89 60 52 58 23 82 88 2 10 98 93 30 66 1 67 82 80 59 23 56 7 83 80 35 19 49 62 71 64 29 30 2 18 78 17 77 5 
78 28 91 69 86 41 39 88 96 64 65 98 29 5 35 60 67 54 56 36 62 8 9 20 1 11 67 61 90 46 41 99 27 11 24 28 12 19 65 44 83 20 41 96 94 10 13 60 82 50 1 42 78 17 33 23 86 79 46 27 80 53 51 71 76 87 12 26 89 56 65 30 26 59 15 33 72 36 3 12 69 17 27 21 45 73 55 8 3 87 68 38 67 78 75 39 29 87 18 62 46 5 59 19 57 66 24 52 47 88 48 95 63 13 85 80 63 3 74 34 4 55 13 96 18 39 61 32 17 56 29 37 9 19 16 45 11 28 37 76 17 15 13 87 10 65 98 5 26 79 93 61 26 62 18 2 4 93 90 90 40 87 58 28 4 92 87 50 2 19 45 97 9 84 30 38 15 27 54 88 21 90 43 36 68 41 37 73 72 13 82 53 44 52 78 6 2 19 47 22 47 50 19 78 26 59 13 70 31 5 13 96 6 97 20 39 67 81 31 36 49 93 50 17 21 44 91 16 92 15 2 6 26 28 71 97 32 0 27 65 46 76 23 15 20 68 74 37 21 90 90 36 99 59 81 21 81 1 74 50 51 1 12 72 80 10 76 59 98 12 29 44 83 29 39 94 56 92 7 13 52 29 3 2 49 73 11 97 49 50 19 96 43 22 71 55 13 45 11 17 8 13 12 33 49 75 35 62 89 10 17 31 63 67 65 85 37 3 42 79 11 48 16 82 34 59 30 12 55 18 11 61 73 39 7 85 65 30 36 52 56 72 31 60 60 33 56 98 25 25 34 22 85 24 33 44 92 94 35 19 93 60 27 19 67 14 18 41 75 97 27 53 77 43 31 29 57 97 41 94 41 97 66 3 78 66 10 76 88 78 98 39 64 93 43 56 9 38 21 17 
51 44 85 24 12 92 11 36 50 14 57 29 12 72 35 2 57 80 20 51 4 6 72 64 32 57 99 54 98 66 65 95 21 31 13 9 59 27 33 50 47 4 47 63 89 31 17 80 56 5 80 7 78 34 17 19 9 60 23 99 62 35 4 36 73 44 88 3 65 26 69 33 25 95 61 22 46 81 51 45 22 5 74 56 56 66 92 68 22 81 27 23 25 21 58 25 57 92 76 60 37 66 53 76 43 10 94 3 35 10 21 38 72 48 99 57 61 80 68 71 90 61 82 42 13 58 5 16 7 42 71 9 41 86 34 58 10 78 70 23 43 49 18 11 14 45 21 65 82 63 30 28 5 21 48 35 33 64 59 83 14 64 85 53 17 29 24 84 95 41 21 97 95 15 87 55 29 16 40 26 47 32 43 2 12 42 38 38 67 24 72 37 77 55 20 76 86 28 81 13 3 74 95 94 72 77 94 29 22 26 58 51 32 16 32 8 22 54 45 85 86 93 99 84 34 94 89 18 28 29 37 33 5 61 96 50 18 27 0 33 27 60 5 38 55 97 77 5 15 44 61 84 38 21 44 18 89 76 15 93 10 64 35 93 78 8 66 85 26 28 58 95 88 61 11 32 81 34 88 93 34 43 44 95 38 38 15 41 77 6 46 84 41 35 75 86 83 37 99 15 3 80 80 57 14 37 18 55 65 64 49 98 61 84 9 36 20 70 64 76 4 68 3 15 63 56 28 99 51 71 36 31 62 46 78 44 6 13 11 5 55 58 9 45 88 71 38 9 81 47 25 49 77 1 27 79 26 30 23 5 84 99 14 64 62 25 10 35 96 76 85 7 57 74 77 73 83 6 30 52 19 33 55 24 78 57 33 63 35 5 75 24 14 54 70 27 45 58 3 57 
80 20 16 47 94 77 88 46 32 36 84 74 14 84 86 10 51 56 85 53 54 59 42 27 75 93 28 62 47 54 76 47 12 56 98 48 92 61 70 51 16 6 25 89 4 40 99 52 39 35 47 93 76 86 16 55 32 24 48 51 70 14 89 98 62 50 21 50 10 82 1 38 87 96 15 59 53 96 4 93 9 90 57 72 75 80 37 40 7 97 57 9 36 24 47 52 64 3 84 80 61 42 83 4 80 76 33 96 56 82 27 65 49 49 8 55 77 73 86 2 96 63 40 38 2 97 35 86 75 4 67 5 17 50 83 52 27 82 8 67 64 81 15 25 43 6 63 59 30 30 81 50 80 55 77 47 49 2 44 63 28 73 9 22 41 51 42 55 82 69 95 20 10 56 91 4 85 99 33 77 92 40 10 73 68 58 91 98 29 63 94 18 62 11 16 30 34 14 82 26 22 24 20 8 73 89 18 80 41 49 78 83 56 43 98 43 93 44 74 97 90 7 31 92 71 33 79 68 23 14 13 31 69 78 22 87 2 65 33 0 43 88 20 59 21 46 95 82 84 85 62 73 60 70 53 28 96 78 89 35 67 29 81 85 61 81 90 76 46 62 15 32 26 42 80 33 17 36 72 75 28 94 76 50 55 81 71 79 85 77 54 93 26 45 53 80 5 32 97 26 86 20 45 7 77 17 18 76 69 35 53 11 88 95 75 71 12 41 36 91 68 32 55 18 61 8 36 25 68 62 20 86 69 15 42 99 19 27 29 82 29 13 31 39 65 97 96 28 86 68 93 71 70 31 43 54 96 39 27 73 60 53 32 76 90 76 66 18 62 45 83 89 13 28 42 93 91 70 12 19 78 53 29 63 26 57 70 20 80 41 23 4 1 72 87 23 79 1 60 65 
42 80 66 40 54 88 66 64 32 62 23 90 61 70 39 62 66 76 71 42 22 99 88 33 41 41 8 24 19 90 51 78 69 37 59 11 60 97 20 86 34 55 16 64 58 97 60 80 8 59 7 18 80 4 16 6 68 45 65 73 99 82 82 4 54 76 64 88 9 53 7 64 73 39 84 2 44 64 8 56 81 5 47 28 82 22 50 56 94 2 19 30 8 55 17 11 32 68 79 90 39 31 60 4 1 25 45 29 10 32 41 95 15 53 97 59 68 7 13 97 48 1 17 17 4 54 56 2 86 12 78 81 64 89 38 4 63 49 49 5 57 21 51 33 33 9 61 76 94 33 67 89 73 16 44 21 13 23 79 82 74 99 9 3 78 65 47 64 34 55 16 74 96 20 43 92 26 3 73 49 45 73 35 65 24 96 93 63 73 12 98 27 24 35 77 70 41 78 31 85 49 43 46 2 28 94 14 58 83 10 95 69 26 23 93 62 88 34 49 92 53 96 40 13 15 32 26 81 62 32 73 44 27 16 88 1 95 46 27 43 0 38 64 66 46 72 10 67 41 53 89 84 12 86 45 57 17 69 35 18 2 46 81 56 56 24 6 1 61 42 30 7 49 51 2 52 40 49 1 22 6 64 37 18 42 22 58 5 14 49 27 35 34 59 89 67 16 98 81 47 60 80 88 87 80 24 67 61 97 85 45 92 59 11 64 57 86 28 55 97 4 24 45 7 61 51 82 91 32 40 73 70 23 91 9 7 30 9 4 25 31 58 19 99 88 11 18 46 77 7 36 73 54 25 36 88 93 70 7 60 61 11 9 73 52 62 56 29 37 69 27 43 54 48 59 50 38 77 53 34 56 54 35 75 32 57 70 51 9 65 2 85 21 88 44 38 54 7 41 22 
65 71 53 67 60 62 96 9 42 28 57 7 83 80 3 25 89 96 45 93 84 20 47 2 12 40 86 23 14 93 20 38 40 56 50 90 54 13 37 67 20 53 7 11 22 58 46 61 82 49 53 72 27 85 57 26 54 62 6 4 54 59 10 44 20 53 15 24 18 6 82 36 25 91 79 94 76 94 49 17 65 58 59 19 65 95 54 98 78 68 78 82 92 72 8 46 58 5 75 37 74 18 61 49 74 66 96 27 66 85 72 9 83 34 96 29 47 44 47 33 31 22 19 60 82 96 88 55 9 78 69 32 51 25 86 1 62 16 88 32 19 66 29 52 65 60 26 13 75 40 16 10 74 6 40 61 91 20 17 64 36 66 52 16 57 26 1 10 36 42 48 61 86 43 61 88 39 37 21 40 13 31 52 86 94 36 67 46 1 52 41 17 36 95 94 27 10 84 49 36 98 30 1 14 85 6 75 9 20 50 30 81 44 2 84 5 75 25 55 61 55 69 92 37 29 88 48 57 2 86 70 23 61 78 72 22 65 76 60 88 38 0 94 38 6 81 52 52 38 89 81 35 99 26 93 85 19 60 79 24 69 37 5 38 63 46 71 7 54 4 74 75 93 54 24 12 83 28 36 21 95 37 9 34 84 56 34 90 90 80 43 87 59 57 30 75 18 85 5 97 22 40 66 32 77 51 5 15 36 36 19 86 40 72 37 44 70 72 21 82 3 1 35 50 90 52 74 80 36 36 55 93 12 80 26 25 51 68 7 42 67 4 2 98 9 70 18 5 69 65 73 40 53 12 76 18 19 47 42 53 62 44 96 90 7 16 93 22 78 1 22 21 46 42 67 5 37 28 28 29 1 92 12 44 52 78 25 65 7 21 11 24 21 80 21 71 24 85 88 42 
84 89 70 78 83 3 89 42 40 6 77 54 60 61 46 38 21 85 67 99 95 68 75 85 72 45 28 98 34 84 69 49 95 62 21 98 79 90 48 84 39 20 80 39 27 78 65 56 59 33 69 52 90 10 54 48 75 25 18 21 84 59 63 78 56 43 53 27 60 36 86 56 88 38 22 83 92 93 78 59 44 4 83 53 60 19 84 56 84 24 76 47 87 32 30 32 21 73 39 28 53 43 89 75 76 13 69 33 55 87 58 92 27 10 62 69 98 59 41 75 71 54 88 51 81 14 54 75 44 79 89 18 99 94 28 43 97 80 19 3 46 16 83 46 48 52 3 27 12 14 82 16 5 86 89 84 37 98 78 53 20 52 25 32 15 99 33 11 53 45 33 30 77 44 54 6 69 7 35 84 3 93 12 20 12 47 55 25 90 60 19 82 77 52 55 44 35 76 31 1 68 57 5 78 64 94 90 7 64 98 32 58 37 83 68 23 44 94 4 71 42 30 85 4 6 34 89 73 61 71 98 9 11 65 23 43 12 23 5 20 64 94 0 79 63 13 73 1 89 10 73 27 97 63 39 12 11 85 87 60 33 45 33 28 45 49 61 86 95 20 68 3 6 37 44 12 27 32 50 43 10 43 64 17 30 90 7 7 40 91 20 4 78 37 88 61 55 31 58 35 76 11 90 83 38 43 80 55 51 94 26 78 99 72 89 69 23 14 74 31 39 38 39 52 90 18 79 11 25 45 53 16 8 52 74 73 88 7 54 76 67 11 32 20 18 28 72 35 3 6 99 36 80 98 8 78 33 56 44 46 9 56 12 56 74 79 55 88 96 62 61 78 58 8 97 33 45 48 65 95 35 30 56 75 71 74 98 98 15 75 17 60 88 10 29 90 16 35 84 94 
25 87 67 27 12 23 60 15 15 49 75 14 88 98 59 96 1 29 56 13 30 62 70 16 60 67 9 58 83 19 37 27 57 20 4 59 54 1 26 58 31 45 66 35 16 75 71 85 75 2 89 36 17 22 40 49 40 59 43 25 35 24 94 75 51 41 26 22 65 47 94 70 48 48 73 35 52 22 74 20 39 14 28 63 37 35 23 55 66 27 86 31 93 8 61 14 15 76 28 22 72 80 65 40 86 81 42 70 90 57 40 23 7 10 98 60 37 12 87 23 2 93 38 18 39 22 17 99 51 92 57 58 92 71 20 21 42 3 70 36 44 53 50 85 53 75 1 36 64 17 75 35 55 75 60 52 77 80 80 49 32 26 53 68 35 96 14 85 64 38 77 71 5 54 38 98 77 24 27 55 13 38 59 48 98 86 92 8 96 95 27 62 60 41 56 92 80 8 97 3 32 20 52 65 62 55 8 12 92 70 29 14 83 47 32 83 21 19 4 26 79 23 37 21 32 50 50 59 79 47 46 88 71 40 78 8 8 15 38 59 66 38 79 0 65 25 55 39 70 68 72 32 1 24 15 8 7 70 24 83 3 36 6 29 27 77 91 69 61 81 68 78 1 42 88 84 95 77 32 92 80 82 49 70 49 22 82 20 5 18 4 70 84 4 58 69 23 10 37 1 69 81 84 9 36 8 37 69 97 18 31 71 25 67 60 63 71 93 1 51 47 3 43 51 76 31 67 24 23 75 89 65 3 1 95 69 63 87 87 57 69 52 49 67 21 33 90 23 7 37 60 19 5 45 57 79 21 15 24 18 68 27 65 47 67 41 77 8 31 16 2 4 82 87 58 50 89 89 45 16 83 42 46 11 9 96 49 84 83 55 8 81 65 96 16 50 47 27 41 99 
21 12 90 25 84 83 74 63 3 37 72 73 84 54 18 71 76 55 86 84 17 30 98 79 76 75 42 9 37 26 52 4 24 51 7 33 69 65 93 66 4 95 82 92 16 70 1 4 94 54 66 82 5 95 53 80 18 20 6 61 29 39 15 72 51 98 62 49 14 14 3 65 70 87 75 3 62 1 23 58 67 91 33 9 6 25 41 27 89 90 86 43 72 3 90 10 97 56 63 88 88 38 19 44 12 80 98 87 24 39 94 61 43 16 48 77 98 64 19 75 56 61 91 39 28 68 37 14 15 5 17 66 66 87 63 92 77 71 35 11 68 13 20 32 73 73 25 79 80 54 59 2 50 38 16 5 38 27 18 9 63 29 69 60 53 51 33 8 9 80 59 58 32 49 73 39 65 7 57 18 3 40 99 82 98 4 12 16 42 3 53 82 86 19 98 89 4 70 74 64 76 68 51 52 61 93 13 56 59 58 36 49 69 86 68 4 54 52 68 65 70 50 63 67 77 94 55 11 76 26 58 60 47 35 57 34 72 20 55 21 46 6 63 65 0 90 88 56 33 45 37 23 98 5 17 40 97 33 27 5 1 14 13 62 60 22 73 96 77 82 63 18 95 20 93 37 40 31 50 76 88 56 48 62 32 6 21 43 43 49 63 81 65 17 63 46 66 25 66 35 46 15 63 65 28 98 34 82 80 63 8 40 14 10 92 34 95 52 36 99 54 54 16 28 35 34 69 85 14 18 48 66 44 6 62 18 37 15 50 45 28 15 65 86 63 50 98 78 41 54 31 34 17 92 37 81 2 19 33 15 76 23 78 7 14 8 4 24 72 91 7 90 43 71 86 47 52 5 98 77 92 97 69 36 64 82 1 70 82 45 34 55 24 34 93 56 89 92 86 22 
45 66 29 18 4 94 96 11 48 83 37 55 3 33 34 52 15 14 96 59 23 98 98 83 6 77 28 32 75 7 11 48 52 93 45 4 72 40 22 40 64 76 3 97 9 34 30 17 93 24 65 18 60 61 73 62 83 97 49 13 39 53 59 50 52 37 71 90 18 48 40 3 79 47 24 78 98 49 17 35 22 9 87 81 35 31 20 55 65 67 96 81 39 36 8 40 35 9 50 21 28 66 5 61 81 79 32 38 49 70 18 81 4 72 73 2 59 6 33 18 85 7 77 82 37 99 47 29 26 14 70 51 98 17 81 89 13 42 49 42 30 3 64 43 88 45 19 86 93 29 43 53 89 11 19 94 2 55 82 37 16 85 7 62 85 45 49 80 86 86 75 30 66 88 52 87 22 79 14 52 46 66 89 64 7 88 91 42 94 35 66 67 93 94 80 90 13 73 49 13 75 97 99 72 30 90 57 96 46 64 3 8 81 12 26 19 48 70 87 61 98 61 15 72 21 36 29 64 65 79 85 23 71 52 73 15 37 68 97 46 72 81 13 25 90 0 33 91 6 48 82 66 52 65 79 96 46 42 25 19 31 55 87 75 2 96 98 2 9 46 51 29 47 8 70 90 46 57 37 3 8 23 57 81 74 59 58 10 11 94 6 79 48 35 66 32 34 93 29 89 90 60 71 33 34 16 59 52 11 79 36 9 19 18 34 92 23 92 85 32 21 92 45 90 30 43 24 53 97 44 48 20 81 33 60 42 65 60 34 9 26 43 94 62 41 31 12 99 47 39 73 74 49 27 87 19 78 16 98 68 52 70 92 10 84 36 91 12 84 14 87 18 16 27 42 89 90 70 38 75 4 96 97 23 32 98 29 77 84 68 26 58 1 97 10 15 77 50 15 27 
16 94 20 88 84 99 92 30 36 68 51 90 34 88 93 83 94 8 60 29 17 90 56 56 20 29 41 32 94 80 92 82 70 46 38 54 69 71 21 82 68 79 63 45 79 74 63 47 57 3 80 74 19 87 97 36 62 11 36 30 38 72 88 25 43 80 91 38 93 12 56 76 21 62 3 23 85 85 82 29 12 68 54 39 46 5 18 68 42 18 76 1 68 39 36 16 43 17 35 2 69 82 40 71 76 79 52 10 4 83 66 6 32 30 80 28 4 83 15 62 3 82 25 13 51 23 94 98 47 90 47 91 96 18 40 85 81 51 89 15 19 87 91 76 5 8 14 30 10 66 77 53 35 84 16 57 56 2 21 82 60 49 82 6 20 4 1 94 39 74 19 15 47 10 6 77 61 28 29 38 61 73 72 8 72 92 41 42 86 1 62 61 66 39 31 23 28 89 61 12 58 79 75 84 87 84 72 66 23 24 13 53 84 18 36 83 75 22 7 40 20 70 11 68 82 23 39 15 6 45 16 49 1 28 35 97 55 74 77 95 10 52 73 55 88 33 0 85 77 70 62 77 27 95 35 25 9 61 23 61 22 57 58 68 80 35 8 60 11 70 44 30 27 66 68 58 6 36 30 74 48 44 87 39 46 75 86 38 72 21 21 6 93 30 83 27 75 2 53 18 3 28 89 74 78 6 10 57 56 52 32 95 19 87 15 61 16 42 45 34 93 57 11 41 68 57 56 92 38 6 39 91 74 86 27 53 20 55 92 71 1 39 37 38 11 14 3 88 2 32 73 95 40 62 80 26 14 91 69 12 30 25 20 8 38 4 77 93 1 72 55 58 27 57 51 88 62 14 53 9 40 32 2 95 84 41 45 13 33 30 93 38 70 92 10 42 77 3 46 74 
31 16 18 2 1 48 35 31 51 7 32 51 92 7 9 84 27 16 63 71 60 62 60 53 31 67 83 57 93 7 52 88 26 76 43 5 17 63 59 61 87 60 74 61 19 77 64 5 91 20 49 72 1 69 26 39 20 87 65 30 70 95 50 36 66 65 94 84 64 67 6 39 55 28 32 90 24 22 95 44 8 19 34 95 4 84 47 93 1 54 44 17 25 64 67 52 37 64 82 83 17 18 39 2 26 31 43 96 50 26 16 32 62 38 20 55 86 20 30 67 38 59 83 47 88 26 1 79 17 39 78 32 90 31 11 46 36 13 39 1 4 67 31 97 48 65 50 62 82 11 16 84 4 84 30 21 64 13 66 95 70 81 86 68 51 36 52 39 14 91 17 10 37 39 70 15 6 35 5 92 46 84 19 22 22 37 6 17 40 72 22 80 16 50 96 82 50 11 30 54 39 76 71 54 60 82 38 72 33 92 75 39 80 40 71 52 29 86 1 61 76 22 4 22 90 64 32 83 32 11 85 30 88 68 98 55 7 37 5 82 67 52 1 39 56 91 85 0 8 43 73 92 89 28 80 5 52 65 87 71 16 25 58 54 86 7 62 4 21 83 26 86 82 71 40 96 27 7 23 11 68 74 21 29 36 94 95 64 23 79 11 49 28 79 18 20 26 80 67 62 70 4 59 84 84 91 80 56 78 60 47 10 25 37 18 69 19 27 82 51 3 74 38 96 42 81 92 90 57 10 89 52 12 97 17 29 9 37 17 42 86 31 39 22 45 18 13 81 30 96 7 14 1 13 37 76 55 71 25 81 90 20 40 17 78 78 7 78 55 2 99 38 88 6 22 19 90 74 21 61 48 70 59 32 56 76 69 91 7 20 40 8 74 71 74 72 22 67 70 16 
92 52 6 46 94 30 51 38 33 39 24 49 10 3 45 74 72 84 77 43 33 50 2 57 95 14 93 38 37 4 93 1 6 57 87 89 71 21 73 88 18 13 55 66 83 68 78 86 65 84 89 99 96 15 97 86 12 31 58 24 13 53 85 8 22 33 60 99 34 94 32 5 13 1 81 72 48 61 45 30 16 45 39 46 75 96 30 72 19 2 34 98 52 1 16 52 81 9 47 51 95 4 4 62 6 17 67 64 71 25 73 24 40 84 2 28 7 3 6 15 57 40 52 52 25 52 97 53 15 47 43 79 43 13 66 1 67 87 66 84 24 94 12 5 99 49 40 86 18 5 25 81 89 92 50 87 45 58 73 9 69 75 70 16 16 57 41 31 63 96 65 55 63 71 84 18 59 96 8 40 92 61 66 77 27 25 56 53 97 99 88 57 44 25 39 17 71 84 3 65 17 94 82 62 26 79 26 96 84 36 4 53 1 61 25 39 57 81 76 82 36 18 23 72 4 72 99 18 52 24 20 47 23 65 35 63 4 21 15 84 41 38 89 70 33 6 77 8 0 36 84 37 56 36 49 84 79 49 54 42 5 29 78 72 40 95 8 98 46 17 73 40 77 64 25 92 88 4 25 70 67 89 48 91 93 6 2 65 16 4 46 53 66 54 33 25 8 73 20 69 73 79 87 49 9 37 69 43 94 15 37 94 41 23 45 3 98 7 27 60 66 8 64 42 98 88 70 73 37 9 10 61 65 75 58 53 56 48 46 70 43 34 68 81 65 41 87 4 33 80 64 74 44 38 41 52 78 86 17 53 41 8 6 66 82 2 7 36 50 42 56 32 99 38 95 75 43 19 81 11 39 51 93 99 7 35 30 44 56 60 11 72 46 12 45 35 4 85 80 3 
15 99 80 59 86 96 52 98 33 19 29 39 3 41 6 6 91 35 81 25 43 96 9 23 45 11 21 36 79 58 85 71 5 32 34 90 95 14 94 17 31 2 96 65 44 37 43 89 37 23 17 69 27 92 4 93 62 4 15 67 61 17 44 57 69 74 69 46 72 20 99 9 39 38 28 53 65 57 73 8 10 76 8 82 28 37 99 75 62 29 74 50 20 30 98 16 79 60 9 2 34 98 49 15 93 1 23 22 39 97 94 98 72 65 66 15 31 20 24 93 65 81 58 85 14 6 80 59 94 19 51 36 14 78 94 32 44 54 85 56 77 41 61 81 59 93 31 65 82 93 51 85 4 84 14 21 87 19 60 67 72 74 86 84 77 50 91 16 81 59 41 33 70 42 26 28 46 81 42 55 8 3 3 27 30 18 88 20 23 24 91 88 29 70 10 31 86 98 78 37 53 81 5 97 69 5 60 86 92 17 84 77 25 8 57 55 77 12 57 8 43 44 12 33 45 42 30 75 65 83 83 68 57 73 8 83 76 90 44 85 53 89 10 68 45 48 70 43 36 0 82 6 22 38 57 57 3 18 29 79 28 59 17 11 70 43 1 7 8 16 4 62 49 3 13 43 38 47 61 66 93 14 29 21 31 40 8 83 67 73 93 23 9 8 26 82 61 50 2 47 23 79 81 47 99 91 25 38 4 25 83 32 25 43 59 98 81 77 4 20 84 74 23 21 1 35 28 64 96 60 48 74 21 48 47 8 67 47 37 40 63 87 6 33 37 90 69 81 93 37 3 23 90 54 41 36 64 41 70 12 63 68 80 60 80 76 37 19 83 75 74 86 78 32 29 65 91 15 96 67 49 25 86 97 27 6 19 42 69 18 75 80 37 63 98 89 84 78 88 67 
20 87 11 22 52 99 83 40 42 72 1 58 77 6 10 58 75 52 96 5 30 52 64 58 26 65 91 41 70 32 14 46 7 94 73 81 91 18 38 68 54 8 7 46 56 47 94 58 96 22 11 55 56 6 56 82 51 32 74 80 50 56 35 82 2 8 1 79 62 69 97 16 95 68 61 95 92 73 98 80 95 73 66 2 63 5 34 57 73 50 17 44 19 68 33 64 91 87 54 71 2 69 58 38 96 39 43 4 6 63 64 48 52 82 31 80 81 38 31 79 54 28 97 54 11 38 13 10 1 24 77 56 57 61 61 77 57 91 94 65 68 22 71 58 47 15 94 92 7 67 35 45 79 28 80 27 11 6 66 30 1 66 97 34 72 78 70 35 29 19 36 7 53 97 79 36 92 24 93 73 42 32 89 23 19 24 2 6 79 39 18 43 19 85 60 34 59 73 3 45 17 73 48 52 19 39 46 93 91 66 69 6 33 25 10 5 46 32 71 30 13 55 63 13 16 47 27 42 54 1 93 12 17 17 51 13 96 90 61 62 89 81 73 72 37 82 62 73 84 82 0 83 8 66 82 42 52 41 73 3 41 55 10 9 19 10 76 58 45 54 16 29 82 27 75 91 9 20 24 3 16 91 43 74 89 22 67 37 71 20 47 32 37 67 62 69 50 41 48 6 15 97 83 57 38 28 43 25 47 56 11 25 38 53 90 71 31 47 25 8 21 13 80 20 77 77 61 28 5 80 1 89 31 69 42 68 53 65 47 71 44 65 2 12 79 27 61 2 84 48 91 83 44 83 85 93 71 58 19 39 97 94 71 84 23 23 62 80 65 47 73 79 28 63 34 74 34 91 68 35 7 41 86 93 36 39 82 3 67 97 44 65 8 38 65 40 71 81 54 50 
27 46 30 18 92 81 83 11 43 54 40 35 44 22 42 19 27 44 13 91 17 73 80 76 70 63 27 30 36 26 83 4 84 60 18 86 94 51 10 15 40 16 64 91 92 87 6 45 2 38 54 57 41 71 67 35 98 59 1 97 9 34 92 57 85 90 67 22 58 84 58 4 27 54 27 44 24 45 67 7 76 66 33 47 85 92 40 61 88 48 41 70 36 20 18 7 44 10 3 60 91 63 79 73 59 97 30 62 52 37 74 21 53 96 89 36 46 41 28 75 34 81 25 81 92 91 82 55 73 86 57 98 22 11 83 9 93 21 6 24 83 5 41 99 2 32 67 88 8 69 40 10 61 12 63 54 39 37 86 57 32 77 92 63 81 83 73 8 91 90 41 35 45 18 51 84 37 26 50 28 52 43 91 10 67 20 19 42 83 57 90 52 42 21 72 26 42 96 15 15 49 86 49 35 15 34 43 53 14 50 59 17 47 99 24 9 59 20 74 90 5 5 42 36 86 19 82 39 70 99 56 11 68 60 26 95 54 36 84 73 84 35 27 32 23 66 77 92 37 6 83 0 34 66 17 39 18 79 25 62 20 65 70 37 88 74 43 74 57 9 10 82 71 20 23 79 20 53 53 92 67 98 59 39 99 69 39 68 83 71 1 32 31 2 98 66 16 38 54 56 33 52 99 47 92 77 89 72 61 56 54 71 51 29 86 40 63 59 56 63 5 19 29 31 27 21 44 14 17 1 49 48 53 26 38 7 11 46 88 5 17 80 4 96 62 97 89 90 17 46 44 27 73 4 66 70 58 41 3 90 56 91 99 92 78 18 15 79 49 49 22 6 85 61 18 72 85 9 3 47 20 76 43 23 32 11 41 10 29 58 92 33 6 46 53 94 63 93 21 77 
87 64 18 57 33 2 52 68 96 16 62 69 82 4 51 46 6 91 81 25 44 12 79 64 32 75 93 77 64 82 87 1 2 76 89 18 70 60 22 37 6 24 92 43 6 21 62 18 21 59 3 98 60 49 37 66 92 89 96 53 7 61 98 15 82 31 84 55 24 27 5 30 15 86 52 90 74 78 94 32 58 77 6 1 56 44 24 82 26 5 79 59 1 14 96 44 97 49 60 56 28 64 84 49 98 42 1 57 1 61 3 82 2 79 17 30 2 6 33 1 97 68 10 47 5 90 62 59 20 39 77 21 57 99 30 5 46 44 26 85 60 27 37 28 59 4 97 62 18 26 35 16 6 71 69 95 27 23 3 19 80 56 57 97 91 82 63 51 11 72 90 29 83 57 10 76 21 18 58 72 83 34 60 22 19 16 61 23 29 95 17 21 6 47 27 26 8 55 78 2 4 68 17 37 38 9 94 8 88 69 17 33 80 98 63 31 7 95 91 8 90 96 11 47 75 20 89 38 73 10 8 94 14 51 29 40 16 99 38 60 12 99 97 1 98 52 27 89 56 22 8 34 0 41 67 98 48 24 24 89 86 28 78 18 4 10 99 76 60 42 7 45 76 69 5 79 27 15 35 60 26 24 75 87 23 56 24 78 26 9 88 1 11 83 86 91 23 8 50 23 49 90 2 92 53 53 45 95 14 84 69 6 61 42 98 81 98 55 48 85 63 37 48 1 54 80 86 74 96 16 99 92 58 6 84 70 41 61 44 28 67 93 84 70 60 45 54 97 16 4 95 91 78 82 58 68 25 60 4 51 90 98 94 85 2 16 7 54 89 95 67 48 16 55 68 92 66 33 39 29 17 94 23 55 41 36 47 52 67 73 97 75 43 19 97 8 29 22 94 77 
8 43 82 34 87 76 92 55 17 53 33 66 18 12 74 63 99 76 19 86 16 74 48 32 75 3 83 12 96 60 26 55 82 31 39 59 55 39 97 41 83 99 29 72 29 80 63 88 25 46 40 61 73 41 65 47 37 44 26 85 81 50 56 31 84 10 9 24 81 10 66 87 80 63 25 73 57 37 75 57 80 18 54 49 72 63 21 4 3 41 61 62 99 57 91 9 37 94 19 87 6 17 49 37 29 48 18 64 4 32 37 2 62 67 22 27 53 20 41 36 60 48 73 62 27 54 44 4 42 89 58 69 33 33 3 34 55 47 75 33 86 68 97 55 19 34 49 44 37 59 70 62 64 50 98 39 56 15 66 65 55 67 45 5 60 67 43 90 27 62 44 42 72 11 30 86 60 12 31 93 45 79 25 69 63 16 59 19 43 24 76 39 53 85 64 95 7 52 35 73 62 73 32 3 53 42 92 48 31 25 1 49 94 55 59 14 16 97 23 6 1 57 49 89 51 71 84 82 13 61 92 35 99 79 91 64 52 59 21 70 86 26 63 24 5 65 95 28 36 38 66 66 41 0 88 35 66 66 38 49 15 66 96 24 29 95 65 84 37 52 85 90 32 36 6 47 32 72 35 40 65 34 75 41 15 36 55 61 6 24 59 26 11 34 50 38 35 23 47 13 84 73 96 1 35 55 88 24 81 58 43 29 12 89 25 91 62 70 55 88 68 27 28 84 45 22 59 89 41 11 16 24 41 62 62 90 22 95 54 27 62 91 9 68 15 18 4 36 11 32 78 57 39 66 14 74 44 35 11 57 96 6 65 90 43 61 20 96 86 48 82 25 75 36 52 19 39 93 73 47 67 32 79 4 56 36 1 24 67 96 91 98 77 59 61 83 83 78 47 95 
54 23 47 44 85 2 25 78 84 47 67 52 89 80 78 87 76 79 19 74 18 43 93 44 30 24 56 28 31 10 20 5 48 90 30 67 50 95 86 24 2 1 68 21 35 21 49 22 25 74 97 70 52 97 86 73 83 13 48 77 66 78 97 1 53 1 72 88 9 60 87 40 58 87 56 54 20 67 44 67 41 86 27 77 77 96 70 25 76 4 97 63 52 26 93 84 48 66 44 52 24 81 4 12 94 9 14 52 12 15 92 24 69 76 98 21 51 74 6 53 91 28 17 29 57 24 77 45 35 8 20 92 36 81 77 12 76 54 92 9 20 91 35 33 17 47 37 29 71 74 9 5 77 40 50 92 28 31 92 43 42 50 50 16 64 44 16 16 63 86 20 35 60 50 27 51 97 65 1 77 53 91 45 40 13 87 55 34 59 40 32 52 57 32 36 68 25 7 13 91 5 20 60 99 93 59 33 82 25 68 73 14 30 64 25 92 63 82 99 6 94 58 36 39 9 17 50 48 41 39 58 44 47 97 47 74 81 81 44 53 45 93 39 15 17 79 35 80 49 57 82 17 67 88 0 24 64 72 50 89 55 43 7 51 83 35 17 30 44 91 59 8 58 41 20 20 53 23 62 26 51 18 67 87 92 93 16 85 32 46 3 2 9 21 53 55 31 84 64 6 1 66 89 98 30 55 40 59 84 77 33 30 8 49 75 57 56 14 58 63 50 97 34 37 34 78 76 67 37 19 99 83 16 42 99 7 97 16 79 81 93 75 78 65 46 65 22 36 50 75 33 70 7 9 27 88 47 72 85 47 82 50 41 86 42 20 3 66 12 96 66 59 65 58 7 8 74 40 44 62 93 20 19 18 26 23 84 89 88 50 84 67 85 41 67 47 42 97 44 75 
48 83 8 76 82 53 56 46 29 98 59 25 54 68 63 79 68 52 9 29 69 99 62 96 91 56 21 19 94 13 74 46 25 81 85 46 58 8 37 73 31 4 42 63 99 21 24 79 86 99 13 4 32 90 17 18 23 30 82 9 52 61 95 82 42 14 70 86 91 28 56 68 85 78 50 20 14 14 39 71 65 54 19 68 13 24 50 54 29 29 47 19 95 29 58 88 8 43 50 94 92 31 42 55 36 11 38 88 12 67 5 56 55 34 73 40 45 96 87 64 52 49 23 8 37 86 25 41 47 32 30 60 20 17 63 28 29 74 25 15 62 18 71 49 59 70 61 13 94 94 49 62 41 36 58 13 59 78 19 93 55 55 9 17 94 80 55 68 25 61 10 35 55 89 51 59 17 29 35 77 43 6 28 48 61 47 53 12 89 28 61 39 3 65 78 85 60 94 64 22 63 68 96 85 45 6 48 41 83 29 90 10 56 73 5 88 97 43 38 95 8 35 35 54 37 72 15 70 7 44 10 49 10 93 88 80 40 21 18 28 57 85 12 8 40 96 25 5 84 57 42 39 98 35 24 0 83 8 41 3 61 97 98 71 16 17 28 68 48 17 2 79 73 96 33 46 40 15 82 83 36 58 96 79 60 50 42 27 43 67 47 73 78 12 45 24 16 99 89 23 40 30 27 78 49 84 65 27 12 76 97 49 32 75 30 66 89 61 41 3 10 87 94 69 57 94 25 21 69 23 79 59 82 95 39 92 83 89 85 25 25 17 16 87 9 80 8 92 27 29 57 12 69 26 21 13 81 29 34 52 69 30 85 37 62 69 40 61 94 29 28 22 53 46 50 98 32 21 9 77 77 23 47 73 28 91 72 61 62 4 95 93 78 3 83 20 48 65 12 9 
61 41 18 99 6 93 69 74 32 75 47 86 51 7 8 87 16 58 60 88 5 79 13 35 5 50 21 64 1 49 13 47 2 42 69 54 66 28 68 43 80 28 35 12 43 76 4 36 12 94 84 40 93 6 80 87 78 61 42 73 11 70 44 17 18 3 64 36 64 75 84 18 51 4 93 68 46 75 5 76 5 24 90 3 15 21 73 31 76 50 15 71 77 90 46 85 66 38 28 78 95 71 7 7 21 40 87 69 18 19 94 28 98 44 31 65 11 42 76 22 42 80 47 20 28 67 20 76 38 20 85 47 90 27 94 75 38 50 25 41 50 62 64 12 39 56 16 10 22 19 85 51 42 64 26 69 9 33 33 96 84 60 41 91 41 26 1 71 66 48 16 93 50 52 99 91 62 9 79 89 38 19 84 76 68 91 57 96 84 96 27 98 4 42 78 34 12 16 19 69 49 65 68 67 72 85 93 55 61 13 67 71 54 75 81 89 77 94 43 60 35 15 14 97 77 1 30 31 83 89 72 59 72 22 34 45 16 81 89 96 17 19 11 7 97 46 9 52 79 3 52 18 48 66 64 83 0 52 12 67 26 31 66 24 5 86 72 13 50 78 61 70 55 9 16 73 10 40 99 70 69 12 61 45 11 2 86 15 38 75 68 87 29 1 51 62 41 22 43 93 3 4 67 55 27 94 26 81 94 46 36 37 88 56 1 53 48 73 52 5 31 86 85 39 39 95 17 33 94 7 65 97 37 62 15 48 8 83 72 82 89 84 75 86 70 7 88 90 33 46 38 9 16 53 69 96 17 83 86 57 29 2 25 59 39 87 19 79 37 21 2 62 61 70 93 12 73 25 57 91 11 90 11 57 8 72 4 43 40 31 81 97 37 63 30 97 23 39 53 42 
35 45 87 3 12 65 66 69 92 54 80 48 76 76 33 67 78 30 47 98 21 98 36 76 59 10 19 3 8 5 11 73 67 78 67 32 43 27 39 59 14 63 8 59 69 46 86 14 20 65 45 95 38 75 56 55 84 56 90 43 66 10 11 95 92 94 29 97 86 15 23 57 51 59 20 95 75 22 44 68 76 12 62 22 71 37 84 28 93 22 13 43 26 85 52 58 65 60 6 11 10 61 70 84 57 22 45 42 74 84 87 22 21 78 27 87 56 67 39 97 37 4 14 75 91 6 88 65 94 86 36 75 96 98 6 34 35 46 62 58 6 85 63 12 73 54 25 28 60 8 60 74 54 88 72 93 93 38 81 13 49 62 72 8 29 87 82 71 26 38 70 93 88 35 81 65 28 85 14 79 5 47 50 99 60 78 71 4 33 50 19 99 61 93 25 48 96 52 71 63 24 10 2 73 15 44 63 1 5 15 72 62 43 19 97 63 42 34 25 28 72 77 8 61 58 99 43 25 19 69 50 25 96 88 63 68 27 1 76 78 69 60 85 70 33 42 61 65 49 18 41 79 24 66 72 8 52 0 84 58 34 45 31 92 17 97 81 84 39 13 61 50 58 94 71 49 66 78 28 30 68 65 92 24 80 90 99 63 98 71 63 35 73 85 56 1 39 64 50 15 17 15 51 8 47 49 36 44 51 48 28 52 53 9 11 75 31 56 88 92 8 25 84 86 56 13 53 55 22 78 17 95 24 90 27 23 21 41 88 87 72 45 86 98 6 26 39 41 73 56 64 65 67 46 53 38 69 95 60 12 81 19 80 10 34 74 60 76 87 74 85 56 42 22 18 85 27 48 35 37 69 37 2 19 33 21 69 52 87 10 70 1 58 14 62 99 68 88 18 29 
33 17 62 97 70 76 38 24 12 4 38 39 7 47 80 51 25 69 72 57 77 83 35 97 79 81 44 19 69 47 14 47 22 4 15 1 4 66 57 83 93 9 57 99 65 70 34 64 68 40 65 21 16 6 41 80 84 92 83 8 64 47 97 1 10 56 40 27 32 29 54 22 49 18 52 70 4 45 83 44 57 67 73 13 58 96 36 62 71 83 58 47 76 32 70 58 80 77 24 21 85 41 3 80 20 73 85 1 74 45 25 8 56 65 93 9 55 39 96 21 6 12 58 71 25 34 90 66 1 18 92 65 78 64 3 43 73 21 86 34 34 76 63 48 99 13 1 7 87 27 56 66 7 58 76 26 5 83 21 17 2 37 11 47 48 35 10 98 92 90 4 89 56 92 95 53 74 9 33 31 55 26 19 81 57 78 42 49 39 19 85 83 57 48 61 95 62 13 84 22 40 95 3 70 16 52 84 68 45 90 92 17 25 77 12 34 24 80 92 33 35 81 11 96 4 38 64 30 5 36 51 20 87 23 61 67 82 74 15 89 35 79 87 24 27 25 23 87 54 29 73 25 24 38 50 41 12 84 0 93 35 53 71 96 47 94 36 63 84 7 16 72 48 27 64 69 30 34 57 29 78 6 39 32 9 19 1 82 42 82 44 21 12 23 25 19 45 72 35 44 46 88 88 10 71 60 60 18 76 99 11 56 72 53 49 83 54 8 85 98 21 42 62 93 66 23 52 37 88 39 83 9 43 83 55 57 51 2 90 38 84 46 22 74 56 61 91 64 34 95 72 94 19 89 39 94 35 44 98 52 54 10 83 4 26 94 68 80 48 74 7 13 3 31 7 66 47 37 97 48 12 86 48 21 83 64 25 74 30 72 68 88 96 58 7 65 80 90 79 41 
20 18 65 91 10 79 58 82 39 25 54 85 37 17 67 22 27 61 98 15 31 60 17 57 85 12 43 23 37 34 75 94 72 28 41 92 35 82 88 44 59 34 46 36 94 18 75 78 27 88 71 31 10 16 33 34 32 45 12 83 7 6 50 61 15 8 75 95 75 55 40 8 31 30 45 1 30 71 30 16 38 12 70 70 92 80 33 91 35 62 20 60 69 12 57 61 56 24 70 74 42 12 61 93 1 59 64 59 39 2 63 87 22 47 31 6 27 84 42 58 27 98 45 35 22 32 65 30 43 64 76 56 94 56 25 82 50 45 96 74 54 87 96 10 34 81 30 75 48 59 21 47 72 34 2 46 16 50 18 23 37 22 55 47 41 71 87 75 9 8 57 76 49 41 37 60 60 72 82 30 96 32 42 60 6 2 46 58 91 61 86 75 80 69 18 27 2 62 84 71 35 53 79 34 24 7 8 45 96 43 22 81 6 93 94 26 52 65 26 72 13 69 52 56 23 34 67 33 6 63 53 38 81 11 82 31 68 50 93 35 18 24 60 83 5 19 61 71 42 79 3 62 89 49 89 3 67 58 93 0 76 66 85 13 56 74 34 48 57 87 59 30 69 17 14 41 39 28 40 28 93 50 83 51 21 96 93 59 23 47 20 3 24 81 68 14 84 37 42 28 44 21 28 47 81 21 52 87 55 28 90 7 55 43 85 38 86 95 39 86 24 11 69 98 47 68 23 75 69 20 87 75 46 11 47 61 88 55 22 18 64 85 92 50 53 77 38 62 23 57 67 13 32 90 68 98 89 48 53 86 82 19 57 59 99 4 35 12 34 5 71 9 16 89 6 60 86 95 50 65 9 81 11 21 30 64 15 83 32 87 95 66 58 33 75 87 87 4 39 35 
68 89 8 84 47 63 98 65 88 44 91 39 95 64 42 94 57 50 75 10 95 67 99 2 85 5 91 13 40 38 79 4 3 7 24 51 24 43 32 27 87 80 39 68 97 17 19 48 76 67 37 21 69 54 14 10 90 28 53 25 34 22 89 79 28 44 53 2 18 52 8 64 83 17 52 99 44 78 5 4 43 60 40 62 52 11 81 94 6 6 42 71 25 72 21 59 92 16 59 81 38 37 56 78 96 85 91 80 43 47 40 9 6 98 65 62 38 5 29 87 21 18 60 57 93 87 96 22 72 12 9 88 2 76 2 99 73 51 31 95 60 14 58 3 78 18 33 18 34 92 27 85 5 97 82 91 45 35 16 26 62 62 72 95 87 45 54 15 30 76 97 71 1 27 95 59 6 34 55 90 70 74 12 14 74 50 76 13 62 1 68 94 65 46 34 75 58 91 61 83 51 8 77 46 44 89 67 1 39 28 98 52 14 56 93 95 29 92 25 8 59 18 83 36 98 49 20 86 9 42 16 62 71 88 59 71 56 51 10 67 2 69 33 3 1 31 22 16 5 28 41 20 86 15 55 61 26 34 35 76 0 67 53 30 98 91 39 89 29 96 83 82 84 1 54 45 87 29 55 97 63 7 66 95 15 53 94 97 94 95 36 11 46 52 53 39 25 43 92 11 61 73 95 4 10 47 36 18 95 45 52 54 79 28 77 9 73 68 20 63 73 42 65 29 53 85 48 29 90 99 66 73 58 76 99 2 31 54 47 82 53 90 19 97 38 27 35 45 6 81 35 37 92 84 86 44 43 80 53 28 79 32 66 34 23 60 90 72 40 87 6 10 17 9 26 43 97 50 62 92 63 29 16 53 21 11 3 80 92 44 46 22 85 35 95 82 3 72 53 78 
25 1 30 27 75 77 88 82 17 26 89 32 17 5 78 73 79 81 65 20 67 34 12 50 28 33 11 6 17 11 27 98 80 10 93 25 53 91 97 53 9 15 75 62 63 18 6 8 49 24 85 69 58 66 73 24 56 30 8 58 31 20 3 45 60 36 35 1 53 61 53 64 2 64 20 36 76 8 57 13 61 26 76 55 46 61 36 71 4 59 2 52 75 28 8 46 64 38 42 82 5 93 41 76 50 22 51 18 41 1 73 18 37 3 3 71 47 44 7 82 52 25 46 77 68 9 78 84 28 43 13 72 95 69 60 52 13 98 36 52 67 29 78 46 78 6 23 25 6 45 26 75 23 45 78 35 64 34 27 93 26 57 84 63 69 92 80 32 69 60 35 8 49 36 31 47 57 44 95 32 8 29 63 56 67 67 35 47 64 37 30 73 55 83 54 73 19 77 58 52 52 71 22 84 92 64 68 6 75 94 21 42 58 19 73 22 88 89 23 70 56 27 59 8 80 14 1 7 57 94 36 57 26 65 36 39 26 1 64 29 46 37 45 36 14 55 57 25 29 59 55 65 28 66 43 97 31 45 53 66 67 0 22 84 62 81 62 46 48 69 86 46 51 49 49 95 1 26 69 67 65 99 25 13 65 82 82 20 13 89 45 59 76 68 85 50 94 31 63 59 53 23 50 15 57 10 16 79 39 80 72 8 73 30 28 47 86 36 96 34 86 61 1 61 96 24 13 59 10 83 94 40 10 4 58 59 31 57 36 93 93 80 3 62 80 61 15 39 35 26 35 9 32 5 13 44 62 32 19 88 54 55 21 28 66 14 37 17 95 36 11 24 66 59 31 66 52 20 81 68 97 5 45 15 66 67 75 46 66 75 97 22 23 24 80 36 58 62 96 9 
84 98 56 27 94 49 45 82 57 27 34 79 77 20 77 71 2 3 78 65 72 7 16 86 65 88 19 89 39 64 86 23 55 67 59 52 60 85 91 23 65 72 75 63 49 94 14 84 96 24 38 98 54 97 84 52 43 44 23 9 34 68 62 16 23 58 49 81 74 9 37 32 64 14 72 6 82 73 16 22 13 11 58 92 94 51 66 45 6 82 91 97 13 11 51 76 90 21 48 89 25 36 14 67 27 67 43 6 42 87 42 20 49 29 3 90 40 50 34 60 3 69 11 14 87 53 95 26 93 92 60 32 68 65 78 82 45 29 12 41 49 87 29 8 51 28 74 50 48 80 3 12 22 27 45 52 38 62 72 27 62 11 69 36 10 22 65 79 83 67 99 67 12 77 19 60 48 1 66 17 45 23 40 85 89 90 46 87 22 90 98 55 93 82 54 23 86 29 42 63 24 73 54 10 71 69 55 38 42 54 4 20 19 57 57 85 52 29 26 46 76 67 78 13 57 76 21 47 83 62 62 61 16 12 50 20 1 12 35 81 81 5 33 6 13 87 58 58 78 17 10 70 78 96 7 98 66 31 71 85 53 22 0 45 54 83 90 38 99 4 57 21 11 96 77 30 82 33 73 55 66 77 27 17 34 16 6 2 51 65 94 52 13 35 94 61 63 23 76 63 97 14 76 79 27 18 13 49 6 36 32 97 99 58 69 78 18 27 83 10 60 96 94 63 21 60 77 45 12 15 10 68 1 81 11 53 29 12 89 53 43 83 70 48 75 62 93 77 43 94 30 57 62 85 77 41 93 64 52 41 24 33 59 6 97 27 37 67 28 38 98 26 51 55 35 65 55 30 20 88 15 76 12 55 78 36 25 22 49 37 94 92 72 6 13 30 35 37 34 15 
95 83 29 53 33 37 58 33 10 2 35 79 99 41 49 77 22 4 79 73 3 39 82 41 1 6 51 20 33 97 79 47 4 68 75 97 56 35 74 18 20 55 82 28 21 89 87 22 22 17 85 72 43 24 39 4 34 82 9 66 9 64 60 61 35 21 89 46 59 87 45 6 84 54 10 44 77 38 44 35 18 12 70 38 96 26 95 27 12 44 38 86 52 64 10 89 73 49 16 74 80 18 27 17 2 1 38 92 17 6 13 55 2 70 39 91 78 43 38 76 95 71 13 49 54 88 11 9 63 60 64 58 77 27 9 1 30 89 17 56 73 79 75 11 94 34 71 22 70 92 64 53 67 3 5 2 23 25 40 37 63 67 15 76 72 99 29 81 92 48 86 8 98 59 27 91 18 38 16 38 28 64 87 52 80 59 93 82 43 85 27 92 19 57 27 58 73 90 88 4 9 65 9 72 47 11 39 89 17 90 26 70 94 48 82 3 95 6 26 60 9 18 99 94 10 45 87 45 72 62 52 98 34 79 64 48 3 72 93 85 56 38 28 29 62 75 68 54 72 11 9 37 18 24 51 71 24 92 96 13 30 84 45 0 42 86 25 19 53 88 95 61 17 87 21 25 20 36 76 92 11 25 91 39 29 33 67 26 20 70 75 70 10 18 82 56 2 81 59 36 55 99 3 81 82 35 25 26 81 73 45 95 56 65 45 16 50 65 68 47 31 42 93 34 68 5 44 97 9 67 22 50 19 53 62 48 35 53 92 73 51 59 48 35 47 48 62 70 83 38 78 26 44 19 41 54 90 13 4 81 42 95 89 12 96 57 77 15 70 56 34 57 12 20 55 62 25 2 21 71 72 29 12 40 89 26 49 18 17 56 51 3 97 59 95 97 99 44 81 23 
39 72 44 56 39 50 42 94 65 7 26 9 63 38 92 81 79 79 47 1 97 11 89 65 3 55 86 13 88 23 65 16 23 83 23 86 7 82 41 8 80 77 27 40 51 24 19 50 49 20 23 12 42 82 1 70 27 62 33 47 17 31 63 18 18 72 59 58 16 48 6 91 20 98 52 65 11 51 69 24 55 62 40 49 89 94 81 5 72 81 14 41 80 83 6 80 69 53 35 51 85 32 93 36 90 46 47 34 83 2 87 10 73 50 14 80 4 43 18 1 36 58 5 48 55 14 30 62 66 66 49 93 73 70 61 68 69 29 98 63 9 91 25 16 68 46 42 96 49 78 19 18 8 17 17 88 86 86 86 9 51 35 92 45 5 4 94 81 59 7 54 5 74 87 4 28 89 21 79 49 7 10 40 37 84 20 18 74 27 18 48 77 35 39 64 29 70 58 72 62 28 83 16 56 48 36 30 72 75 63 55 12 56 4 29 23 3 84 27 16 23 57 59 47 50 1 69 76 50 99 7 59 65 51 42 51 15 80 78 61 56 63 45 27 60 2 80 86 40 70 19 88 4 29 83 16 5 17 47 56 98 62 54 42 0 54 20 24 15 54 6 74 36 43 12 76 60 3 71 56 47 39 65 45 3 80 91 73 88 44 43 63 13 60 77 35 19 8 68 62 92 31 72 21 5 1 8 83 6 11 72 61 76 53 24 34 29 49 28 97 57 52 72 84 21 5 31 77 84 39 46 26 73 48 43 53 22 86 41 34 63 22 93 15 77 48 97 81 51 49 40 42 25 96 7 22 90 55 91 78 91 63 13 34 76 24 93 25 42 60 63 73 11 13 69 90 41 65 80 43 92 51 53 59 80 5 38 53 88 65 30 33 60 90 3 24 29 8 3 83 
48 15 99 8 43 15 33 15 84 19 79 37 23 63 14 37 1 88 2 93 23 17 75 51 6 94 2 25 58 22 98 40 59 75 83 72 52 36 63 12 59 97 62 70 71 5 54 38 25 5 59 78 90 70 81 36 39 68 29 85 64 53 94 5 56 91 36 25 79 14 46 5 9 10 48 29 11 21 51 11 60 1 91 24 66 11 37 42 39 40 33 57 87 53 36 12 39 99 15 55 35 18 54 55 48 21 48 33 41 35 68 65 82 66 30 77 74 97 3 43 49 19 10 82 10 29 22 70 27 16 27 48 63 44 97 17 98 32 9 45 9 33 41 18 5 5 2 23 81 81 30 30 14 95 4 3 85 57 65 47 15 75 65 69 9 97 36 20 35 17 19 92 63 68 52 90 31 48 23 33 91 33 43 64 48 62 67 85 51 63 93 17 38 38 75 13 76 77 8 94 86 20 56 73 12 53 9 93 6 26 15 48 6 83 32 93 24 14 83 93 32 60 53 87 84 6 9 34 39 79 88 11 75 23 47 69 35 10 8 81 24 46 49 77 22 96 35 7 95 43 10 74 10 95 35 17 86 97 94 74 91 81 83 86 54 0 70 97 5 63 10 1 47 36 28 1 33 45 84 36 21 94 29 74 24 92 31 30 74 87 18 87 64 35 71 12 48 16 75 49 39 20 69 45 73 11 41 51 48 76 40 77 73 16 44 59 2 64 24 47 97 88 97 73 14 26 81 88 99 43 72 50 40 35 93 32 57 92 31 98 13 89 44 90 20 66 97 3 70 5 13 21 41 45 17 21 63 24 87 44 32 24 36 60 2 44 42 46 11 70 91 57 25 33 68 92 75 9 55 7 43 12 81 96 19 34 25 91 88 31 18 88 47 83 53 51 75 27 55 76 
6 37 56 63 64 74 28 31 27 35 20 96 71 59 76 69 91 73 36 95 26 33 46 57 19 49 39 53 61 25 51 58 29 36 52 32 50 13 85 4 63 60 44 54 41 49 63 8 89 70 9 44 2 22 74 96 68 75 92 35 39 38 66 85 85 56 6 76 46 84 32 12 97 36 38 78 13 26 71 30 65 82 7 86 52 94 1 21 70 98 60 30 15 23 40 7 28 79 71 43 38 59 92 38 20 91 13 88 67 63 15 53 69 42 91 97 17 28 14 31 75 73 20 89 96 76 6 81 75 15 6 56 29 96 86 52 82 1 66 68 46 23 26 37 72 30 60 53 9 47 12 97 60 11 15 94 48 47 21 84 37 79 71 68 88 29 81 67 99 40 70 31 94 31 73 73 77 24 34 96 44 27 72 12 51 8 70 59 35 13 3 14 59 98 61 58 71 89 67 69 90 93 64 28 13 94 55 67 14 28 4 13 70 38 58 72 24 64 32 37 33 79 76 27 59 3 49 97 36 19 16 90 67 88 40 57 18 76 66 90 6 71 61 91 73 98 8 62 8 1 76 43 99 65 17 28 72 81 36 34 39 62 90 25 20 70 0 37 75 95 98 47 55 73 49 68 39 23 42 69 49 5 20 52 46 65 26 21 90 56 64 66 11 44 7 19 80 54 63 3 60 58 21 83 37 48 85 33 84 9 38 40 71 65 42 27 15 42 76 77 83 43 25 49 38 31 98 9 91 79 43 87 4 55 11 33 16 28 44 21 8 77 84 23 39 82 88 50 69 4 9 62 13 88 24 14 31 23 92 26 98 70 55 83 82 57 7 11 65 29 23 53 77 15 13 56 13 3 3 42 10 15 35 31 60 98 74 71 9 61 60 15 61 64 69 31 69 66 17 63 
80 27 6 32 24 22 56 39 3 32 84 73 70 6 2 37 61 26 83 38 55 14 76 33 62 3 9 54 30 82 30 72 54 57 65 16 38 39 22 39 13 29 49 12 51 49 81 35 2 93 61 67 7 80 4 25 74 26 82 8 8 56 48 56 35 6 38 9 84 28 79 10 91 83 67 51 82 67 87 76 61 59 77 78 38 16 45 41 64 97 10 78 60 91 38 98 57 20 44 48 76 60 56 50 85 27 10 81 90 10 95 3 70 27 13 37 48 32 14 97 58 7 12 13 10 1 74 69 99 49 58 66 98 64 70 6 73 29 73 99 97 99 34 12 82 48 20 62 14 78 63 95 31 5 4 64 60 7 11 58 58 21 77 41 51 86 36 58 20 3 30 42 22 22 96 96 47 32 98 3 45 24 46 66 8 78 81 17 10 86 57 25 68 50 88 76 9 55 43 30 82 4 69 64 99 20 87 80 90 79 52 51 99 95 95 36 19 87 49 12 5 45 36 28 98 79 63 12 45 53 44 29 91 48 17 9 70 59 85 76 1 7 86 69 96 2 60 4 98 7 58 74 76 84 30 68 13 84 63 48 89 46 38 19 24 97 37 0 19 45 67 18 7 80 19 98 90 62 3 14 41 77 10 71 53 92 99 57 23 13 44 5 83 22 18 75 37 15 4 29 67 20 79 11 55 93 58 87 92 59 80 95 74 11 8 45 49 97 50 11 49 37 60 41 74 11 28 47 50 77 40 91 2 33 24 39 48 30 47 26 25 7 66 16 96 78 41 65 94 71 89 73 34 78 76 70 82 80 7 97 65 53 43 26 64 96 33 50 60 74 4 85 13 6 32 85 32 67 13 14 50 50 39 23 41 24 51 85 78 71 60 22 66 33 50 68 85 36 93 44 
64 33 51 80 41 33 64 97 39 97 53 38 83 80 33 77 75 40 66 42 29 86 78 63 73 52 17 4 51 7 62 68 58 45 53 69 64 79 5 18 34 79 58 9 85 24 79 49 11 63 3 40 64 64 37 78 99 31 77 20 74 15 25 11 7 21 4 89 74 7 14 15 28 13 63 69 14 48 47 67 94 62 15 30 40 52 54 29 92 26 41 12 9 2 11 53 84 2 72 48 76 36 86 12 55 25 7 59 23 4 63 96 23 16 1 49 11 54 39 46 50 21 44 87 60 58 56 78 78 28 31 22 61 12 64 74 39 19 7 55 79 67 34 26 1 54 68 92 28 38 42 27 83 62 49 62 2 24 87 72 99 68 61 88 4 7 55 16 1 72 52 11 43 58 16 63 22 63 46 99 74 2 99 29 31 80 3 64 4 13 24 5 84 12 1 82 61 64 87 82 85 29 48 90 56 37 61 5 25 93 66 77 86 22 50 63 15 94 87 93 43 1 91 5 28 95 89 55 91 1 16 37 7 3 5 6 98 98 26 46 61 54 95 61 77 9 11 21 46 8 45 57 60 37 44 48 50 39 84 57 29 48 99 53 15 5 75 19 0 90 39 38 9 86 16 87 97 92 89 55 28 73 33 28 61 27 78 60 20 87 65 86 13 99 14 93 24 61 27 58 65 1 28 53 32 25 57 28 33 95 11 29 83 23 86 61 58 82 14 34 7 2 51 61 57 16 32 12 52 97 62 13 91 11 53 60 22 6 59 27 62 38 64 9 66 93 34 87 83 85 92 10 23 17 74 71 69 4 70 31 39 23 4 11 26 48 1 37 65 77 7 48 32 96 99 75 10 37 41 3 67 33 18 23 12 82 52 43 64 6 63 63 76 62 58 21 94 36 24 8 
88 2 93 93 64 72 81 88 86 81 76 78 16 87 28 45 53 10 7 30 30 39 95 85 65 29 42 34 54 56 45 53 35 60 17 38 75 38 63 87 7 57 97 37 9 41 25 63 56 3 63 12 27 90 89 59 86 5 10 62 52 14 67 36 17 64 19 70 22 49 39 58 15 20 92 21 2 65 33 80 25 47 5 41 24 34 41 7 78 17 1 58 95 76 90 59 27 55 3 2 26 68 40 38 11 57 10 73 78 2 20 58 81 65 6 1 60 56 36 48 62 6 66 87 76 23 12 21 2 91 7 43 67 67 50 19 17 99 31 39 4 80 63 1 8 5 82 29 11 66 58 63 39 20 13 75 90 14 76 10 14 5 69 17 95 36 63 4 46 7 68 67 79 51 69 55 86 96 75 46 16 80 64 18 15 7 29 81 70 40 41 86 63 19 11 10 14 76 70 32 36 7 50 4 50 38 31 12 83 49 38 99 66 26 60 88 6 48 11 82 72 76 85 86 77 66 29 49 29 24 70 37 95 95 64 2 89 12 28 62 42 4 20 81 82 46 70 83 17 16 54 9 42 52 91 17 78 13 7 87 96 69 4 88 54 63 95 45 90 0 19 52 41 27 46 54 12 73 6 65 53 18 50 32 13 42 42 45 95 45 33 81 62 57 42 58 42 99 19 40 38 32 99 84 42 68 59 99 59 46 70 59 99 81 6 91 50 5 38 29 94 72 74 15 95 56 6 96 20 21 97 93 44 29 58 82 21 71 57 3 28 89 37 98 29 40 19 15 29 71 73 98 10 6 38 50 9 84 3 35 79 37 95 38 1 44 62 83 82 85 49 58 17 59 40 67 7 35 86 78 71 35 63 21 64 57 52 69 92 7 29 89 45 73 47 45 46 72 6 49 
33 49 64 77 64 1 92 1 31 99 85 35 96 75 10 48 88 44 49 56 19 16 6 24 43 86 46 75 74 71 17 52 64 72 43 32 61 81 94 43 41 7 10 55 95 25 17 31 67 58 35 77 46 43 41 51 69 16 48 25 80 46 42 42 6 11 19 89 94 49 61 14 24 37 7 81 61 86 75 7 23 14 98 57 25 33 43 92 86 76 25 18 83 40 38 73 21 80 96 68 88 53 82 27 17 10 48 48 55 23 90 75 58 92 51 74 86 26 24 86 26 52 67 42 16 47 35 74 40 88 52 52 26 13 62 40 59 81 59 87 57 65 73 94 89 75 21 45 4 52 7 9 55 56 5 25 77 48 82 85 43 54 3 95 78 91 48 26 73 95 49 99 90 42 83 99 68 67 57 45 13 68 91 83 85 21 23 60 87 75 71 40 29 39 7 73 98 79 32 20 4 43 20 18 60 22 3 87 21 94 44 46 61 33 31 56 35 68 26 70 71 36 22 65 38 77 23 33 62 82 24 21 49 66 62 42 47 29 58 15 30 74 68 68 63 51 44 26 73 4 16 10 7 85 59 2 61 61 16 59 83 86 57 95 6 10 98 67 39 19 0 55 6 66 89 99 86 52 57 54 38 12 25 75 91 24 91 52 81 29 20 3 27 96 96 23 91 24 60 86 15 67 34 72 5 95 23 94 8 34 40 62 87 90 48 79 80 34 5 35 2 2 6 92 28 12 2 38 41 90 55 15 99 48 25 65 92 37 86 99 15 77 73 97 81 49 48 93 95 18 15 97 25 68 68 38 51 13 37 65 5 32 7 27 44 81 99 11 11 21 61 22 21 64 12 72 98 97 16 95 2 14 76 14 85 2 2 53 41 57 89 3 48 28 71 25 8 13 53 20 
43 89 53 47 32 47 77 38 87 44 64 40 19 45 37 45 44 57 64 50 98 91 49 71 74 30 79 35 82 13 57 18 85 9 58 2 25 5 47 80 1 71 27 16 30 74 97 12 15 64 23 4 98 69 98 7 2 17 60 37 17 92 5 2 72 22 39 94 81 80 7 21 63 59 18 5 60 50 93 13 27 8 91 53 32 17 37 57 71 13 74 62 36 6 88 99 32 96 33 92 29 80 64 90 67 28 24 88 46 42 46 72 97 22 4 37 93 17 35 10 14 36 8 64 89 14 17 79 66 69 58 53 45 59 61 44 92 29 39 4 69 95 33 4 46 10 19 90 43 12 3 66 71 50 40 73 38 17 86 84 70 2 65 60 89 31 99 86 48 54 57 35 16 32 82 74 7 94 97 37 9 52 6 3 56 18 83 3 85 9 10 5 4 5 80 27 51 76 6 7 95 31 58 93 4 75 43 59 64 74 76 87 63 53 9 91 19 36 11 81 70 44 53 31 68 59 76 83 8 26 43 98 13 14 5 63 18 44 95 32 7 75 3 78 18 29 30 86 40 62 29 82 45 90 8 79 70 50 72 30 82 46 21 61 74 1 47 18 38 52 55 0 88 53 85 39 27 58 22 18 3 97 7 85 83 27 7 69 5 93 39 79 48 69 27 38 26 63 64 24 25 53 29 19 54 41 39 60 78 8 64 29 49 54 98 82 43 27 32 52 65 76 23 77 19 67 75 7 82 94 45 71 34 98 36 5 32 49 89 37 32 18 37 86 36 77 78 46 96 66 21 79 26 7 44 20 49 60 53 46 9 34 50 81 91 95 94 1 74 87 30 80 19 13 11 60 61 85 42 40 38 51 5 44 1 39 38 54 12 95 37 82 85 12 70 53 96 75 98 85 
75 23 35 88 19 25 57 67 54 52 97 20 22 11 8 52 64 65 12 19 36 2 69 89 89 61 68 24 6 59 51 68 15 78 51 2 28 96 96 43 99 23 75 60 8 98 77 4 63 37 86 44 25 48 43 88 14 81 12 96 40 54 78 46 23 27 61 7 41 90 81 38 43 41 99 29 11 48 61 1 26 84 70 88 84 41 67 26 21 65 35 70 9 49 64 11 73 55 77 91 87 27 65 49 7 28 85 40 69 5 49 46 63 67 96 87 83 73 65 97 67 9 6 83 55 61 26 3 52 18 96 58 41 74 57 4 77 43 91 82 14 43 52 7 73 98 86 65 21 88 12 93 85 86 28 38 4 9 72 55 44 22 63 33 99 18 4 15 31 10 77 18 8 64 74 25 14 91 83 77 89 37 32 2 23 55 77 34 41 20 33 37 64 20 89 6 78 19 52 66 45 74 96 99 56 31 10 60 81 52 35 85 20 21 75 12 55 62 81 35 18 3 74 55 10 74 23 48 52 94 76 39 76 5 95 5 56 83 88 26 49 93 6 1 95 47 27 82 77 49 82 71 76 32 58 73 55 58 48 69 84 51 11 17 36 47 55 7 9 41 6 88 0 62 21 7 69 95 40 25 12 30 30 85 34 41 42 88 70 51 83 47 50 14 14 10 28 7 28 13 82 61 40 24 64 50 80 57 65 15 51 89 60 24 90 55 97 39 50 92 77 20 66 47 22 98 74 25 2 47 60 58 11 60 82 75 85 1 3 91 25 6 35 99 59 67 73 84 45 27 49 22 21 57 15 97 57 9 19 32 58 44 58 7 6 34 79 26 33 6 62 90 18 42 71 45 44 27 72 88 15 54 94 88 81 15 38 11 18 65 39 35 58 65 16 24 59 22 74 40 
67 35 99 71 41 81 27 43 32 37 80 68 10 7 55 21 29 10 87 16 61 48 69 42 51 47 57 61 85 10 31 20 14 35 23 64 17 92 25 13 4 76 15 37 57 95 54 92 82 87 60 88 52 40 7 92 7 36 73 46 58 32 1 22 83 65 11 74 16 13 45 6 81 57 68 28 29 56 67 81 67 67 91 14 66 34 81 11 27 3 93 29 93 4 84 34 41 1 34 17 52 79 6 27 54 83 95 65 32 47 82 2 3 96 10 34 96 33 44 5 47 94 84 80 78 62 17 11 25 64 69 74 92 10 49 48 1 18 16 42 63 58 96 30 49 27 77 80 75 76 24 57 57 2 34 57 81 18 62 18 12 98 2 4 44 11 3 70 16 64 66 55 56 12 33 27 92 80 35 58 2 67 93 96 13 81 13 57 14 62 92 40 84 78 60 57 43 67 69 51 43 3 73 61 45 40 91 21 44 18 83 97 35 95 29 66 58 12 80 30 25 54 43 71 2 94 24 11 76 21 7 62 99 99 65 92 2 29 61 42 51 54 37 42 20 8 66 71 64 3 27 20 69 36 41 96 9 94 27 17 1 49 96 87 43 36 73 80 86 27 66 53 62 0 12 39 54 4 93 30 12 44 55 73 4 41 16 83 55 48 62 42 36 57 2 88 42 35 18 56 22 89 39 57 92 45 67 67 4 49 69 52 51 42 84 98 74 74 40 39 19 21 91 97 51 68 23 53 16 37 48 25 42 74 39 44 83 10 51 79 13 97 85 72 49 32 79 5 52 60 90 96 81 83 21 61 6 53 68 3 77 95 29 11 21 19 54 56 81 74 19 54 66 99 80 1 5 19 60 38 16 30 53 60 23 27 76 32 81 70 89 33 20 90 88 33 73 34 41 60 
89 95 84 70 6 38 63 62 31 83 99 32 3 33 12 3 59 2 82 58 78 96 54 39 67 18 68 1 29 66 7 57 21 72 48 17 2 57 83 47 75 6 84 90 8 3 29 41 34 52 1 31 53 46 58 6 65 90 90 86 14 95 11 29 31 15 9 17 54 9 33 48 77 21 68 54 49 7 34 66 26 19 54 44 80 65 30 53 98 10 84 20 37 77 25 25 37 31 86 36 87 14 27 32 54 93 20 96 48 24 90 87 30 37 13 98 6 43 45 98 17 72 86 31 88 15 41 59 30 31 79 76 25 48 31 53 52 68 35 36 61 94 5 25 71 56 64 2 61 75 34 80 19 52 16 24 29 70 90 81 41 13 87 66 11 68 73 11 24 49 83 47 87 19 8 20 85 95 37 39 16 48 71 79 88 39 45 59 21 87 51 43 83 54 86 93 59 6 57 97 15 64 26 36 86 43 66 67 88 42 80 92 35 35 63 8 31 62 2 2 26 79 21 60 49 13 39 7 77 37 29 55 32 37 89 23 48 39 11 80 2 24 44 88 93 70 68 40 25 13 75 23 5 6 20 33 16 71 64 14 54 49 77 21 12 28 49 19 16 46 89 85 21 12 0 91 76 48 39 47 32 21 10 75 68 22 50 56 70 75 54 86 38 39 39 60 58 3 62 97 42 89 8 69 13 64 87 19 77 58 51 38 62 8 70 47 34 59 10 86 28 99 7 23 17 11 46 41 4 2 75 84 6 67 22 38 44 49 16 31 51 19 74 85 75 99 48 88 79 16 99 56 22 91 58 76 8 7 53 98 1 29 87 56 44 15 89 75 31 98 22 35 14 96 1 31 4 29 61 81 11 79 2 77 82 18 73 20 90 48 30 42 1 23 29 62 35 59 78 83 
99 22 78 56 93 17 54 19 37 9 42 71 79 41 90 47 92 82 59 60 26 63 49 27 48 49 5 29 70 3 15 35 19 73 37 66 10 81 83 1 40 72 18 58 42 83 38 7 83 14 15 94 91 9 32 46 22 13 94 80 38 75 43 67 16 61 85 2 69 15 80 43 77 71 98 96 68 89 45 92 63 8 57 65 63 86 30 71 30 35 58 98 16 82 30 28 16 11 91 27 68 42 43 98 86 70 84 44 40 29 85 91 32 91 93 9 69 28 77 14 21 42 24 11 83 48 76 61 62 78 13 71 41 15 95 37 63 23 50 74 23 27 50 63 13 90 31 3 93 82 47 9 89 7 46 7 69 38 94 75 59 25 59 60 3 23 55 80 13 33 32 31 36 16 38 71 69 2 12 82 46 38 91 29 17 60 87 36 79 24 7 41 30 69 62 69 56 78 8 15 74 43 93 9 34 42 20 49 36 43 97 12 53 77 59 46 51 25 26 55 2 84 48 18 61 37 61 20 83 89 39 5 40 96 6 86 3 94 32 33 52 12 12 84 37 90 58 96 92 43 91 79 79 47 20 46 73 49 69 41 45 95 30 25 76 1 68 98 87 54 99 39 7 39 91 0 68 97 46 37 51 31 31 30 52 37 37 52 2 15 6 10 36 62 33 18 98 22 65 43 61 63 11 13 18 77 29 78 67 57 20 75 11 39 33 25 81 55 32 33 62 65 51 32 50 88 50 53 89 40 15 48 63 93 34 81 79 85 65 27 7 93 6 20 98 98 31 20 18 25 21 31 3 69 54 65 90 53 24 40 57 2 98 37 22 2 6 98 81 22 97 14 64 98 42 80 66 35 32 70 70 67 33 84 76 77 90 34 69 16 13 83 76 90 14 77 27 57 45 14 
31 69 38 93 80 53 93 1 16 3 39 65 79 9 37 77 13 16 95 89 69 69 11 2 95 93 71 71 85 44 92 6 32 94 1 85 83 32 76 22 84 38 11 75 37 30 43 87 68 53 11 21 96 25 67 89 19 29 35 23 57 90 70 14 46 56 69 33 47 51 96 11 27 18 13 33 30 10 2 16 26 28 12 4 21 15 89 11 94 44 73 12 48 46 20 97 43 11 31 45 25 34 26 29 43 22 74 13 82 34 24 49 35 87 28 16 2 20 2 24 1 39 83 28 41 66 32 55 99 10 60 40 92 34 50 81 61 98 73 96 53 78 12 19 48 55 34 23 51 13 67 62 61 89 98 66 52 77 85 88 85 88 18 29 83 60 93 56 89 84 20 86 24 70 39 15 2 96 92 21 66 1 63 33 93 26 90 93 10 57 63 16 97 14 4 98 58 33 51 77 7 69 52 33 67 69 98 64 71 81 40 19 58 25 98 77 96 65 6 57 81 37 36 92 47 51 25 40 29 68 81 48 70 91 68 55 14 56 81 17 40 83 27 95 40 46 6 27 88 38 9 20 27 32 53 40 10 66 30 39 87 1 82 20 60 33 39 90 97 12 86 27 69 54 76 68 0 37 35 29 66 33 53 54 2 87 37 46 21 58 68 16 15 80 28 46 15 65 60 62 86 9 3 88 15 4 69 43 23 95 11 62 11 20 23 96 69 7 12 63 91 34 1 54 24 9 93 22 19 31 59 64 11 88 83 3 16 91 89 8 89 35 54 2 39 57 63 93 39 96 44 38 78 96 9 52 87 33 34 14 80 81 82 29 67 49 47 73 23 96 43 62 8 61 18 43 24 74 94 26 70 10 88 71 41 86 46 52 24 44 2 35 54 93 74 85 82 61 21 61 
18 68 90 99 83 69 23 46 22 20 40 56 7 67 81 37 95 87 28 86 52 36 47 1 6 43 57 68 62 5 63 33 25 82 14 79 13 13 63 79 79 1 88 50 99 11 23 46 53 67 38 44 12 81 14 83 90 54 75 29 49 29 47 50 74 25 71 24 63 1 30 89 73 33 80 24 14 17 34 86 56 30 97 8 20 63 53 15 20 11 18 96 50 31 34 12 47 50 14 1 92 93 5 78 50 89 38 75 51 75 61 77 6 58 86 38 39 11 14 9 8 54 53 35 30 77 89 30 45 12 6 40 69 27 47 51 69 52 89 20 15 43 38 94 64 83 26 6 80 56 93 32 85 14 15 75 89 64 64 93 17 5 92 22 75 45 95 55 78 98 22 30 61 21 49 27 26 34 81 91 16 60 34 45 99 42 80 71 45 96 2 14 13 59 13 63 79 99 53 80 39 71 2 58 28 38 24 2 44 52 97 26 94 91 34 7 75 63 12 14 79 78 84 6 61 59 35 90 28 19 18 56 11 14 44 23 80 92 34 36 49 28 32 77 31 57 36 7 4 47 20 53 15 72 23 15 40 78 34 28 29 26 33 36 3 45 23 62 92 73 52 58 95 4 48 97 37 0 50 30 61 1 54 14 80 81 40 33 78 62 70 96 65 86 56 2 99 45 49 91 5 11 91 60 58 9 84 37 89 18 7 12 29 1 31 25 26 7 37 94 52 62 96 7 57 65 57 97 27 86 22 84 77 81 14 41 32 77 35 43 43 23 46 16 16 57 44 60 73 88 58 86 8 22 80 13 39 40 71 53 77 87 10 58 48 80 39 74 59 22 70 81 75 52 24 57 52 72 40 2 95 30 63 51 49 22 65 45 76 47 56 51 57 21 37 17 49 23 74 15 
69 49 55 88 75 93 39 83 93 63 7 60 97 96 59 46 14 84 31 41 42 2 1 37 41 12 86 70 34 6 72 35 65 35 56 55 70 10 91 45 5 32 33 7 20 95 7 63 91 58 56 93 64 29 74 85 39 52 59 35 81 95 50 96 77 80 27 95 43 16 66 10 44 73 10 54 43 48 27 41 98 14 84 32 27 90 42 92 50 25 50 31 20 62 17 57 92 59 96 4 62 73 98 19 46 96 50 22 12 41 18 98 51 79 42 82 39 74 92 94 51 46 4 8 32 54 71 88 43 54 80 21 17 97 90 68 78 61 57 41 44 85 79 13 91 38 28 42 8 94 40 48 57 80 87 20 45 19 78 33 40 13 22 97 70 82 34 83 66 12 74 37 76 42 51 59 48 10 74 52 42 44 61 60 36 11 39 40 4 45 64 24 44 58 73 82 88 23 26 43 84 60 21 21 70 14 31 25 92 85 53 70 88 36 74 41 39 35 79 19 68 12 89 60 6 20 56 48 8 17 46 12 33 67 63 7 62 7 88 72 1 36 50 32 50 37 30 23 25 61 24 53 35 35 62 82 99 28 57 40 55 69 73 76 71 84 42 3 89 6 57 22 40 93 39 46 35 50 0 48 54 70 92 18 69 42 90 68 5 3 54 79 7 70 59 74 22 39 31 80 45 79 42 40 17 18 23 28 23 76 13 84 6 4 11 26 9 83 65 18 80 49 52 25 28 84 55 50 76 56 31 14 57 25 31 65 65 93 45 34 18 51 41 91 71 17 68 64 52 60 38 3 15 63 90 30 88 9 89 77 27 42 88 90 52 45 85 77 24 29 33 87 67 54 38 23 48 91 75 46 31 42 69 80 6 38 46 85 73 56 55 45 22 50 63 86 66 43 16 45 
65 19 5 86 41 91 21 95 48 95 9 57 60 73 77 15 9 80 18 89 26 85 87 37 92 35 18 10 93 51 88 82 4 62 20 69 40 31 63 41 64 44 61 31 25 58 27 72 95 29 19 23 2 26 70 18 58 7 61 37 33 49 20 32 93 26 80 64 72 18 55 8 20 74 88 75 9 89 68 4 96 28 61 34 87 54 50 56 94 98 92 49 94 28 82 61 94 77 78 91 41 6 35 54 56 8 82 34 6 16 11 10 61 82 94 73 78 10 3 30 46 71 35 32 98 65 77 90 64 3 33 63 89 84 95 45 41 82 89 65 33 57 25 43 77 96 57 57 94 38 51 79 93 73 75 15 24 70 54 55 65 70 80 16 68 55 83 91 40 23 71 89 78 95 85 55 90 55 61 39 15 86 43 1 31 18 72 71 95 94 74 47 70 60 24 67 39 37 37 5 59 89 92 32 32 48 52 94 6 28 64 8 10 50 8 76 21 63 8 63 25 3 31 90 51 59 14 33 65 44 14 71 20 80 43 35 37 13 93 75 22 21 43 92 76 3 74 11 70 66 3 92 60 40 26 83 70 30 29 28 97 67 55 92 56 36 69 14 55 65 54 18 25 30 47 37 29 30 48 0 22 89 95 56 93 11 84 54 72 96 14 69 50 10 17 96 53 44 69 97 37 68 26 58 67 20 23 70 43 90 30 32 68 13 67 50 40 49 67 9 10 49 78 32 12 74 33 12 80 36 80 18 78 95 99 42 95 93 31 24 9 90 74 92 98 38 49 24 46 40 71 32 83 47 90 99 10 42 9 63 46 93 9 58 35 47 31 99 55 98 87 64 24 69 6 36 81 31 94 27 61 18 74 63 16 82 2 8 88 34 10 75 1 71 13 60 56 76 19 26 
61 98 44 75 26 8 59 72 74 76 1 27 37 58 64 25 70 64 59 73 55 76 62 42 34 91 80 14 41 54 71 89 81 79 58 20 87 79 5 7 38 83 7 13 96 81 37 60 73 91 24 49 49 46 89 53 41 30 4 62 68 1 3 99 48 52 67 97 3 2 29 49 82 55 61 12 89 12 77 16 39 33 11 16 19 75 12 51 88 12 22 38 86 91 16 13 96 17 96 32 36 26 17 30 66 29 99 44 40 25 42 47 42 93 79 39 73 37 95 69 17 94 9 80 45 91 96 60 91 56 94 18 54 53 32 76 34 13 53 3 61 76 16 83 99 1 32 26 25 51 33 57 1 99 88 54 39 96 12 58 90 9 76 66 73 71 59 88 97 31 37 20 30 47 81 45 5 94 84 11 60 18 59 47 65 88 17 54 96 78 93 33 63 51 70 4 96 48 57 52 49 16 15 69 2 78 94 73 34 69 70 97 52 88 55 17 11 13 96 5 17 99 41 94 91 19 30 48 73 3 64 35 5 78 68 11 31 52 34 28 6 95 10 80 88 8 48 68 67 93 16 67 26 65 51 36 69 68 78 93 63 65 66 11 47 21 49 41 28 53 38 3 12 12 32 51 66 61 54 22 0 72 48 85 29 94 87 9 65 54 9 39 93 95 62 53 60 70 72 36 64 13 25 73 39 29 67 43 13 8 86 42 75 99 8 20 23 40 39 73 59 10 71 67 21 42 29 4 46 63 75 87 31 36 51 85 92 8 92 19 79 73 70 11 93 66 69 71 61 20 78 22 55 45 5 75 41 93 68 49 93 55 89 9 36 57 50 67 84 43 32 85 19 80 4 33 12 20 6 92 52 93 21 66 81 77 59 40 31 22 2 65 52 68 84 10 53 23 70 83 
79 12 12 16 69 61 44 71 45 26 88 90 26 25 24 85 27 93 44 97 92 38 62 89 80 20 80 62 83 89 27 73 70 66 6 77 13 47 53 96 91 48 10 4 98 52 91 52 90 31 6 60 71 73 93 33 22 52 10 71 2 21 87 16 8 18 61 68 16 99 17 54 72 89 18 83 84 1 7 55 6 21 21 31 35 75 11 84 78 28 97 58 84 25 64 47 73 2 73 97 67 75 28 28 35 69 97 52 30 69 43 92 16 26 35 29 58 20 8 22 4 46 27 1 69 39 2 9 5 17 95 22 68 40 11 86 7 75 29 52 9 12 7 15 8 4 75 38 29 44 61 6 48 30 33 63 24 63 54 83 19 85 94 21 8 69 27 86 76 80 4 88 16 1 42 69 80 51 82 24 1 9 67 76 92 40 12 34 16 39 2 20 45 43 58 5 96 30 47 14 59 18 71 49 40 82 37 88 17 43 99 67 67 69 54 44 14 24 4 30 43 60 92 9 63 26 61 17 52 14 43 19 54 45 72 29 60 29 43 94 64 37 43 82 56 23 44 74 89 14 91 98 24 34 18 58 12 65 6 50 7 99 77 25 39 94 5 77 73 18 12 97 30 44 21 31 33 1 70 89 72 0 50 91 75 36 98 92 26 41 88 27 17 56 19 31 39 7 53 65 6 81 53 31 57 45 56 62 17 70 41 98 60 31 5 72 60 19 55 49 75 27 17 17 50 81 49 51 53 28 99 26 94 8 53 21 47 15 57 55 69 70 67 82 85 89 26 31 27 27 7 58 18 58 80 18 42 97 31 54 56 63 3 57 1 97 42 62 61 8 39 29 50 53 61 69 29 36 18 82 85 48 25 55 84 82 30 36 46 70 54 62 1 21 33 71 39 34 29 32 
18 12 30 15 50 10 20 97 5 36 43 78 6 95 33 72 64 6 72 83 99 57 46 17 6 18 75 23 74 42 31 19 5 56 75 6 49 29 37 22 39 83 60 73 3 50 89 70 33 53 33 21 74 63 48 76 44 17 78 58 84 57 76 81 31 42 67 24 84 54 98 61 54 93 16 26 46 92 67 28 30 94 47 45 46 70 64 35 58 14 8 92 18 23 50 96 1 89 41 52 65 20 10 12 27 45 71 24 49 99 58 79 61 76 22 69 63 89 63 25 29 12 44 25 77 43 99 85 5 71 3 64 25 87 49 77 17 33 66 41 7 47 12 61 92 79 95 67 64 53 6 24 33 37 63 74 25 1 91 84 3 20 44 85 81 88 19 9 64 59 3 5 70 72 9 95 30 47 26 32 66 62 84 20 42 97 30 37 58 39 20 39 25 43 74 71 46 54 25 44 69 46 50 26 70 14 10 91 13 79 37 71 36 85 43 37 69 46 4 10 69 60 49 75 55 47 63 15 4 14 83 13 23 27 67 6 41 3 44 76 37 9 64 49 48 57 87 21 48 29 43 59 75 75 67 96 61 92 39 83 66 25 27 91 65 29 20 10 33 50 25 7 30 55 10 31 53 54 92 95 48 50 0 82 76 49 45 4 1 11 93 27 68 8 42 44 37 32 84 74 95 9 58 95 30 52 10 42 93 73 2 59 51 44 86 61 44 91 92 86 2 45 90 70 19 24 99 57 81 99 1 4 89 67 54 75 35 25 48 41 91 10 28 13 13 78 49 83 79 64 44 12 19 13 91 65 6 64 75 67 82 19 57 38 69 15 64 87 10 93 71 32 64 92 53 85 56 30 43 75 16 90 13 91 58 53 5 44 82 12 30 25 7 29 56 2 39 52 28 84 
40 53 77 57 83 35 46 54 67 80 19 31 62 34 66 31 4 82 47 33 96 62 55 69 78 92 2 6 45 15 51 14 80 10 64 14 83 76 31 23 16 34 96 88 2 61 36 11 98 73 16 67 91 65 76 24 29 84 9 72 34 61 33 76 95 27 6 37 56 74 76 36 37 33 61 59 73 84 93 33 94 37 15 83 92 19 9 21 86 92 55 98 90 62 25 59 67 3 61 5 95 89 87 66 12 73 8 55 20 72 51 98 38 63 35 53 42 39 31 50 85 12 74 10 3 31 29 24 40 71 11 63 71 34 91 58 50 62 5 59 41 80 65 84 71 80 7 88 7 26 23 39 51 53 6 86 68 61 42 25 29 27 60 2 22 18 46 9 47 96 76 53 58 11 47 99 11 91 30 58 51 34 60 5 55 24 17 4 37 31 84 60 78 39 45 51 18 62 2 36 9 17 79 69 86 33 53 61 99 12 36 59 2 41 97 58 53 63 57 49 41 10 24 96 48 87 13 78 78 90 26 15 47 25 48 34 50 2 95 50 18 34 17 70 62 81 39 29 91 21 74 39 87 41 87 79 45 24 32 51 95 13 17 39 45 74 52 71 28 32 75 85 85 73 75 30 54 14 18 56 85 91 82 0 88 46 28 77 34 88 29 14 73 91 40 85 8 27 12 78 81 28 93 52 18 2 84 33 42 71 47 43 19 40 35 63 99 33 97 14 55 39 62 12 60 22 10 76 26 82 55 52 11 14 52 38 43 2 70 69 20 60 78 48 54 41 42 52 96 40 73 99 39 34 85 26 56 53 2 19 44 97 45 9 29 74 40 77 35 99 56 12 5 98 95 63 55 26 70 38 94 87 37 85 45 43 11 11 40 81 25 34 61 52 10 49 10 19 8 80 
36 77 90 88 87 64 76 1 44 63 45 53 9 48 80 94 5 65 36 61 80 27 94 54 67 3 28 72 58 51 2 6 58 60 16 39 96 97 12 52 74 70 2 49 37 78 57 42 26 77 24 28 62 9 74 48 38 29 10 9 3 74 26 81 46 5 87 72 6 57 84 86 55 96 39 76 80 89 34 24 16 37 44 33 1 49 83 47 52 42 87 66 24 85 76 39 1 47 27 15 72 62 20 87 54 89 34 29 95 68 31 52 78 15 95 19 43 49 16 74 33 9 82 98 54 69 76 22 28 51 51 20 7 72 53 64 44 45 27 77 54 57 95 94 76 12 70 23 91 59 1 49 89 45 15 88 38 6 23 93 12 43 7 69 91 92 67 32 32 71 4 20 17 99 68 12 77 47 55 88 61 76 2 27 61 68 43 48 52 54 20 67 79 17 81 34 62 10 11 46 6 8 54 35 77 98 91 21 12 49 31 86 34 25 93 14 4 46 88 6 45 53 66 45 5 2 65 81 23 14 86 96 63 85 56 15 46 49 38 55 42 84 30 49 32 74 46 36 93 31 89 99 23 15 92 60 11 80 9 21 15 65 34 29 3 24 46 53 61 13 91 83 34 4 68 52 2 80 69 93 29 75 76 88 0 75 22 87 47 37 29 94 48 40 92 49 64 69 24 35 43 96 57 86 35 29 15 85 28 27 77 53 33 19 85 72 81 44 11 53 3 63 8 66 96 53 16 50 85 45 65 80 96 84 3 62 85 93 50 4 35 34 1 95 47 1 94 45 41 25 70 30 26 95 29 65 33 28 57 28 7 98 50 52 32 30 75 26 20 88 11 73 84 21 26 31 77 25 69 29 69 71 57 6 17 23 11 92 68 75 18 57 26 76 10 92 20 53 47 40 
82 69 33 2 47 67 38 43 19 77 44 89 7 95 76 96 35 28 7 42 98 14 16 22 31 88 87 18 97 79 39 6 2 2 99 24 79 93 32 19 97 24 53 52 13 40 1 83 98 34 48 57 37 9 99 55 65 65 40 37 98 73 73 50 62 79 19 11 9 32 46 13 85 8 3 9 24 68 52 40 78 77 40 71 52 87 58 47 39 64 30 28 31 74 29 59 15 32 52 2 69 51 11 40 48 41 15 77 26 93 67 53 32 39 53 63 31 90 24 72 50 95 64 50 52 67 65 66 9 7 49 70 13 34 4 49 65 85 85 27 69 63 61 33 55 22 29 66 4 34 91 8 97 1 36 68 8 42 33 83 23 42 31 20 96 34 8 57 1 11 6 43 28 48 3 29 44 38 24 75 20 47 42 8 43 90 77 56 60 19 78 93 44 68 85 4 30 51 9 99 58 99 83 28 74 11 63 89 28 96 84 36 24 52 54 3 75 40 17 14 96 76 84 39 77 22 7 54 6 98 69 79 26 76 18 23 2 73 38 81 22 56 90 22 6 59 75 94 6 40 22 69 56 36 93 50 2 90 19 96 53 82 16 33 80 92 65 92 27 42 24 27 41 41 22 37 87 81 42 11 94 36 49 46 75 0 84 98 13 2 13 71 19 82 54 83 64 77 88 8 66 7 64 30 77 10 3 79 30 20 21 73 32 35 71 39 26 6 76 17 62 78 1 55 54 50 39 14 54 65 26 99 98 35 99 17 33 96 78 5 87 20 40 22 50 28 11 17 98 89 34 63 49 83 20 48 43 91 93 2 7 32 28 82 2 12 99 95 63 95 22 46 43 32 26 84 82 65 40 94 22 97 17 27 25 64 79 17 87 60 88 60 17 72 90 25 45 10 55 73 
29 46 51 85 14 69 85 41 60 77 94 32 21 53 74 12 60 19 19 60 48 79 64 93 16 94 63 38 10 93 71 30 47 48 79 76 47 49 13 64 64 47 17 44 82 81 71 50 92 54 62 97 63 72 18 54 64 80 95 74 81 37 72 98 27 66 40 93 31 98 32 10 44 94 86 26 56 20 92 44 68 83 37 50 38 9 43 28 35 82 75 66 4 19 5 19 29 37 82 11 46 36 13 6 13 44 9 56 70 55 2 30 72 76 98 45 40 8 83 50 2 95 42 5 73 99 71 58 51 44 29 30 75 12 65 92 35 77 63 11 16 36 29 81 78 52 79 44 32 36 9 23 46 17 63 75 7 73 40 70 28 85 81 25 58 3 20 15 17 2 39 87 28 84 55 61 56 27 26 77 1 88 91 17 80 62 30 8 79 13 57 87 76 45 36 5 67 59 59 40 12 19 32 79 89 45 77 77 41 2 14 11 32 91 31 86 83 41 71 77 36 20 68 98 65 67 82 56 33 38 6 91 5 65 75 96 63 11 15 71 58 34 7 82 21 58 86 95 2 8 67 39 24 55 16 42 86 99 1 93 94 82 6 67 91 31 26 99 78 42 91 7 42 16 50 37 37 40 90 84 87 98 45 28 22 84 0 2 7 50 92 22 86 13 39 23 79 65 34 43 68 99 22 14 20 99 23 78 31 81 21 95 61 21 35 9 81 56 6 93 90 28 13 83 75 77 26 55 16 10 88 1 44 94 87 1 7 65 56 88 63 77 47 68 10 66 2 79 93 19 17 22 47 43 27 87 71 77 97 32 7 16 28 87 24 92 49 75 63 33 32 10 40 51 46 3 70 26 17 8 70 99 44 26 18 99 95 68 93 68 84 44 98 32 69 21 14 89 81 42 
23 65 52 76 22 14 35 40 91 75 6 84 57 92 63 51 8 16 45 62 11 27 17 24 45 98 22 7 2 94 67 33 56 58 18 22 65 47 9 24 72 95 92 59 32 14 15 88 65 92 17 80 27 59 31 27 92 47 10 17 41 96 24 52 94 65 51 86 98 23 95 45 76 44 59 56 45 2 1 51 72 22 24 88 99 69 38 6 67 42 83 55 64 71 35 38 82 30 23 21 35 56 33 89 52 69 67 51 64 64 93 11 29 23 5 95 76 86 88 15 14 59 54 15 13 48 15 26 75 26 47 93 11 27 43 98 73 20 84 31 16 24 17 24 54 59 56 88 81 2 23 99 71 24 34 31 81 54 23 37 9 29 65 65 48 83 78 89 69 62 93 5 62 30 20 1 3 46 35 82 73 19 67 64 59 91 89 85 22 70 71 29 54 44 78 93 66 23 85 25 48 57 90 10 95 54 77 16 31 54 90 29 23 85 75 48 85 45 50 46 98 54 70 61 79 14 6 43 31 77 33 15 50 75 90 85 70 97 41 79 5 90 7 20 43 10 38 64 65 83 37 68 78 61 85 27 15 63 82 59 97 20 2 26 73 30 21 57 60 45 52 69 88 83 56 52 46 33 68 54 9 92 4 77 87 98 2 0 66 65 39 90 29 14 83 2 96 60 12 12 64 46 64 26 59 90 40 99 5 68 79 30 41 53 71 71 60 17 72 28 49 4 37 41 29 76 70 99 11 76 72 8 46 32 69 43 23 28 68 38 48 31 40 84 76 80 90 33 20 25 53 16 34 1 74 79 87 25 69 5 51 56 50 90 36 82 87 29 12 57 95 91 57 99 38 77 60 40 59 42 38 35 18 34 7 9 32 1 76 67 94 11 61 27 2 43 19 78 16 82 
39 90 43 77 81 67 88 25 30 71 3 44 14 12 18 73 76 12 41 83 63 31 66 92 33 68 99 29 83 73 74 31 13 3 16 24 44 94 24 58 93 62 72 6 39 28 59 84 49 44 93 72 56 8 65 69 42 12 16 36 93 43 76 36 45 22 15 15 99 18 44 10 93 11 41 43 46 10 88 6 77 68 74 79 63 36 19 3 85 97 49 13 51 6 62 40 86 70 19 40 39 77 64 50 18 35 69 61 24 71 30 81 70 99 98 49 5 22 15 90 83 19 91 7 40 18 73 18 48 49 19 8 41 84 96 87 22 25 79 86 90 97 43 8 26 40 30 23 18 40 30 77 54 52 67 42 70 73 78 35 41 51 91 95 16 3 86 42 34 54 44 37 89 25 82 86 24 21 16 68 49 31 27 25 54 60 52 31 68 19 89 35 27 18 51 41 5 44 19 40 83 41 19 57 40 62 93 83 44 16 7 80 45 24 50 10 69 90 61 74 93 51 15 85 88 75 72 35 19 77 43 42 53 23 23 80 67 49 77 85 14 90 40 5 43 11 72 23 16 67 71 83 26 6 32 43 38 98 42 23 94 13 51 20 88 74 90 23 20 95 81 5 70 55 70 2 21 78 5 72 65 26 1 34 47 13 7 66 0 61 53 45 63 48 33 42 1 57 53 17 24 91 78 98 97 2 16 98 32 96 9 1 31 29 65 52 44 67 89 16 89 61 43 12 44 22 24 71 47 18 49 70 11 93 79 11 62 4 6 90 13 22 2 82 30 87 77 93 75 86 79 3 1 54 73 9 27 26 53 49 51 28 33 39 16 56 18 98 88 95 49 15 6 25 20 91 26 64 24 27 93 15 23 87 14 6 86 51 7 82 79 5 40 48 39 44 36 62 61 43 
42 41 24 91 82 92 59 41 78 48 63 1 94 37 87 69 41 71 82 38 61 46 40 50 76 12 16 58 85 33 57 66 41 20 31 37 95 74 26 24 47 63 26 11 22 46 30 79 29 56 70 95 63 90 81 13 25 46 48 99 40 34 41 2 42 91 23 59 24 95 15 17 21 43 95 49 72 44 28 10 91 34 79 88 68 84 98 18 74 77 80 16 83 46 45 72 99 30 98 16 81 4 73 70 98 1 61 54 90 11 36 47 85 99 2 61 73 6 87 23 84 18 25 71 41 76 5 10 6 62 89 72 64 5 56 6 63 92 1 53 71 2 92 68 39 12 28 9 21 71 45 6 1 33 27 55 90 94 8 70 28 7 75 28 24 2 64 69 97 32 12 34 24 5 38 58 57 12 9 47 15 51 54 55 82 64 43 90 54 75 34 50 18 46 83 77 83 30 60 4 12 11 70 89 56 13 23 50 95 4 26 28 3 45 89 18 14 21 93 74 85 67 40 55 59 68 82 5 17 99 79 88 82 48 53 63 50 50 6 77 49 80 91 18 49 94 21 79 4 73 20 71 9 24 46 67 75 71 82 47 95 89 65 70 44 87 56 13 87 45 29 93 51 48 75 15 58 62 3 96 54 41 11 88 37 2 50 65 61 0 34 54 81 34 43 56 6 67 91 13 28 18 45 68 99 20 46 5 20 82 3 81 47 47 14 17 60 98 17 80 13 56 91 23 25 93 51 99 7 97 57 42 86 5 54 17 77 6 88 36 90 39 17 28 45 96 43 3 43 37 62 20 52 45 95 47 57 73 99 44 4 46 71 21 66 73 57 80 72 53 42 35 8 17 25 35 35 91 48 25 68 23 75 15 92 36 31 47 1 22 13 36 9 96 42 87 50 39 65 97 
75 8 90 19 95 1 2 93 10 79 37 52 4 7 66 95 20 92 48 23 99 72 98 52 45 70 61 78 84 53 26 57 88 26 96 73 57 76 38 25 96 69 83 93 88 53 71 68 4 38 73 75 76 83 18 85 33 52 72 10 19 91 21 17 20 25 67 86 23 32 31 17 28 24 64 40 90 20 59 77 23 3 11 75 2 42 38 30 20 60 63 24 77 24 52 64 4 96 91 22 4 74 7 64 93 46 17 70 15 32 9 56 65 45 32 29 97 83 17 46 66 43 27 53 40 12 35 17 61 75 65 41 89 50 81 13 75 85 56 44 81 91 3 97 77 63 19 71 70 53 35 33 26 37 58 35 55 72 4 18 81 6 65 26 20 87 92 39 35 17 43 30 47 65 35 23 91 38 25 30 70 14 68 41 34 30 72 5 44 36 80 27 1 21 31 95 16 58 20 47 66 85 92 77 88 3 81 81 68 57 20 99 72 15 31 84 64 12 5 13 63 64 11 84 28 49 96 4 47 84 12 57 81 68 37 30 82 19 46 54 27 43 20 4 63 6 21 11 46 93 47 1 88 59 3 47 68 63 44 20 36 45 94 75 43 18 64 44 65 33 20 39 83 62 54 6 68 70 54 14 9 88 93 29 29 13 92 39 53 34 0 29 28 9 80 52 79 25 76 6 35 98 87 14 42 5 73 30 66 75 67 62 9 3 59 25 24 75 2 50 61 1 92 63 2 85 47 93 19 44 60 8 60 15 11 28 49 29 7 9 75 47 78 96 25 2 57 50 19 71 47 26 15 62 86 60 19 65 82 1 23 45 34 38 63 96 88 93 15 78 69 21 2 15 61 7 42 70 38 38 34 59 17 39 67 60 67 82 47 95 84 44 33 16 73 24 51 77 49 94 
78 8 44 63 50 35 41 73 24 32 95 11 79 61 6 80 69 52 41 48 64 96 37 70 5 60 30 55 24 85 24 73 42 54 2 44 35 96 7 93 92 92 25 68 81 96 3 52 68 44 82 39 30 96 86 64 55 6 37 96 80 10 31 9 31 73 20 50 69 47 2 91 87 88 17 72 24 82 26 68 23 54 60 22 3 85 94 54 96 90 98 65 32 33 90 12 92 71 89 33 41 21 99 12 75 96 68 73 35 21 54 81 41 51 91 57 4 51 66 62 33 90 39 17 88 91 58 69 77 60 13 23 90 48 52 7 15 73 10 5 44 87 65 5 8 95 90 62 95 72 58 26 31 70 3 93 72 70 45 67 87 91 25 49 42 29 16 60 36 80 7 19 34 4 55 35 5 6 41 6 11 71 81 83 14 43 14 55 16 68 84 89 96 54 86 93 3 43 10 29 43 12 65 11 8 35 19 67 6 58 52 99 98 34 58 48 36 83 12 55 4 8 58 18 69 52 40 27 76 27 35 30 84 42 68 86 90 96 84 93 35 87 4 70 81 79 6 49 53 23 32 32 1 26 2 73 87 35 21 3 11 59 52 70 63 87 66 5 86 81 3 79 47 42 86 10 16 96 79 69 39 27 27 14 94 71 22 90 45 54 29 0 63 4 15 27 72 51 93 66 28 73 15 34 97 30 7 6 72 48 85 10 99 4 56 20 45 56 88 74 57 63 2 93 29 24 48 23 56 32 98 88 43 81 75 60 89 38 9 41 9 36 29 25 54 73 91 96 14 52 48 78 72 64 7 21 76 20 86 8 22 54 77 75 83 31 14 92 87 24 60 36 26 11 32 37 2 88 61 28 40 30 75 2 41 89 32 82 2 9 66 50 88 2 62 61 43 84 28 94 
71 34 89 46 52 71 86 32 91 34 60 73 6 30 77 63 28 6 75 88 71 81 85 54 16 17 76 13 52 6 74 13 97 12 62 8 33 77 32 60 80 3 66 49 97 29 29 2 85 76 89 87 98 4 25 18 26 47 79 58 77 57 33 96 1 6 76 58 33 42 43 38 66 98 23 20 73 28 95 65 37 70 42 1 68 36 50 67 33 69 84 21 38 26 99 65 79 63 97 60 77 98 3 46 51 39 69 14 42 45 19 75 38 41 25 12 17 66 71 90 34 77 58 2 85 97 3 61 66 93 43 16 23 95 22 12 10 76 44 89 68 76 1 91 41 48 34 91 20 11 70 52 34 67 51 5 74 99 11 12 30 54 42 82 20 86 51 25 75 15 31 28 94 78 41 53 70 49 52 32 74 28 25 84 67 44 74 85 99 27 83 93 53 81 66 72 42 93 27 50 88 62 44 50 82 85 95 5 67 5 21 53 93 32 55 69 89 63 7 26 49 54 51 33 73 17 25 32 67 52 74 20 68 30 36 32 46 43 41 26 34 59 78 84 65 48 93 28 66 9 37 31 11 11 9 78 29 73 12 24 46 76 13 10 13 64 11 83 13 62 27 48 50 36 38 36 15 65 7 50 93 17 68 73 48 19 86 29 63 81 28 63 0 63 73 71 20 72 64 47 96 22 47 68 73 10 40 79 83 5 75 86 21 81 40 87 59 62 81 25 12 52 4 87 80 71 14 67 36 55 30 60 27 5 7 55 65 30 82 53 13 58 25 78 43 17 17 8 10 14 92 5 27 64 52 24 47 11 48 88 41 52 65 35 94 61 51 38 17 80 70 43 99 62 63 81 97 58 45 51 44 1 22 57 44 20 20 11 6 15 54 11 30 79 53 17 55 68 65 38 
26 59 96 66 15 17 38 5 9 44 84 40 82 50 60 49 88 69 73 14 6 15 21 1 11 71 88 40 65 90 8 35 59 9 24 32 26 19 94 60 57 25 6 98 7 37 40 6 36 92 17 63 12 19 79 27 25 91 56 87 78 34 17 46 78 58 26 58 35 89 68 75 11 40 18 75 9 93 43 78 4 80 28 36 38 52 35 37 75 60 71 89 94 38 95 38 53 94 62 28 66 15 82 23 40 92 88 63 89 66 31 87 2 21 85 79 87 8 93 89 1 70 23 98 33 33 19 51 68 16 49 53 95 24 76 41 62 96 30 37 51 53 85 18 95 91 34 45 69 50 15 63 78 59 62 70 70 78 20 29 38 61 31 12 81 35 47 28 97 57 21 93 47 53 43 88 91 60 52 52 63 3 68 69 40 51 88 72 59 59 32 93 52 81 69 75 96 41 20 38 69 56 88 88 12 16 81 48 19 82 55 97 24 95 6 9 5 33 68 61 97 74 65 45 57 40 34 62 14 96 97 81 92 78 17 91 90 22 35 45 59 57 37 4 17 35 30 79 54 8 67 2 83 34 21 12 1 85 23 81 52 68 35 18 60 35 44 22 99 57 96 69 14 57 39 62 80 86 70 10 95 56 8 91 40 82 13 14 48 34 9 4 63 0 81 60 69 90 31 36 29 56 67 36 98 77 28 21 67 49 53 33 46 40 70 15 95 21 10 80 67 58 11 9 78 56 70 55 88 49 28 49 93 98 7 1 31 68 26 82 67 18 59 25 3 2 93 69 85 70 18 55 72 6 96 90 7 36 30 35 26 34 90 1 57 47 56 1 29 34 44 68 49 78 40 16 56 68 82 94 28 71 57 35 52 62 65 16 7 57 8 54 31 49 23 4 83 33 5 94 
49 8 29 53 31 38 59 30 92 10 20 77 91 56 45 83 6 21 58 24 88 88 67 61 14 4 54 93 39 27 94 16 40 30 34 52 10 81 12 96 69 78 87 7 60 82 3 99 43 33 30 22 6 44 12 18 96 14 50 32 80 72 79 52 22 90 70 73 64 99 90 26 91 7 78 16 5 93 59 73 62 72 1 18 28 65 32 75 74 39 16 42 56 91 94 94 86 28 25 8 32 19 22 41 54 68 56 86 19 30 66 24 10 78 23 85 57 65 34 77 10 75 90 69 13 88 18 46 36 56 38 87 14 4 98 26 40 48 12 25 48 48 84 57 95 56 76 79 57 60 55 41 2 14 12 84 35 7 87 73 95 93 73 42 27 24 26 90 21 12 3 36 29 56 58 13 23 2 11 46 21 13 52 22 69 15 11 55 87 67 66 36 59 62 15 8 40 13 23 71 26 94 89 76 87 30 39 67 66 93 60 99 53 5 81 42 97 33 18 13 56 96 61 23 66 71 3 58 68 61 74 1 17 9 76 62 95 71 75 53 89 30 88 58 63 66 83 18 33 26 62 98 86 50 53 45 51 56 25 68 53 85 94 82 77 71 7 18 14 42 96 27 14 2 39 33 28 56 59 17 62 19 42 40 92 54 39 83 33 43 80 15 73 81 0 69 91 6 50 81 47 20 18 33 53 77 7 45 23 11 98 1 88 22 21 12 63 26 45 3 36 57 62 82 60 99 53 97 69 26 80 39 65 37 88 80 56 20 29 43 51 91 82 31 33 40 62 80 49 60 28 36 58 23 61 65 37 92 19 85 12 67 5 11 77 99 9 77 31 20 60 40 33 88 81 57 79 58 13 95 3 60 14 91 90 61 76 45 82 78 4 2 63 16 31 89 58 60 9 26 
51 35 65 29 11 18 8 36 15 57 24 14 40 7 93 36 1 53 59 74 49 39 46 13 72 39 79 49 37 96 85 9 77 43 40 52 7 77 16 29 38 4 68 19 66 4 51 89 41 35 84 57 31 9 45 68 51 36 82 11 14 12 90 24 93 54 45 12 53 80 99 68 1 75 42 22 88 51 7 43 2 66 77 24 63 68 50 16 61 20 97 5 9 73 20 56 29 90 30 50 54 51 42 3 31 70 79 71 27 40 19 40 63 52 37 64 99 83 84 81 67 44 13 35 91 39 44 6 60 48 30 65 22 35 22 77 99 73 9 86 46 47 57 47 63 6 7 88 16 92 43 36 32 74 31 24 4 7 7 98 35 61 94 15 25 66 44 33 48 29 27 25 98 76 1 40 89 74 69 77 20 39 17 34 30 73 40 70 64 66 62 95 10 72 12 51 88 50 89 17 50 68 13 70 61 56 21 20 45 31 35 42 6 23 71 7 61 65 67 94 27 75 58 7 26 13 61 67 23 51 57 23 7 89 95 47 7 55 86 80 67 75 61 69 46 32 27 20 25 82 69 66 91 38 55 24 62 1 19 14 39 50 61 56 35 12 19 75 93 58 23 38 10 88 60 18 46 2 74 96 53 31 44 85 49 83 23 2 42 56 52 27 71 60 69 0 55 63 30 68 18 25 16 31 66 65 42 58 49 15 49 88 51 3 87 15 2 6 78 5 22 23 29 87 37 22 81 66 93 18 32 91 16 60 52 29 98 31 28 43 85 50 28 19 29 86 27 77 29 74 24 56 25 91 30 29 48 19 79 9 58 92 28 22 90 17 66 58 17 34 21 20 7 33 8 82 63 20 84 42 55 88 57 91 14 21 65 64 75 63 73 14 95 42 79 63 78 3 28 21 
63 5 87 88 86 39 25 36 88 87 31 70 99 41 30 13 83 60 85 28 73 57 46 20 54 40 66 79 21 12 63 25 56 42 9 93 68 76 97 90 84 61 58 28 50 12 9 26 17 6 76 99 30 49 35 3 51 55 69 35 28 3 75 14 20 34 45 85 21 58 25 90 84 76 50 49 57 21 7 61 15 2 68 57 8 29 47 31 67 81 75 20 56 78 73 29 5 66 99 16 91 51 29 78 55 82 44 94 71 31 65 23 35 77 63 28 74 44 25 84 90 57 89 69 76 94 3 21 79 68 54 96 93 68 38 66 26 71 43 79 69 52 73 91 46 74 36 49 84 86 83 65 91 93 23 40 43 8 14 50 2 82 92 59 23 36 64 67 85 3 80 30 6 67 20 9 54 86 52 32 95 27 55 91 32 89 70 73 16 94 58 59 73 90 2 41 96 80 3 92 48 2 8 80 88 25 56 78 75 20 65 78 60 69 7 32 42 9 24 3 78 86 35 74 86 5 15 51 88 29 5 81 36 54 89 55 72 13 83 5 16 18 55 23 66 34 75 26 8 61 50 16 23 35 31 16 41 39 45 84 25 94 63 2 19 48 80 37 24 42 91 26 28 42 58 98 15 99 22 53 60 39 37 8 64 64 79 96 1 6 79 72 20 69 91 55 0 63 91 50 3 43 82 19 63 50 82 15 55 43 19 20 59 81 44 68 73 54 23 45 76 34 53 32 52 82 9 18 37 14 27 41 17 19 95 8 77 3 99 30 55 82 3 98 97 5 67 93 86 33 46 96 44 41 58 50 24 69 70 35 59 54 72 10 77 29 70 10 76 53 17 45 86 66 91 52 93 8 30 47 9 29 26 76 60 89 17 44 19 7 29 96 84 71 33 19 22 54 5 7 
45 6 59 39 5 83 25 49 48 47 18 70 8 64 57 82 45 37 4 3 79 90 66 28 14 64 65 81 10 43 66 82 47 93 86 4 85 48 80 56 94 69 12 31 4 72 36 4 85 48 51 83 33 65 99 2 98 41 80 24 81 28 95 35 57 57 84 44 2 10 27 58 15 34 3 52 94 83 57 4 33 12 80 29 21 95 98 86 90 2 37 10 73 7 80 30 37 32 81 69 17 26 48 66 88 59 6 61 13 77 11 56 10 9 81 19 82 26 81 33 58 80 96 75 65 20 39 9 52 97 30 58 91 76 27 27 39 28 18 62 2 15 19 19 34 5 43 51 35 62 38 35 20 54 75 95 1 29 94 38 28 15 99 58 85 3 63 97 61 26 17 26 76 30 21 46 30 17 91 42 30 36 50 67 21 63 26 66 30 93 31 72 70 95 79 74 41 96 3 1 2 11 70 61 92 40 69 13 8 43 16 58 16 42 17 5 98 71 64 20 1 66 79 61 56 18 2 30 80 8 69 33 36 4 40 38 37 45 37 32 98 85 31 10 25 93 2 80 73 50 41 38 8 23 84 99 22 64 72 37 43 31 23 81 8 16 54 15 61 99 24 63 7 35 3 22 65 45 39 44 70 7 32 27 69 77 65 60 57 67 25 51 72 90 6 63 63 0 42 94 64 35 70 46 11 65 48 2 58 21 75 16 79 45 5 87 11 69 23 79 84 79 89 26 57 81 69 37 77 23 89 6 43 64 21 34 84 92 6 79 33 24 45 25 15 44 51 11 47 38 69 65 86 5 24 12 60 58 33 30 30 7 81 64 31 43 22 7 96 75 73 31 75 91 81 24 51 37 15 26 69 73 75 25 78 60 22 16 64 91 4 48 8 58 58 76 41 75 53 32 
55 62 89 21 8 15 84 31 73 38 99 50 33 8 57 32 54 3 30 54 56 16 78 13 57 74 40 60 83 16 70 22 68 83 99 88 53 64 64 94 31 67 94 43 44 57 27 35 86 21 18 62 2 31 90 18 57 15 97 9 76 52 67 69 30 96 52 34 77 12 95 17 2 2 59 8 86 22 31 95 74 8 76 43 1 72 76 42 71 50 48 92 74 35 80 51 71 35 81 14 64 76 55 69 29 90 7 96 72 13 37 66 62 35 14 84 31 45 43 25 26 90 64 61 84 10 57 66 64 45 24 60 93 76 51 71 28 7 9 79 7 24 38 52 48 42 4 96 28 92 45 13 71 54 87 16 27 72 18 91 66 68 96 21 21 97 74 18 3 44 97 37 34 7 26 63 33 44 55 85 18 43 29 10 72 81 44 37 60 35 43 92 3 14 42 48 5 25 9 94 78 97 58 94 71 30 45 28 41 16 65 44 37 20 3 12 36 21 2 56 25 97 48 4 34 55 72 77 53 90 15 43 60 63 71 83 37 11 99 97 81 5 58 37 66 29 53 67 20 2 48 54 50 47 64 89 43 50 35 42 92 63 76 59 68 75 63 4 27 19 60 64 28 18 62 65 60 49 31 69 72 53 84 12 24 88 34 12 53 91 76 93 64 31 50 30 91 42 0 42 19 42 51 65 42 17 35 82 24 79 16 52 1 72 78 62 85 48 90 83 50 99 68 55 98 12 54 8 39 96 13 53 88 54 33 29 41 57 35 80 89 17 79 38 75 23 70 16 22 14 68 40 69 57 39 66 82 23 10 81 12 50 36 2 93 16 41 64 71 26 72 75 80 29 55 78 68 33 65 52 14 9 90 56 81 43 52 57 18 48 64 23 5 80 16 94 92 69 3 99 
1 51 52 98 55 38 42 48 38 37 40 12 11 76 68 71 55 69 58 9 42 76 8 88 23 11 67 29 44 75 90 13 61 54 72 80 25 56 20 93 49 5 67 68 36 70 10 99 77 50 83 83 40 4 28 48 33 3 61 31 54 13 64 44 85 16 60 59 41 90 52 92 4 28 22 82 70 81 68 38 96 46 14 77 79 89 11 32 53 58 97 27 11 28 30 47 78 26 33 50 56 5 95 19 68 76 68 76 7 60 50 19 54 18 60 31 40 19 8 2 22 33 66 74 4 32 41 83 66 11 54 97 18 37 88 18 63 75 9 85 45 10 2 13 28 84 15 7 69 39 43 89 99 8 73 76 12 53 59 78 66 81 23 52 87 90 71 83 95 46 71 47 23 64 60 69 20 50 57 82 37 31 80 58 67 49 24 21 77 73 20 65 54 16 36 79 94 99 29 70 39 50 52 75 81 3 89 72 92 96 61 86 10 48 52 70 15 34 91 91 41 22 78 10 89 60 38 14 34 48 16 43 26 89 14 76 93 17 15 26 47 97 35 1 35 89 18 62 69 47 6 56 23 13 6 23 93 15 44 28 11 59 63 36 62 49 3 29 58 40 86 24 13 56 97 43 62 91 80 97 36 65 74 78 35 8 43 12 17 13 6 66 47 36 81 68 50 94 42 0 69 38 86 67 65 40 78 13 16 95 95 44 12 73 68 33 29 17 89 57 39 80 41 17 44 36 24 58 4 69 76 58 49 77 76 96 43 1 9 99 21 96 12 44 84 42 75 72 35 56 93 52 4 64 11 76 80 68 54 21 51 29 9 35 46 16 56 34 59 52 35 13 26 43 30 40 54 13 59 58 12 8 36 51 46 54 63 67 77 24 51 62 35 67 43 59 77 7 68 19 
87 77 23 52 60 63 95 1 42 11 56 13 69 27 54 3 89 27 45 6 98 32 39 17 59 80 37 83 69 27 48 27 99 26 35 40 40 68 28 19 44 93 96 65 77 18 59 56 27 30 78 22 7 58 8 49 87 27 17 17 10 3 52 88 68 83 95 97 90 67 42 37 13 45 10 36 52 87 2 86 57 57 29 63 61 60 33 28 30 95 13 85 20 63 36 80 32 10 17 60 16 62 6 43 35 90 21 42 35 20 45 5 90 5 84 55 31 28 58 3 28 86 8 80 57 22 23 4 18 60 48 98 98 68 73 86 3 58 8 31 18 98 26 76 41 80 94 34 26 27 24 51 31 34 13 24 60 75 18 70 88 43 62 86 8 9 93 91 31 10 34 59 18 74 94 22 4 36 3 92 7 79 77 22 80 92 62 32 88 25 78 74 7 17 78 19 26 62 79 55 49 43 60 76 53 15 52 13 26 27 96 47 64 47 48 80 65 50 51 11 57 94 42 66 15 33 71 25 22 78 80 85 33 54 60 89 18 8 3 86 60 22 76 69 46 90 3 70 73 23 15 33 49 84 1 40 3 17 46 44 61 53 97 55 92 39 60 67 65 38 15 25 82 22 42 61 86 5 45 37 64 6 95 81 43 66 68 64 24 28 35 28 96 29 47 18 3 64 19 69 0 78 91 87 48 6 90 77 52 85 38 25 47 83 10 19 42 46 36 81 27 59 49 20 65 31 69 83 13 30 52 6 45 70 41 54 60 92 45 5 29 96 86 85 69 91 16 67 78 10 35 8 5 46 17 43 48 37 71 10 61 23 15 61 74 70 36 73 75 50 40 45 47 68 75 86 1 39 61 87 96 73 70 13 14 35 49 14 3 43 82 18 97 67 46 64 9 98 65 13 
17 46 11 60 85 1 28 80 90 51 24 60 45 56 18 71 68 22 26 81 89 55 20 70 48 15 15 18 20 81 80 78 30 28 75 69 48 96 51 95 40 86 12 6 39 11 92 44 37 79 75 67 85 21 45 67 42 23 53 66 96 47 61 77 62 89 96 2 74 31 56 93 53 50 31 67 5 20 78 30 96 44 24 59 52 22 80 64 36 68 17 97 8 67 58 54 8 24 1 78 87 14 62 94 93 12 2 82 93 81 25 95 44 98 84 36 97 28 55 81 27 32 97 45 41 64 22 11 85 71 71 52 19 76 67 24 46 58 46 80 63 24 53 50 34 72 48 89 34 13 46 66 73 71 15 1 7 1 54 29 56 47 72 62 67 85 72 72 23 25 45 3 70 85 7 59 38 32 91 10 2 79 69 72 15 5 61 44 98 10 40 26 58 91 74 59 92 10 88 87 44 24 82 89 40 7 51 59 49 36 62 99 56 89 32 46 34 31 93 3 40 69 61 33 85 70 45 28 22 35 46 48 62 35 43 10 19 13 80 20 80 40 11 81 15 60 28 4 79 79 97 52 90 73 66 30 4 15 88 21 73 23 14 99 31 20 58 20 1 32 67 53 61 89 89 63 9 11 79 68 13 81 9 28 96 7 99 46 91 18 98 73 22 56 20 25 43 35 42 38 78 0 19 97 65 73 37 49 10 52 3 64 87 43 15 85 28 96 57 96 81 8 7 44 52 23 30 64 97 72 50 18 94 83 19 63 29 40 34 41 6 22 91 28 84 29 7 43 4 6 50 75 66 76 46 22 6 55 46 47 56 32 32 58 56 80 22 19 98 67 40 15 40 14 42 17 60 51 45 21 52 33 17 2 86 87 31 31 67 71 22 68 3 85 15 63 47 43 61 83 
20 97 32 95 99 34 33 8 31 78 17 14 99 32 13 86 30 45 61 11 30 59 53 97 64 32 96 64 58 52 67 76 84 39 52 72 88 1 18 75 52 48 43 69 86 74 89 20 12 67 2 41 9 34 84 34 19 83 56 64 47 27 37 35 91 49 61 4 91 51 73 9 51 3 79 39 4 71 63 6 26 89 46 48 68 9 91 78 61 27 91 64 45 85 48 84 41 47 61 82 1 70 13 1 88 93 23 44 52 12 76 59 18 80 49 4 10 39 21 89 57 27 89 31 77 93 22 62 8 38 36 10 22 3 86 20 34 49 76 16 46 74 32 32 61 47 24 35 28 71 75 16 51 22 61 41 44 27 10 85 15 1 58 9 94 79 25 42 30 47 81 37 16 12 86 20 52 37 26 4 61 75 84 97 36 64 40 58 35 26 27 8 3 48 72 22 80 22 15 91 72 46 11 5 33 70 6 70 77 85 58 69 78 46 42 76 95 74 90 12 75 96 14 64 24 28 99 26 92 56 79 64 89 21 86 6 39 12 80 45 88 66 90 84 63 71 89 59 87 81 83 99 2 96 89 27 67 51 88 28 95 50 76 3 72 69 21 79 28 99 34 29 40 39 8 11 3 91 42 26 25 53 58 93 57 64 22 64 78 45 87 15 47 67 18 16 82 70 51 86 91 19 0 47 86 14 49 16 62 20 6 54 96 2 4 15 46 87 82 90 65 2 79 99 55 88 51 37 14 35 53 84 29 26 37 3 15 16 73 61 57 66 49 45 65 21 44 48 70 13 74 43 54 45 19 78 33 97 64 88 54 86 48 5 39 10 97 51 74 92 40 33 34 5 55 23 55 69 58 54 6 61 65 75 37 19 47 61 89 41 32 13 82 81 17 87 62 26 57 2 
10 22 10 65 42 50 15 53 40 20 10 90 82 83 53 26 22 43 9 71 38 41 60 90 51 97 43 8 86 30 58 72 94 42 82 10 4 3 85 31 76 13 58 62 69 65 21 16 25 9 45 45 28 43 37 37 99 65 74 34 23 93 3 29 23 66 8 17 54 62 23 42 44 68 57 5 13 56 9 35 29 97 29 41 25 86 15 99 35 91 70 81 8 35 43 83 92 49 95 32 54 32 22 49 73 72 68 75 37 90 58 7 12 35 96 20 19 60 75 43 29 32 83 71 43 79 12 10 29 31 71 91 92 41 71 92 15 22 37 11 93 84 82 44 10 39 68 67 94 54 86 74 64 11 52 95 21 90 18 7 60 81 72 36 33 76 32 53 74 88 70 58 56 42 42 20 73 61 41 59 81 62 88 41 71 45 13 15 69 73 64 70 29 85 10 44 1 58 48 71 93 93 18 78 30 26 79 99 70 15 12 12 9 13 83 97 9 98 24 71 93 81 45 27 59 10 63 62 9 38 69 59 97 27 39 10 88 33 57 7 87 32 83 9 65 33 74 84 49 47 57 47 92 1 98 78 55 8 10 47 4 15 79 81 21 45 83 11 53 84 72 19 24 57 69 13 88 60 40 58 73 31 95 52 86 30 14 26 98 68 14 34 68 36 33 31 19 46 65 67 87 97 47 0 46 96 78 35 17 37 66 47 66 45 46 10 99 59 38 95 23 69 62 53 13 77 21 30 49 18 27 75 4 23 86 10 5 80 57 23 26 78 33 29 78 40 44 29 76 6 28 67 2 38 48 22 6 5 99 18 20 20 77 33 43 98 10 75 51 16 25 13 56 1 38 99 11 47 98 74 38 28 95 61 41 83 41 37 72 84 71 78 19 90 70 5 10 7 28 78 
93 93 7 15 36 78 26 10 6 46 92 32 80 96 83 25 37 43 49 41 1 35 33 33 25 98 3 48 30 80 9 9 45 48 48 24 71 20 87 98 10 46 76 97 86 2 72 18 11 5 13 64 77 54 11 20 96 92 79 6 9 72 84 37 40 99 90 92 33 27 26 51 35 88 58 10 66 7 12 42 75 29 10 27 41 35 3 48 49 60 5 66 28 59 58 28 43 43 24 67 69 96 44 74 47 68 4 74 74 10 57 19 85 10 42 48 23 91 50 61 28 76 51 33 88 87 24 1 16 5 79 41 54 51 47 86 95 85 55 18 68 51 77 19 13 9 18 92 62 57 77 55 13 6 8 50 22 63 35 32 98 2 63 43 5 98 79 78 31 73 40 48 71 49 25 37 47 54 72 8 3 68 53 3 69 25 54 57 23 65 78 53 50 39 20 86 53 64 57 96 21 70 26 91 69 56 42 4 27 78 33 1 71 22 98 94 69 65 75 30 40 48 10 25 59 85 84 9 69 45 8 79 17 92 66 76 89 49 14 77 80 77 38 36 28 34 78 84 9 99 38 92 53 35 30 49 27 47 71 81 10 57 27 82 5 73 37 55 32 42 5 54 64 92 13 18 15 58 17 67 39 57 30 18 35 77 20 59 97 99 42 97 73 98 53 66 63 11 42 65 48 65 86 46 0 42 20 51 65 87 37 59 97 47 48 52 73 45 59 82 34 63 79 85 33 99 50 24 5 88 67 81 62 79 63 77 86 60 63 16 74 93 66 84 2 54 11 49 6 88 4 31 48 71 89 76 2 42 15 51 85 76 36 33 82 94 96 45 20 23 19 34 52 36 21 65 32 71 25 95 32 32 73 13 19 71 16 73 4 66 79 81 82 68 52 97 94 65 77 16 
52 72 31 98 57 32 14 25 34 35 31 20 98 55 94 53 40 49 26 66 95 70 29 95 48 30 61 85 35 73 18 59 48 78 93 91 70 85 78 2 51 47 61 23 29 19 7 80 67 49 87 31 37 47 81 33 43 79 82 78 73 66 65 16 40 83 19 63 69 78 60 72 60 59 51 71 75 72 83 37 28 91 24 5 71 6 48 76 20 81 62 78 94 3 19 32 64 86 15 87 90 56 85 45 4 32 36 70 89 21 27 37 96 76 60 34 16 89 55 41 49 25 44 52 25 44 62 39 39 97 94 20 69 9 93 58 76 74 75 65 98 41 49 35 91 7 87 94 24 9 12 5 75 14 4 23 56 37 2 71 55 30 11 44 66 18 57 11 55 37 87 97 93 29 84 24 94 97 60 90 93 62 33 68 10 28 76 24 78 52 55 34 14 24 18 19 29 69 94 19 62 89 23 87 12 35 6 96 7 1 58 34 32 71 13 24 2 78 37 27 56 50 27 14 27 55 32 49 14 63 56 9 41 78 75 17 39 75 37 17 24 51 43 8 98 16 6 91 37 91 28 77 53 55 55 84 94 49 60 21 47 10 18 35 1 11 48 93 25 68 95 41 50 45 64 77 4 9 18 20 29 45 52 2 29 10 99 90 2 20 5 30 10 77 77 65 50 65 17 40 6 73 14 96 42 0 65 7 63 65 64 49 34 71 9 75 53 23 36 2 90 34 96 85 99 75 86 32 10 25 55 37 51 29 1 49 83 92 43 26 44 56 48 38 73 4 74 31 58 31 11 70 80 86 72 70 24 77 17 55 24 9 88 81 11 78 69 36 84 25 82 33 55 46 39 57 90 48 53 43 96 21 9 95 1 67 34 5 25 72 87 20 13 99 19 90 54 67 40 25 
11 93 68 53 14 58 79 52 75 36 49 26 20 78 20 37 54 54 29 36 1 31 25 91 19 21 36 90 31 99 42 3 64 38 87 22 35 8 80 5 73 58 25 46 94 33 94 79 37 4 8 69 90 98 38 38 3 40 96 30 32 57 75 97 29 98 66 22 3 76 89 47 88 85 79 3 80 35 19 54 33 87 99 20 26 22 48 75 81 59 16 11 2 74 76 87 60 64 74 97 43 53 80 72 13 44 76 64 18 81 92 92 10 35 22 88 5 92 3 82 27 5 24 1 31 67 1 1 93 18 96 38 21 40 80 16 93 97 26 81 76 74 35 80 67 27 41 89 93 19 9 61 73 99 21 55 35 23 46 86 69 25 28 48 2 93 43 89 13 53 65 66 62 23 55 16 61 67 83 21 31 21 48 89 81 75 13 22 96 58 53 95 77 90 86 37 92 12 2 57 12 78 51 44 29 7 12 41 35 39 84 2 41 45 54 39 83 86 11 55 80 7 64 21 58 26 84 94 23 4 22 30 68 83 40 72 5 35 18 18 67 5 80 37 34 59 10 80 69 25 43 89 45 88 40 65 26 36 60 52 36 16 13 25 8 41 85 58 57 59 23 39 80 67 87 29 69 84 23 23 67 56 10 84 15 3 23 40 16 46 73 7 40 28 7 42 82 48 35 78 90 37 49 78 20 65 0 97 57 40 2 37 10 24 25 42 1 80 43 12 68 75 40 95 62 16 82 50 47 2 2 34 64 29 74 25 37 57 46 56 3 7 52 82 71 56 89 27 44 24 29 50 85 17 58 61 20 91 61 91 40 40 34 65 77 98 9 56 3 59 7 9 20 32 37 24 41 33 12 99 57 65 71 16 3 88 45 25 91 69 73 85 20 69 25 20 96 17 65 97 
69 26 19 45 12 59 37 86 20 8 50 65 50 77 61 2 64 5 46 73 76 3 39 79 83 56 51 19 14 31 69 17 81 78 29 57 74 78 61 93 33 66 37 42 85 40 8 98 75 33 86 92 5 61 40 94 74 58 90 13 89 86 49 83 80 58 8 59 13 6 89 27 70 42 60 41 90 91 59 87 33 11 65 96 78 69 13 34 42 77 63 70 17 52 47 13 85 22 16 47 7 96 46 88 15 44 23 46 86 83 45 73 30 68 8 62 38 82 12 75 88 24 39 73 83 13 51 14 41 14 99 90 20 79 18 97 54 97 26 60 37 18 76 77 32 69 28 20 72 41 80 65 72 46 90 76 98 28 21 38 90 47 25 33 7 83 99 20 85 52 75 91 83 22 64 60 96 41 34 80 25 37 62 62 38 11 98 57 22 5 73 13 85 31 28 17 9 38 43 32 61 50 83 93 22 58 24 42 58 5 29 6 26 36 21 59 68 80 25 69 88 36 58 96 35 65 60 41 63 18 80 71 91 85 46 59 56 62 55 76 61 15 55 69 82 52 57 56 43 38 25 72 95 24 59 27 81 44 18 87 18 79 49 26 83 51 33 87 28 99 94 60 57 67 19 78 43 37 28 70 43 62 42 33 85 79 78 99 98 5 30 6 79 21 45 58 15 2 82 13 77 49 16 35 51 7 97 0 70 35 31 87 91 19 42 95 63 94 58 51 84 67 45 18 33 39 80 29 94 82 41 17 22 99 94 93 31 50 25 39 57 75 22 97 10 43 17 64 46 61 27 20 15 19 33 96 77 66 44 93 82 46 67 21 50 72 96 15 34 91 14 10 66 61 99 60 20 57 15 54 16 94 73 12 14 61 21 27 79 87 54 52 21 42 88 50 70 36 25 99 
24 98 13 17 53 74 25 92 94 72 38 87 67 7 58 90 17 17 75 66 16 14 89 7 15 72 86 53 33 29 16 70 95 56 68 29 55 32 23 68 94 29 79 57 10 32 67 49 62 52 57 95 18 28 59 96 4 86 85 43 93 90 67 65 63 1 24 73 30 84 30 78 83 96 31 39 11 59 86 50 81 48 4 60 76 55 29 56 39 36 54 46 27 90 63 90 9 8 97 51 88 87 40 8 31 94 33 12 96 10 8 7 86 62 78 96 87 73 71 8 17 90 87 21 1 16 3 31 40 3 92 31 17 61 92 92 32 46 78 27 44 44 92 25 31 40 31 60 41 38 46 18 85 47 36 8 60 53 38 18 32 79 39 19 55 99 85 81 91 55 82 28 18 57 75 95 40 4 48 15 92 2 5 43 91 89 69 50 66 77 23 24 43 30 29 93 56 82 63 76 53 70 57 36 23 33 17 67 46 72 41 11 19 51 31 28 85 96 87 89 63 35 87 65 10 20 32 73 63 24 72 25 60 70 9 40 82 89 65 69 97 36 51 97 80 11 56 78 94 4 47 61 14 81 84 12 94 51 76 55 95 39 6 81 6 48 84 92 33 59 8 78 65 4 77 67 23 89 23 43 13 17 93 42 28 30 31 5 32 20 66 72 83 67 23 49 55 58 24 16 52 10 62 17 65 63 57 70 0 35 23 54 17 78 34 49 57 4 90 40 69 26 90 26 17 13 87 53 88 97 34 21 25 10 19 19 79 97 74 84 83 57 10 43 37 65 53 18 49 69 57 50 93 32 68 69 54 61 44 88 31 47 53 32 72 31 68 9 78 87 30 32 50 82 79 62 62 79 51 99 85 43 75 33 99 87 63 69 30 7 47 30 4 94 93 81 40 38 92 24 
15 2 74 65 67 77 4 76 38 2 52 67 62 96 34 52 96 50 54 52 51 89 73 43 15 99 51 30 56 59 21 19 29 38 37 73 33 35 68 55 21 13 76 93 40 53 99 32 76 13 61 19 36 7 23 87 36 35 81 52 97 14 22 56 98 10 80 75 50 67 11 5 14 54 9 10 49 87 87 13 38 5 40 63 2 42 72 25 60 39 33 91 52 9 82 37 57 71 91 57 40 9 75 40 4 66 61 21 72 65 57 42 87 63 95 36 43 68 38 26 49 40 25 85 67 61 95 43 70 76 34 26 28 93 95 15 5 83 3 78 71 95 77 99 54 40 53 99 69 91 54 84 76 8 75 75 54 39 40 67 34 99 63 14 33 99 3 47 34 79 50 48 68 4 14 19 69 86 14 45 85 77 53 25 57 52 22 69 23 32 90 31 51 60 36 93 14 73 40 12 55 41 34 63 8 46 15 95 37 77 40 89 30 46 16 45 44 58 52 30 31 25 1 14 94 54 50 29 40 44 32 63 7 71 82 9 23 10 64 35 85 36 94 18 63 79 52 60 15 25 56 56 84 58 77 76 46 48 99 28 45 80 36 73 11 76 9 59 95 46 34 8 15 49 58 57 95 18 76 90 8 70 73 71 27 20 81 68 96 82 75 48 5 49 11 15 43 21 79 95 85 52 20 37 87 65 40 35 35 0 72 82 14 70 94 45 49 22 96 4 98 49 10 49 94 10 79 66 79 48 30 40 95 35 84 30 90 96 78 38 39 89 29 47 12 20 69 99 47 1 75 31 47 37 55 20 97 67 17 88 83 38 81 91 20 19 89 25 29 17 89 90 15 40 35 23 98 89 80 53 37 8 88 97 75 85 60 99 47 75 89 35 39 96 85 80 24 44 66 61 
64 14 75 31 22 29 57 15 90 4 22 19 51 91 62 96 72 21 24 40 6 17 91 13 83 31 82 13 91 33 3 91 42 70 19 12 34 39 30 61 66 34 10 97 18 58 77 62 99 11 82 47 24 55 33 10 2 44 24 50 86 59 13 90 52 15 52 47 17 5 82 67 45 34 55 14 94 76 13 14 46 67 64 89 62 53 70 71 62 30 6 54 92 76 34 44 36 94 79 80 31 50 71 28 72 79 52 50 36 3 59 14 88 35 43 54 7 18 59 67 8 85 52 38 66 37 18 44 27 78 48 7 51 99 99 57 61 84 5 97 99 34 27 21 12 47 63 18 86 89 40 80 39 49 33 54 17 90 27 45 56 18 80 51 25 89 58 90 58 13 71 9 48 88 21 28 73 70 24 99 12 10 40 33 65 74 33 77 95 74 47 57 42 91 17 20 60 5 77 88 22 5 52 7 72 55 50 44 19 57 92 75 54 48 58 92 24 79 42 31 70 74 73 92 51 36 34 63 66 44 43 64 21 57 6 31 62 17 49 53 45 19 26 31 8 36 32 47 37 83 11 54 69 43 33 97 36 28 11 90 52 72 32 45 72 40 38 80 11 70 40 64 51 69 51 20 11 7 13 30 86 41 2 47 77 21 21 79 9 3 67 85 75 53 98 49 19 75 16 95 38 3 6 66 37 64 2 31 23 72 0 69 93 30 8 89 68 81 20 90 1 90 65 50 40 29 28 47 20 4 40 73 99 3 66 60 32 20 79 62 27 51 51 53 55 11 66 3 32 54 44 90 89 2 21 32 78 83 11 5 9 70 10 10 79 67 66 65 70 43 82 37 58 89 94 80 68 77 94 50 16 85 30 86 21 88 91 64 17 61 34 90 98 91 41 79 7 73 60 1 
22 39 92 83 82 77 94 82 16 47 1 87 26 79 89 63 77 20 19 68 65 33 94 33 20 85 92 28 41 4 36 68 20 51 10 20 11 55 8 6 55 66 84 51 12 52 45 77 12 86 83 30 88 11 43 86 65 2 45 59 37 79 71 65 75 56 70 32 83 6 12 6 45 66 26 17 86 70 36 3 12 96 95 56 32 17 81 1 13 8 39 98 32 72 77 66 32 74 23 57 62 91 24 20 24 75 51 91 19 18 5 88 1 44 85 28 23 66 87 10 80 79 3 91 56 66 89 30 2 30 30 79 81 26 44 49 57 23 73 85 21 66 72 88 49 35 7 51 8 65 1 69 51 30 62 14 91 52 14 84 23 29 38 39 82 48 12 82 31 31 75 3 46 87 83 17 93 35 96 12 47 55 57 96 44 59 47 74 28 73 89 16 21 18 1 6 24 72 20 38 96 61 12 84 15 28 89 71 85 96 90 53 77 19 60 87 50 96 88 30 46 16 42 19 71 42 80 25 83 19 76 76 10 63 70 94 71 31 98 11 92 86 78 71 40 9 95 10 94 32 25 71 6 29 30 49 37 52 56 7 54 8 97 95 61 77 40 95 29 59 62 29 89 52 38 75 62 12 84 32 42 98 59 43 53 73 95 30 1 81 62 10 86 33 1 88 20 16 52 44 25 64 54 47 59 49 37 87 54 82 69 0 29 74 58 55 20 23 82 53 58 66 33 9 45 66 29 19 44 41 16 69 13 13 18 4 74 96 91 27 58 45 11 94 25 10 3 43 19 1 29 93 32 4 41 78 26 69 12 78 10 48 61 18 14 27 34 55 59 14 14 78 75 85 62 72 81 71 83 62 21 47 82 42 67 98 74 12 99 93 55 28 52 13 17 76 90 19 62 53 
47 86 66 11 95 54 32 62 13 62 32 92 41 58 74 42 63 34 97 28 4 17 68 90 35 97 7 60 66 33 22 98 53 61 26 70 48 41 97 68 91 21 6 66 67 85 49 1 39 48 28 5 18 64 72 98 14 35 23 66 63 57 81 87 49 83 28 73 32 50 25 85 11 63 4 68 55 78 83 67 76 79 17 72 43 71 80 95 8 39 10 99 18 51 23 57 67 44 29 61 20 10 1 5 10 89 81 28 96 59 54 75 23 61 3 7 40 97 55 10 80 20 54 59 97 72 89 29 31 4 64 18 58 70 4 62 58 94 94 98 92 21 40 26 93 72 45 93 56 15 24 59 58 16 62 24 11 25 30 23 87 29 74 84 36 59 60 63 70 35 2 35 97 99 37 86 77 20 60 45 79 12 39 70 22 6 12 51 91 51 46 64 49 92 95 76 87 79 66 99 48 58 65 47 66 23 28 27 10 73 19 37 82 88 24 93 39 62 17 53 94 44 5 75 7 12 11 60 2 45 16 42 30 58 72 36 77 63 61 88 59 40 99 25 14 19 19 25 41 25 38 51 61 12 8 32 88 53 72 55 79 73 99 56 76 73 71 74 83 99 87 49 60 51 62 11 11 29 6 68 75 60 51 19 33 32 61 41 31 47 9 99 21 46 88 51 59 79 1 12 47 87 96 66 97 34 10 91 17 14 93 29 0 38 32 56 39 93 50 9 75 1 55 56 47 75 29 58 49 17 32 24 41 77 80 18 8 69 92 63 9 1 94 67 18 35 24 10 27 84 15 12 26 9 20 97 72 38 25 88 63 87 36 23 96 93 50 13 55 24 70 43 24 19 27 77 13 50 18 81 7 11 83 19 88 94 38 13 31 82 50 55 47 22 90 52 89 87 87 40 
4 28 86 46 35 59 29 41 98 7 94 99 25 14 80 68 73 65 81 52 84 91 79 72 77 35 72 1 68 39 48 76 37 23 47 70 3 43 80 51 38 2 44 32 70 84 3 65 61 66 10 44 3 57 99 69 79 45 1 62 91 61 42 90 44 81 6 96 72 94 67 26 12 48 90 18 22 19 98 99 90 56 55 45 10 53 21 62 73 50 10 34 49 5 56 40 33 70 79 3 83 74 69 52 38 75 79 11 60 93 12 5 22 94 9 63 17 86 18 95 17 59 18 36 50 89 5 61 66 59 4 34 39 58 85 49 2 59 63 43 34 26 32 44 36 99 91 26 14 17 56 40 86 64 44 58 25 98 43 44 64 5 20 97 30 42 90 91 68 73 55 94 11 17 55 99 96 45 86 99 72 41 86 52 65 13 25 17 28 67 40 36 69 24 91 39 81 31 43 84 71 22 79 49 45 24 81 89 97 21 74 10 89 58 89 57 53 31 85 75 68 65 70 64 90 31 87 74 10 20 1 87 24 24 26 85 60 67 84 95 11 72 72 67 10 18 87 37 23 43 53 29 42 89 49 75 56 9 53 43 28 30 58 65 53 16 65 11 23 81 90 54 24 42 8 39 20 1 4 13 99 31 44 40 19 35 21 53 29 47 3 4 81 40 22 3 81 45 72 73 83 43 2 45 47 71 24 19 78 70 30 74 38 0 54 97 99 94 37 2 31 23 28 46 77 10 48 52 87 22 3 7 1 31 2 98 68 62 89 4 78 35 88 49 57 4 68 68 95 22 15 92 7 36 21 93 2 78 16 32 19 19 34 60 8 43 62 94 62 34 6 68 94 50 56 50 95 81 41 16 67 62 71 78 34 8 48 15 74 82 42 84 59 84 48 73 25 38 64 18 
57 39 54 89 62 32 77 13 65 4 19 99 56 84 33 67 22 85 19 37 77 60 86 75 67 95 13 8 73 28 49 14 47 90 98 52 59 59 50 32 61 18 85 7 96 98 53 84 94 40 35 59 42 77 58 19 49 63 45 98 99 21 25 46 94 57 78 31 25 73 3 29 7 24 50 37 12 96 14 49 34 45 65 39 57 15 20 65 96 43 88 82 3 49 68 58 40 61 19 80 73 62 33 36 60 2 19 25 24 20 78 59 95 76 69 60 46 1 91 93 86 41 15 91 32 49 12 78 26 75 21 46 36 71 71 41 49 69 30 15 41 87 55 40 26 19 60 51 22 73 6 30 10 4 62 49 80 97 82 73 22 31 15 62 41 3 92 87 60 18 79 95 84 27 6 89 23 9 46 53 17 64 19 53 9 95 74 14 94 81 58 91 59 34 46 35 80 40 10 89 73 35 77 48 25 8 86 57 73 45 40 41 97 22 72 3 15 54 57 31 73 89 42 88 29 31 73 2 59 90 23 4 25 54 25 23 28 65 9 75 64 37 89 60 92 34 15 18 45 59 90 86 98 25 75 30 1 11 49 85 77 28 69 45 24 44 42 8 86 6 48 98 90 84 70 33 23 31 11 67 8 5 86 35 85 71 35 71 65 14 59 56 40 70 21 87 44 5 78 68 10 15 4 46 48 9 25 42 34 94 8 58 32 54 0 82 85 97 95 77 37 10 36 81 30 36 1 61 99 7 36 2 24 1 62 59 79 87 98 12 47 96 61 69 35 97 55 96 87 21 93 85 43 18 7 25 46 84 47 65 90 36 92 84 91 75 75 47 65 67 38 23 8 57 37 18 92 15 58 46 90 45 33 38 12 45 23 26 2 89 95 75 58 23 11 33 32 61 68 50 
89 85 43 79 92 95 3 28 1 9 40 37 3 24 61 43 74 46 95 69 50 64 2 91 39 6 9 82 85 68 83 87 73 94 37 93 82 87 48 21 89 10 94 16 98 80 91 54 66 51 21 14 44 24 48 48 81 65 44 69 1 33 73 76 95 73 4 62 45 67 99 42 27 19 63 26 43 45 26 99 40 43 47 22 74 1 20 95 22 83 69 18 3 10 34 12 14 11 14 88 94 77 26 80 7 71 97 66 14 97 85 45 14 98 41 17 93 55 67 35 7 55 20 42 18 81 67 3 53 8 66 49 35 81 32 22 69 55 74 17 4 54 69 93 3 53 36 4 86 3 98 49 45 26 32 47 8 10 53 70 37 50 34 21 61 12 2 1 38 39 83 42 96 84 83 75 97 89 15 52 17 54 32 78 96 28 60 22 60 37 68 87 47 39 32 91 19 52 68 23 46 95 61 15 73 88 5 83 77 22 77 5 42 60 29 36 58 54 26 41 47 31 91 61 31 28 29 91 79 85 80 37 20 55 48 64 26 85 36 71 57 44 69 63 34 92 61 69 3 98 71 40 81 91 57 66 53 75 83 38 9 47 78 16 34 59 27 45 61 91 79 82 55 98 47 25 96 25 26 50 20 72 61 63 72 39 9 71 52 17 25 20 87 15 12 15 68 87 62 33 19 85 15 10 52 75 42 95 49 45 89 55 56 97 82 0 78 84 50 49 48 14 33 50 58 90 18 69 75 90 42 13 56 63 43 99 20 58 70 30 40 91 77 63 8 46 18 32 9 14 75 28 31 15 88 92 99 67 9 7 29 82 38 31 7 18 10 90 14 23 23 57 14 26 41 2 23 35 76 5 56 24 71 9 11 6 27 5 42 49 71 4 6 8 6 6 26 78 32 26 
81 34 7 60 86 14 61 45 70 37 45 49 87 21 71 55 19 35 24 8 79 30 43 99 72 11 17 3 33 30 98 74 73 55 10 79 6 17 49 39 25 23 65 91 75 42 15 79 4 31 78 45 97 46 90 86 28 52 58 52 14 9 26 86 14 7 12 95 82 74 65 79 50 84 63 87 11 79 31 69 96 16 72 30 51 9 26 59 93 28 37 56 52 78 53 65 91 49 28 72 45 95 18 58 74 79 51 73 79 97 35 20 61 63 77 21 90 70 52 39 43 33 94 69 77 87 91 6 78 73 19 93 80 85 24 52 24 63 93 95 53 41 69 73 97 51 72 81 32 48 50 98 57 54 83 7 87 30 80 66 52 75 74 41 80 39 55 82 44 44 45 6 49 94 39 5 57 20 28 86 38 52 47 28 72 88 26 14 73 37 23 9 90 25 9 31 45 90 56 13 31 59 38 20 28 47 57 36 76 83 75 86 69 14 68 31 84 63 19 71 21 6 60 95 58 94 10 93 90 59 61 55 3 29 8 62 79 37 20 12 86 70 23 71 95 23 16 19 98 81 31 63 98 62 56 89 48 31 54 86 73 86 18 50 29 2 15 49 58 50 80 43 97 74 34 81 69 26 9 40 23 60 44 99 81 26 81 60 44 60 24 45 59 95 63 2 73 11 85 29 42 28 46 99 73 53 1 63 57 49 68 20 39 99 85 78 0 58 64 60 42 38 96 32 18 3 44 43 18 52 77 71 12 7 60 33 74 48 39 66 90 92 48 40 36 14 61 54 56 99 80 49 83 64 47 73 92 26 89 11 89 21 48 35 73 22 58 3 36 65 81 6 53 17 52 87 90 87 70 32 44 20 44 58 45 59 86 31 37 71 60 94 95 44 6 92 54 28 82 70 
47 2 10 98 61 39 60 1 51 85 50 15 6 66 19 53 83 36 92 27 64 94 54 79 54 54 19 73 11 58 45 23 97 6 69 85 58 68 85 10 1 34 88 25 38 60 33 5 69 59 24 47 30 42 20 36 88 82 60 49 57 18 7 77 57 15 97 2 21 27 47 29 52 12 16 87 75 53 16 83 46 45 72 65 25 90 47 18 71 93 78 15 63 65 85 85 7 79 30 48 71 87 53 91 73 59 6 90 50 30 90 8 33 16 8 29 92 82 88 37 93 89 98 32 32 36 90 6 32 20 40 46 34 2 17 62 90 24 18 66 5 23 39 11 40 26 88 93 75 71 56 97 15 30 10 27 63 48 55 41 8 90 57 3 7 30 99 79 30 54 76 62 36 90 95 75 11 69 10 23 17 49 20 27 43 61 62 55 75 84 22 59 66 87 38 70 82 96 65 98 75 4 73 56 65 57 2 61 94 32 89 8 93 20 80 49 85 23 44 76 63 60 46 10 96 18 49 5 14 84 95 16 45 41 44 41 38 3 70 41 28 72 14 93 52 92 42 27 7 77 47 59 55 70 14 61 73 56 8 95 68 36 27 65 49 64 42 97 82 5 34 27 39 74 59 55 7 7 83 49 40 19 91 33 44 6 56 17 67 98 75 56 62 21 26 6 54 69 48 17 46 96 87 59 45 23 80 94 4 22 81 23 93 94 97 84 58 0 53 65 24 77 87 76 90 77 37 24 67 52 37 37 62 93 71 57 3 32 50 70 63 49 22 71 99 84 10 41 73 88 69 4 83 68 68 42 58 34 30 32 19 8 26 50 10 7 52 70 44 54 7 95 44 87 81 45 35 82 59 17 71 73 6 64 6 4 69 58 49 48 44 85 16 40 10 24 12 46 55 56 
55 32 37 43 93 92 73 55 48 49 45 41 10 91 35 72 55 89 37 39 20 74 3 36 12 94 56 58 88 55 63 72 62 83 81 37 40 78 27 42 68 98 39 9 73 81 29 62 90 38 83 21 60 31 67 71 35 70 11 47 85 11 80 15 59 80 39 53 32 14 27 60 91 54 43 90 25 81 70 60 22 18 36 11 8 68 10 76 14 6 75 71 45 64 77 67 84 54 81 7 34 12 55 61 75 55 15 67 42 38 29 69 73 4 47 9 95 62 79 54 56 8 20 86 79 22 89 38 92 96 90 42 82 7 61 5 47 69 25 88 86 26 2 94 76 9 62 76 89 85 44 61 75 49 80 30 78 49 29 60 24 64 9 81 97 3 3 74 5 77 98 1 32 16 54 90 73 21 35 61 93 97 78 78 1 89 12 88 64 14 43 15 77 93 92 23 8 8 13 84 47 12 34 69 10 35 22 7 22 27 54 43 24 73 59 63 47 53 43 19 98 76 96 34 77 96 80 19 70 5 11 25 11 48 52 34 56 42 64 36 55 21 74 1 36 85 45 82 27 4 25 56 48 55 58 41 52 88 85 39 20 96 83 68 28 24 76 50 14 38 5 32 50 40 10 32 12 37 65 67 39 55 92 97 11 76 6 72 89 17 2 88 81 10 45 78 23 23 90 89 36 57 82 38 59 36 43 58 90 96 20 82 50 37 95 50 64 53 0 86 53 96 13 90 6 26 14 21 21 45 82 50 26 57 30 67 96 24 5 70 72 12 59 43 20 42 77 34 8 51 10 82 47 68 34 31 55 32 98 57 38 48 5 67 34 28 47 76 40 39 43 44 37 60 96 90 89 17 5 82 11 30 82 90 99 20 39 2 91 9 11 76 11 33 41 37 59 22 40 53 
80 39 88 65 99 88 41 65 19 82 24 46 95 85 74 31 75 25 16 9 74 35 12 2 64 67 49 76 67 67 51 81 56 84 12 69 49 7 59 71 67 19 20 82 63 42 97 76 30 60 82 77 94 64 98 65 40 47 43 87 93 54 32 83 65 15 17 30 31 10 5 81 68 70 80 76 4 58 86 43 73 58 70 42 62 19 98 34 1 66 13 12 3 21 17 80 48 22 26 39 28 40 62 67 14 39 91 36 94 5 17 48 18 29 39 59 18 72 48 83 66 50 10 42 25 93 34 16 14 6 60 50 51 3 73 46 89 4 96 10 25 1 33 54 9 41 57 42 56 14 2 67 35 19 37 37 8 54 44 69 24 48 64 39 5 82 68 48 24 93 15 68 22 19 54 48 42 70 63 77 4 21 26 17 95 81 6 36 98 66 43 72 57 12 90 26 68 51 27 36 52 34 95 85 43 49 18 51 34 79 34 77 3 15 11 83 28 62 30 96 24 73 75 42 91 58 64 32 14 46 97 36 27 61 63 7 84 79 76 91 97 82 31 51 99 32 34 51 60 20 8 63 85 88 63 3 5 92 98 86 63 34 10 47 97 47 77 11 34 29 35 52 92 39 86 33 63 94 18 9 73 49 86 14 53 17 93 28 16 80 50 74 25 80 3 5 45 79 83 57 81 96 90 95 82 2 12 51 40 4 90 53 9 2 77 49 60 65 86 0 38 71 88 10 5 34 22 64 37 13 86 87 54 6 44 43 91 66 8 27 9 12 11 16 31 28 51 7 99 31 76 11 94 93 99 14 87 61 49 14 79 98 89 96 51 22 61 45 95 98 90 16 33 28 25 20 93 27 72 58 8 54 70 40 28 1 11 76 35 39 91 24 67 96 57 98 62 66 91 35 
72 29 60 6 92 60 16 17 69 15 37 79 81 55 39 29 74 61 15 82 91 29 75 30 41 58 31 47 65 56 29 24 23 35 63 18 61 5 46 3 94 17 50 54 7 58 51 28 65 18 6 75 71 93 50 42 57 5 20 15 54 18 66 86 13 71 29 82 71 14 98 2 12 78 58 46 31 26 80 84 38 52 13 35 25 13 70 35 23 79 46 34 21 77 93 23 73 73 95 79 66 98 34 58 39 34 81 83 76 19 63 72 90 17 70 92 1 55 52 42 15 84 83 32 73 14 67 47 75 36 10 36 61 27 53 32 53 55 15 43 47 72 98 98 98 47 89 8 24 14 89 12 43 30 38 10 62 32 55 28 97 95 70 23 75 96 79 17 49 42 56 61 49 1 6 90 24 67 4 52 27 51 71 81 25 98 66 43 20 30 72 5 40 18 85 81 95 75 45 65 38 74 31 96 47 92 38 6 39 89 68 52 54 23 59 9 14 21 13 69 48 38 9 23 79 3 31 46 29 3 19 99 32 91 27 91 20 11 4 68 4 3 39 47 54 21 93 3 66 84 21 5 63 68 50 10 31 8 21 24 73 86 60 31 57 97 83 49 7 94 2 65 77 19 28 62 91 52 80 10 59 75 2 55 3 62 90 49 89 13 61 57 12 67 36 22 76 84 50 39 27 81 65 23 34 90 68 84 69 98 1 58 75 31 37 48 42 24 53 38 0 32 49 54 58 6 20 12 75 46 21 85 80 61 9 65 84 91 84 73 69 14 62 57 70 90 29 41 19 46 8 80 51 45 82 14 70 64 7 93 3 40 31 21 52 85 63 27 16 91 89 69 85 71 92 49 46 84 69 56 74 11 43 35 7 18 7 82 8 17 36 50 63 85 97 88 13 14 59 47 
15 76 9 91 75 47 38 91 68 16 82 64 26 67 72 24 4 13 66 11 58 56 61 92 15 87 6 9 55 86 72 26 11 60 23 2 46 59 15 38 31 91 94 27 55 31 34 88 72 43 55 9 64 87 24 51 13 97 34 81 23 45 38 16 72 22 99 21 94 19 26 9 22 49 61 82 60 44 18 31 25 28 15 21 15 37 30 82 94 7 34 30 30 33 50 87 16 77 17 98 67 24 44 33 78 31 95 16 52 78 28 51 54 40 40 4 83 58 86 21 98 18 33 13 95 35 67 43 87 29 96 62 37 16 53 71 49 50 28 60 37 24 32 15 99 24 77 51 93 42 9 94 9 26 67 33 92 30 75 44 98 78 28 6 4 86 93 24 95 31 18 52 60 20 60 88 77 29 10 11 54 54 14 42 55 14 14 81 25 78 75 84 23 14 4 30 64 55 9 44 42 93 72 26 88 88 12 38 42 33 1 76 25 70 47 86 32 87 86 25 73 80 10 25 46 29 93 42 68 75 35 72 94 14 40 44 50 48 68 32 24 1 38 3 54 92 57 74 8 74 13 19 37 27 97 87 86 25 42 11 42 61 96 42 52 88 43 37 2 72 2 76 20 21 99 65 34 62 49 49 10 27 45 39 63 78 28 4 61 56 1 63 52 58 57 23 34 79 99 80 59 8 2 69 63 34 75 67 26 49 90 66 1 23 10 14 38 77 96 71 32 0 11 90 82 24 26 15 45 19 14 98 8 42 97 29 52 27 25 86 57 84 58 56 67 91 60 34 75 29 81 12 77 4 77 53 62 30 39 9 2 55 3 20 27 43 34 68 24 45 63 95 85 29 84 73 93 30 37 54 15 96 3 47 80 96 97 19 70 34 53 86 92 18 48 57 37 39 71 55 
78 32 54 77 9 63 8 18 67 49 90 1 54 84 23 10 31 82 78 64 48 72 92 32 25 21 66 82 82 52 87 4 8 37 84 39 78 69 29 77 4 17 96 7 66 8 51 25 28 78 90 55 58 88 11 27 85 62 81 29 78 57 95 1 80 52 72 19 9 1 63 59 35 5 67 91 22 11 30 67 16 57 40 11 88 5 57 33 29 19 97 70 49 37 82 54 38 18 76 90 61 78 71 79 65 87 55 68 84 35 32 90 8 86 68 4 44 88 54 30 22 81 72 14 80 40 33 48 1 20 91 79 56 15 69 73 3 14 17 28 28 52 91 23 77 10 59 13 54 3 17 60 22 18 65 32 53 52 35 95 22 64 98 94 92 40 52 23 94 50 5 11 75 49 56 89 9 30 33 71 8 10 22 39 47 74 3 85 18 80 46 59 25 33 99 50 84 5 69 61 72 13 73 60 18 35 69 20 70 37 5 77 75 8 24 29 5 89 84 81 63 48 93 34 49 24 24 18 90 29 30 95 10 60 99 94 37 16 3 55 45 35 39 43 16 45 11 38 64 23 80 29 48 28 34 94 85 84 62 69 65 1 94 93 72 97 25 60 51 74 6 23 66 91 7 51 1 96 52 78 71 17 90 62 8 1 13 37 43 91 92 2 4 11 62 29 53 89 68 41 49 7 79 62 79 96 40 45 90 10 65 33 55 28 36 33 96 87 13 88 49 11 0 24 77 98 41 75 94 35 14 71 17 14 50 98 50 58 53 9 98 21 77 98 45 5 59 73 97 72 66 31 94 31 97 33 10 87 71 36 68 51 99 4 60 94 65 99 93 57 29 31 39 79 15 24 79 68 94 18 87 43 22 97 50 49 94 19 53 45 33 67 64 66 49 49 23 89 64 76 
16 52 88 56 76 87 83 60 75 44 70 55 72 88 16 9 79 37 31 16 68 46 90 42 80 47 36 37 6 26 12 2 59 26 15 91 34 40 6 16 23 95 78 44 97 3 93 96 66 92 54 79 28 3 96 30 50 9 66 97 21 28 72 45 72 3 28 18 73 13 90 58 77 89 25 64 53 50 66 85 30 22 72 45 48 89 10 65 90 74 65 82 60 76 68 27 33 64 24 39 15 88 22 63 80 45 39 64 58 5 23 26 46 76 58 2 15 33 93 15 44 40 98 67 17 40 66 23 70 24 2 55 21 13 84 30 27 47 8 56 98 64 53 47 26 23 39 32 74 36 23 43 17 1 80 69 60 17 48 6 91 10 95 69 75 66 62 12 23 27 90 91 38 49 3 62 9 23 30 70 82 62 39 10 85 83 88 94 26 74 19 13 5 35 28 5 11 85 66 25 8 41 71 88 33 55 24 46 25 25 40 83 46 14 85 52 21 65 87 28 69 24 26 74 43 76 56 14 36 23 88 63 8 80 53 49 4 82 15 18 7 50 52 51 28 90 41 96 42 21 20 31 1 84 37 69 39 86 93 98 29 61 63 34 84 73 49 41 61 15 92 77 47 97 23 32 54 7 25 32 67 17 70 12 66 55 83 41 12 23 63 93 87 9 82 87 32 26 55 17 20 44 99 53 85 85 95 18 26 49 50 9 56 46 81 50 32 76 90 10 54 90 24 0 14 35 94 94 55 27 45 36 11 95 65 31 35 29 85 85 46 86 38 43 2 99 26 75 6 41 89 32 13 40 83 15 39 57 53 76 48 34 36 35 29 12 73 34 11 53 68 18 28 11 71 80 6 85 23 45 25 12 67 73 39 81 19 39 39 55 3 42 71 30 47 38 53 66 3 22 
26 67 19 43 82 62 39 91 70 44 75 21 66 38 55 46 70 39 54 80 66 50 42 42 68 33 50 88 4 10 41 54 21 32 52 68 70 30 56 82 40 5 78 66 17 99 43 60 47 73 34 79 56 39 3 73 30 6 15 33 84 57 10 65 23 66 93 62 44 92 58 67 38 59 44 41 38 67 14 10 58 51 6 75 70 17 34 51 47 22 92 36 13 8 53 65 49 59 93 45 4 1 25 55 15 43 90 53 10 21 35 24 34 12 61 4 19 94 7 50 70 43 14 88 95 44 53 5 70 6 6 97 10 22 5 83 67 10 83 89 82 63 37 7 98 37 60 70 84 49 63 13 74 39 47 46 11 38 25 12 39 95 35 83 21 68 37 50 53 99 98 14 24 12 95 75 8 75 38 72 4 43 87 46 1 15 66 79 40 5 48 69 32 81 28 83 18 40 26 62 71 18 62 12 90 32 16 39 90 81 87 5 49 4 68 93 83 84 72 24 92 17 67 87 88 6 60 48 88 30 39 29 70 38 43 95 20 34 63 61 61 90 90 76 35 30 68 42 98 1 77 27 54 45 34 57 39 56 66 47 53 96 21 68 21 14 38 74 57 95 28 19 22 51 17 50 24 57 28 12 21 50 19 60 96 54 75 29 44 25 2 29 80 78 60 37 52 57 98 44 65 52 55 13 33 99 62 33 17 94 40 45 47 77 30 58 18 90 6 5 58 82 77 14 0 95 47 50 19 76 11 3 34 56 67 66 36 61 81 19 29 97 67 35 18 95 16 82 48 81 98 30 33 91 33 90 37 28 86 47 84 60 10 25 28 45 39 32 65 22 8 69 32 1 64 71 76 7 54 57 13 73 51 49 81 35 60 13 4 26 22 26 7 41 47 48 52 1 29 18 
54 68 22 21 28 40 48 96 56 58 86 85 56 17 28 94 99 16 61 59 11 42 11 4 73 35 92 72 81 54 90 11 70 17 45 13 75 75 70 15 11 52 72 30 19 62 24 3 58 95 38 65 79 42 34 22 5 99 85 14 34 25 2 77 25 71 81 65 16 24 59 93 1 18 75 42 86 10 25 50 75 61 66 94 5 79 69 36 62 89 13 22 35 8 94 34 59 57 16 43 49 85 87 74 69 72 65 25 89 34 40 19 77 36 82 79 31 94 69 54 35 45 54 62 98 31 77 54 5 6 73 43 42 40 36 37 47 10 72 10 79 3 19 72 77 2 79 21 44 44 47 99 90 89 11 85 19 97 59 68 62 96 42 15 7 97 39 88 59 15 80 17 14 85 41 61 71 63 32 4 16 35 29 91 15 19 26 5 81 85 60 96 49 58 82 55 59 97 88 89 40 91 96 66 10 62 99 4 48 83 7 7 65 39 13 56 57 26 96 17 28 18 44 63 60 91 61 72 87 16 98 38 89 44 54 62 41 59 56 8 51 52 18 31 34 43 57 81 88 35 77 21 80 22 78 94 95 13 23 68 85 24 60 5 5 26 31 11 16 56 12 67 98 68 11 88 9 65 84 74 42 81 24 22 53 50 77 76 22 93 85 24 71 56 99 22 82 81 12 36 31 23 88 77 99 75 16 39 13 10 29 66 75 10 36 90 3 77 26 34 6 24 98 35 95 0 38 89 18 35 73 56 18 39 79 16 6 2 62 87 68 20 30 3 8 22 91 65 99 47 53 69 7 98 85 61 48 79 6 76 16 92 29 32 2 61 43 7 85 13 93 76 15 79 90 67 19 92 3 26 42 82 86 96 72 59 87 12 54 43 97 1 75 63 75 81 18 16 63 86 
85 33 68 89 26 72 61 38 66 86 69 24 64 8 24 46 97 86 68 22 1 41 57 66 31 94 34 58 72 86 53 22 48 41 56 9 9 22 67 20 1 61 23 55 12 13 60 84 4 48 41 89 47 14 10 42 10 69 49 14 49 20 40 52 75 8 73 44 31 98 76 60 75 67 18 4 32 84 29 30 20 1 86 55 38 81 17 83 79 80 22 43 4 80 63 38 71 56 82 93 93 92 96 48 84 15 64 76 50 59 16 25 82 47 77 55 8 58 39 28 55 41 5 63 46 84 3 73 17 68 85 60 80 2 19 59 94 75 24 97 75 19 44 39 38 45 73 19 92 9 80 34 3 89 69 1 59 86 68 83 16 86 94 84 40 62 98 65 29 63 18 45 39 98 58 27 75 66 53 50 84 11 94 36 99 87 82 10 89 79 40 37 7 73 4 52 33 20 12 58 26 74 43 57 47 67 32 47 95 61 77 12 62 82 98 59 51 19 85 99 74 57 28 51 9 3 36 43 85 60 47 37 38 12 4 60 97 30 28 36 82 74 79 67 69 24 56 92 70 28 61 44 86 59 76 25 17 53 52 23 48 13 77 44 31 81 98 28 32 6 2 75 74 23 46 50 93 57 55 33 29 49 99 10 16 39 26 70 24 51 47 48 14 70 53 81 9 69 54 24 69 30 51 21 50 86 82 80 87 79 28 29 29 48 1 18 44 37 14 22 20 26 41 94 47 38 0 92 41 34 85 51 81 22 60 21 79 18 1 10 84 56 45 25 3 13 86 49 11 36 67 81 11 50 71 16 4 35 7 43 4 46 75 1 64 5 88 89 9 71 29 85 74 22 83 17 24 60 26 37 12 20 27 87 61 19 41 90 31 78 26 55 32 52 18 45 22 63 58 80 
59 75 15 69 87 3 61 73 82 68 62 56 8 81 27 70 17 90 85 6 95 45 14 63 31 56 43 53 38 14 41 18 70 56 15 86 56 28 32 85 11 88 31 22 82 77 76 47 89 73 32 96 33 49 85 36 88 34 51 37 19 75 11 17 49 82 89 16 78 87 27 2 34 42 95 14 13 26 56 58 12 40 98 60 94 83 84 68 62 92 42 34 73 2 85 70 48 16 60 67 97 61 26 22 57 45 50 82 96 80 43 53 39 10 14 91 89 73 36 40 35 76 7 65 91 6 72 93 17 44 20 71 46 78 92 95 62 17 32 61 90 90 83 45 39 19 87 95 74 63 98 99 70 30 33 70 99 19 40 42 43 26 96 94 39 65 72 21 84 79 87 49 87 22 28 25 18 17 43 47 68 84 4 46 56 48 48 98 74 24 63 94 64 95 83 66 64 44 42 19 3 93 60 43 28 85 61 43 40 78 57 67 98 34 99 89 24 35 57 76 64 50 95 62 31 65 59 28 72 65 61 91 87 43 90 20 11 12 99 25 91 80 11 24 85 53 92 90 73 64 28 14 74 89 67 21 33 55 37 75 29 59 45 97 77 88 9 47 12 96 38 7 25 53 41 53 22 97 50 12 4 51 57 76 50 14 55 99 71 99 93 23 67 55 97 66 18 37 8 58 83 64 37 30 24 32 50 29 53 66 47 19 58 52 61 69 43 24 21 64 12 15 75 94 50 89 92 0 16 73 49 28 47 35 72 4 67 23 65 64 71 11 90 52 59 66 3 27 91 49 62 21 67 41 23 56 30 91 26 64 99 21 46 39 68 38 11 66 7 80 94 74 52 29 61 27 86 54 18 49 3 55 59 69 42 16 48 60 82 81 94 66 54 37 98 38 14 55 61 62 
86 33 21 19 37 60 49 84 51 47 44 60 69 69 12 21 33 84 96 2 8 96 78 70 98 41 86 38 95 78 40 88 8 88 10 64 75 85 48 49 37 75 94 3 37 75 39 37 78 74 77 27 30 53 31 79 37 96 18 55 92 46 14 23 35 52 26 79 45 1 99 68 35 68 33 30 66 83 25 29 86 69 12 45 81 30 49 76 38 76 53 10 34 88 2 48 5 90 97 42 73 40 87 72 76 33 24 53 98 62 75 50 53 72 98 7 11 97 16 87 46 47 79 24 4 55 53 73 40 86 37 14 68 4 51 8 21 82 5 46 73 93 62 71 1 28 87 42 44 15 37 71 27 92 14 57 43 97 37 96 64 44 61 18 56 99 58 7 58 46 82 30 13 90 22 66 47 2 53 88 90 44 20 39 95 81 86 12 1 74 50 61 74 46 86 17 60 96 50 16 30 91 40 68 54 77 74 94 80 47 25 99 66 4 1 74 27 89 96 98 92 27 82 30 88 15 16 6 4 48 33 32 73 3 78 51 31 55 51 68 32 36 25 23 14 97 38 57 37 96 5 17 96 41 37 69 94 22 88 69 90 10 12 9 84 99 91 50 52 20 41 82 2 16 4 89 19 27 76 80 46 53 81 26 85 54 16 11 47 7 19 56 36 88 69 93 37 77 39 4 13 97 14 49 5 10 47 94 88 79 20 44 49 87 99 75 18 67 21 37 75 45 94 55 19 18 41 16 0 28 38 45 86 51 55 80 5 69 77 46 21 62 9 99 38 1 35 64 6 45 78 86 33 90 93 89 87 46 83 56 55 67 35 85 92 28 26 86 83 39 2 30 60 46 84 5 50 30 8 29 74 99 98 86 53 57 27 26 65 71 44 8 1 20 24 72 53 83 21 36 
30 98 86 93 15 26 83 82 49 51 47 41 87 16 61 92 49 43 85 15 57 5 19 7 86 70 36 72 23 71 88 70 97 83 80 40 87 3 59 31 2 13 19 38 26 11 14 81 1 41 84 38 36 85 87 20 28 66 70 28 34 11 95 66 5 80 28 29 60 18 88 33 64 31 26 81 55 28 56 68 80 54 12 67 9 2 12 91 84 34 22 33 41 92 33 25 16 98 40 1 55 45 66 92 85 5 31 55 68 77 50 60 47 66 1 97 16 28 5 11 50 30 92 10 29 83 12 3 22 53 29 71 50 43 70 99 63 72 86 64 12 43 93 75 42 89 55 72 41 18 9 46 70 18 96 57 57 15 55 79 83 13 19 29 73 73 98 1 35 50 55 80 76 23 40 66 78 93 72 25 85 15 91 20 38 77 37 39 28 69 96 6 69 29 89 91 49 62 8 79 84 10 7 70 4 39 6 45 15 73 10 81 95 53 52 63 14 90 49 98 55 34 34 52 82 85 67 7 58 6 84 31 60 51 71 19 93 18 71 62 40 36 45 75 18 44 6 10 9 60 80 1 16 11 19 23 7 78 39 20 99 83 15 67 39 43 79 77 97 21 90 94 47 37 2 40 31 86 56 36 63 28 99 82 45 65 10 76 18 97 44 32 55 49 26 18 14 23 96 69 30 72 35 18 88 25 2 82 97 48 4 41 17 22 7 90 52 52 45 13 46 19 35 27 76 35 34 73 28 0 13 69 52 95 70 61 30 48 46 85 30 87 34 60 42 43 57 18 30 85 24 4 15 70 88 11 31 22 25 11 84 23 59 51 16 81 63 78 8 23 70 91 67 93 4 75 44 93 59 40 67 81 87 30 27 5 81 1 81 95 14 31 3 37 89 87 38 2 55 50 
45 6 10 50 4 58 9 40 5 3 54 38 40 16 31 8 18 90 86 81 12 58 26 69 14 14 16 73 55 14 74 66 72 39 65 49 67 52 67 71 63 21 6 17 1 57 20 30 56 27 65 61 35 12 47 25 45 59 20 95 74 26 12 86 97 48 86 27 41 45 90 16 35 32 31 37 48 9 7 73 85 91 47 90 80 37 25 39 33 27 37 61 91 22 32 82 98 68 6 37 61 52 92 87 71 55 67 98 74 84 25 45 8 79 78 95 87 65 16 54 68 96 6 30 42 80 77 73 33 13 52 42 43 93 40 56 61 98 56 33 47 73 57 12 26 31 38 39 86 27 67 88 12 70 1 14 75 85 9 58 70 30 81 59 26 81 30 11 22 11 23 39 73 19 57 38 13 24 34 89 56 73 88 99 76 33 86 35 17 66 62 32 40 60 1 19 88 89 18 51 50 75 55 54 34 85 74 93 37 27 7 95 66 80 81 56 55 35 8 47 51 77 8 36 34 48 86 57 9 25 43 17 44 26 5 98 12 11 36 20 73 55 53 89 48 48 39 89 10 48 1 49 99 16 99 79 65 17 83 87 66 94 10 22 46 72 43 40 62 97 55 45 60 48 75 15 59 22 31 80 75 99 1 55 65 26 88 72 49 57 60 98 30 28 80 32 27 89 13 76 52 50 53 27 67 55 2 41 34 30 40 16 32 3 36 42 77 37 82 86 21 14 14 45 11 73 85 49 38 13 0 33 37 20 65 58 46 7 34 8 81 33 35 49 15 91 29 34 28 35 22 3 30 97 33 61 71 79 26 35 11 12 11 29 82 43 15 22 33 19 5 15 70 91 48 53 48 41 52 92 2 50 86 44 98 91 79 7 16 28 68 76 3 62 10 53 58 62 40 68 
38 1 43 84 93 33 86 44 51 1 75 3 58 83 62 18 24 67 64 35 51 12 3 7 70 75 52 68 54 68 56 39 3 12 23 60 41 48 65 61 65 6 50 88 68 20 22 5 56 85 80 33 61 54 90 65 82 19 18 64 97 84 95 44 47 2 34 80 66 5 75 9 86 5 24 37 71 94 66 37 94 20 48 39 8 29 92 63 16 24 78 70 51 54 42 90 74 18 13 8 89 9 46 75 27 1 72 85 41 4 10 63 49 57 95 75 69 95 91 51 71 53 89 32 82 84 96 96 14 6 62 17 39 67 17 34 77 76 67 7 63 3 94 17 68 59 32 71 13 76 30 30 17 23 96 6 89 26 2 81 86 67 92 44 55 20 10 62 22 89 80 27 11 94 13 73 45 83 17 14 41 98 37 8 29 17 17 93 69 84 98 5 17 22 99 32 94 84 91 24 20 97 31 91 6 72 48 51 49 85 22 95 51 49 29 56 89 93 3 21 23 39 92 61 41 82 91 42 20 22 71 76 74 39 18 51 80 61 31 86 70 93 16 65 66 20 91 52 61 74 89 48 92 24 83 59 97 95 9 75 73 40 68 50 26 50 87 91 13 93 15 71 58 25 84 48 64 84 14 18 87 26 4 52 80 99 1 8 70 42 8 88 60 49 39 91 41 6 53 58 6 18 84 75 81 37 34 17 21 40 73 69 24 7 2 13 71 37 50 87 85 98 71 36 3 56 51 28 45 69 33 0 86 92 98 93 56 71 70 6 51 68 56 92 25 78 36 44 71 19 46 41 4 2 28 47 24 89 75 49 6 76 65 40 84 75 98 12 1 38 24 89 5 26 74 79 12 73 7 43 38 36 82 67 26 97 12 21 77 12 55 10 49 62 49 46 6 85 39 49 
23 38 67 16 85 31 69 71 57 82 13 35 74 21 98 64 76 97 69 36 16 55 97 46 82 27 37 99 34 79 24 17 26 61 21 99 49 58 18 47 19 23 39 69 33 34 66 50 83 25 7 2 36 23 42 71 21 59 56 22 30 65 97 29 60 33 3 96 47 18 89 44 95 18 73 67 25 90 31 84 90 6 34 6 89 85 50 12 32 59 69 41 63 38 77 61 93 17 76 26 90 3 24 4 67 79 47 63 7 54 31 52 8 4 8 4 42 91 40 36 72 36 26 47 75 38 29 15 20 62 85 39 97 37 41 61 95 7 88 18 28 30 23 85 36 15 82 15 12 95 46 67 19 27 21 29 98 61 22 18 24 20 56 4 33 1 41 74 88 67 73 74 28 10 67 29 91 29 25 57 28 59 76 7 19 76 55 47 48 35 98 86 80 4 11 87 5 68 36 82 22 12 83 46 62 50 44 21 16 14 9 36 13 48 88 83 68 30 59 92 19 49 12 86 19 73 58 78 30 40 9 34 36 66 48 26 29 73 62 69 23 12 8 3 44 81 74 12 65 21 31 53 58 41 16 82 37 24 43 46 58 10 1 19 73 40 4 2 91 44 99 34 11 42 6 63 11 77 57 78 31 94 89 11 96 98 44 46 11 86 60 43 27 93 65 16 17 43 88 49 45 94 29 4 62 51 64 22 25 95 99 13 41 1 24 56 12 62 26 54 80 8 17 11 34 18 81 47 86 52 37 86 0 99 54 30 23 86 98 70 25 20 69 49 98 91 24 24 12 98 70 52 13 37 7 3 4 99 32 72 93 5 51 63 76 79 63 58 19 57 46 82 27 98 76 78 23 26 34 93 46 37 93 12 51 91 52 85 97 30 61 2 58 65 90 58 65 36 56 52 
92 73 21 18 73 53 40 91 79 59 36 70 78 48 74 40 94 75 69 86 32 24 1 50 78 56 9 59 87 59 66 11 6 13 40 98 98 9 13 76 40 67 86 85 82 43 21 40 75 65 70 23 59 48 60 14 26 93 14 42 85 12 59 67 11 46 88 49 27 54 17 52 8 13 61 46 90 57 13 55 84 53 85 15 20 36 60 19 74 83 93 51 97 5 40 92 18 80 82 38 25 25 68 71 74 4 42 56 63 78 59 11 9 72 78 80 58 92 90 24 97 94 33 44 8 6 62 1 15 43 98 15 87 54 27 64 36 50 45 36 77 2 75 29 82 82 9 98 79 45 98 94 88 17 31 5 99 50 67 3 79 88 89 36 59 47 3 88 55 66 19 93 70 92 3 70 89 90 65 79 36 26 49 71 31 81 67 95 37 9 1 70 90 9 90 58 47 42 25 13 77 45 92 2 6 54 44 8 7 17 28 79 5 1 91 68 90 25 14 52 78 87 4 97 76 40 55 88 52 90 89 81 79 41 5 13 90 39 46 15 91 80 52 1 6 33 86 97 75 48 69 26 6 62 42 95 62 90 83 11 76 4 81 53 48 35 55 33 11 29 48 98 60 74 67 93 88 81 25 95 36 8 67 14 84 35 94 32 93 5 15 81 5 98 37 60 19 64 54 77 70 83 26 23 79 29 29 99 10 35 3 13 77 31 1 63 7 93 57 6 61 42 14 95 56 39 22 35 51 95 20 92 99 0 55 44 55 55 1 27 50 65 72 15 93 96 55 40 46 49 64 16 49 70 39 93 56 91 7 73 76 74 34 49 63 93 34 45 70 17 33 34 78 35 73 66 2 19 89 63 35 16 97 94 67 39 83 91 13 75 45 11 62 92 10 3 24 58 89 95 
55 44 17 62 44 92 64 24 39 19 18 44 39 21 45 62 92 40 22 39 62 46 98 41 5 69 38 36 41 74 40 98 23 59 84 59 16 97 7 46 92 7 62 97 57 83 28 99 62 32 36 39 3 44 36 58 88 66 32 83 62 75 7 64 60 39 59 87 13 2 93 66 83 63 52 75 47 6 28 27 44 77 11 17 55 41 96 46 73 69 99 95 4 57 51 44 89 58 73 78 33 83 11 89 89 46 58 41 66 39 4 7 67 11 87 36 55 47 7 84 25 79 12 18 50 35 30 72 82 25 72 87 20 78 78 24 86 71 71 28 90 17 95 86 57 71 95 23 15 14 61 79 66 86 94 96 80 3 50 75 32 90 89 66 81 92 36 14 77 16 29 48 56 31 3 45 98 1 89 85 67 88 86 67 34 82 35 13 57 50 2 15 51 31 49 81 85 63 10 38 20 82 69 36 64 39 2 74 55 37 53 81 96 1 11 41 12 48 41 33 44 11 17 92 22 6 54 58 93 58 15 22 31 72 84 53 76 7 78 42 9 26 74 95 62 60 27 17 58 47 42 38 84 62 99 39 15 27 55 47 99 58 11 62 43 93 11 24 53 58 25 36 82 39 22 34 83 14 31 99 51 53 54 52 3 99 87 69 79 54 11 75 7 7 88 52 95 21 33 76 41 19 37 86 63 1 74 94 19 84 66 18 80 2 62 43 60 71 30 44 9 97 50 65 67 79 60 72 55 70 65 98 54 55 0 64 14 56 53 50 91 93 56 12 63 56 89 47 14 77 91 94 41 39 77 25 16 60 11 12 26 53 97 6 37 54 40 22 86 38 25 10 93 62 48 53 55 76 41 74 40 35 88 10 21 24 77 62 29 12 65 2 72 72 29 93 20 82 3 79 
77 25 59 8 9 42 55 31 11 46 12 91 32 59 81 57 65 95 27 58 56 61 87 52 26 86 31 59 60 16 31 19 66 6 70 58 25 2 19 25 32 25 81 35 92 50 51 56 44 39 77 58 99 8 67 89 77 82 28 10 3 86 21 85 1 35 31 10 80 60 8 56 82 25 85 57 95 86 70 10 17 62 78 13 42 11 64 50 91 29 39 53 4 42 69 44 98 15 12 71 90 48 12 52 47 56 35 56 21 78 31 40 88 65 36 74 1 57 19 39 31 38 34 2 54 80 18 58 59 16 77 34 58 50 12 68 19 29 51 63 62 50 37 80 88 83 10 99 34 19 82 90 95 73 77 95 50 93 53 2 94 31 96 96 68 19 18 29 31 48 67 86 80 52 18 52 52 11 68 77 48 20 2 2 85 93 96 31 41 83 3 35 85 47 97 49 40 90 78 4 80 15 21 32 14 54 36 50 75 84 98 20 31 96 59 8 51 24 34 7 65 1 12 94 10 25 45 8 54 13 9 58 96 65 66 71 28 85 44 99 7 25 73 69 18 42 53 29 53 8 68 7 70 90 7 92 48 23 57 61 2 59 53 48 53 32 33 39 60 82 65 5 75 44 38 81 3 41 65 42 85 21 75 38 62 17 1 43 11 17 28 60 55 1 80 29 8 34 29 96 54 63 3 10 77 49 25 93 19 30 60 4 18 98 59 99 33 57 67 43 65 29 98 31 66 16 21 4 80 61 58 93 30 44 64 0 62 18 45 18 99 55 72 84 30 87 77 49 24 86 39 93 11 75 86 59 53 80 18 48 85 25 44 60 4 92 40 39 20 42 47 51 14 20 1 85 64 32 51 5 93 25 10 14 85 63 77 68 8 97 68 69 21 37 82 28 38 13 44 65 
13 17 78 65 56 79 14 74 95 66 5 41 77 10 24 50 89 1 44 8 13 7 29 89 60 72 86 47 41 63 59 47 85 27 25 10 77 42 78 30 26 75 93 88 22 59 44 48 25 83 92 15 10 9 70 58 50 27 82 5 7 99 18 68 84 22 86 97 18 78 33 6 98 9 70 9 45 75 89 8 74 88 37 88 55 47 52 50 77 30 83 50 1 14 26 54 21 36 47 11 9 63 56 40 71 25 92 46 27 76 97 13 27 39 41 45 6 29 92 88 40 13 10 22 91 78 10 25 99 89 72 34 87 90 95 69 21 24 82 35 61 10 84 82 37 71 22 82 1 45 23 63 30 99 20 62 23 37 82 53 8 59 67 22 9 77 26 66 71 23 48 21 23 17 26 80 48 36 76 96 23 38 3 15 83 29 21 59 31 47 63 31 37 41 32 49 90 26 51 5 87 97 65 36 18 57 85 5 40 64 73 93 74 51 70 12 5 39 89 14 34 54 62 9 82 31 2 33 52 68 94 21 48 7 86 83 19 65 6 19 30 51 88 63 37 65 20 9 56 67 53 11 41 22 97 83 8 21 51 88 31 31 29 35 22 57 16 48 22 21 92 32 85 83 44 79 16 32 65 95 92 47 35 43 85 33 7 23 62 77 49 89 65 31 56 98 77 84 41 43 60 29 15 5 86 83 37 31 79 90 32 74 8 68 79 20 74 3 96 91 84 52 50 35 36 6 79 67 5 30 46 56 23 55 14 62 0 72 2 60 30 18 25 18 17 93 29 83 14 44 17 54 25 37 81 44 33 35 23 93 81 42 88 79 80 41 53 59 42 83 55 34 59 36 6 3 83 41 38 22 59 69 15 89 29 23 51 44 76 67 74 27 64 10 40 54 84 34 16 14 
60 97 43 56 18 58 62 64 25 28 88 84 60 97 65 43 64 11 38 57 82 38 91 14 27 21 42 83 35 19 84 29 94 20 4 69 58 23 23 89 57 32 9 10 77 8 89 22 62 42 20 91 74 8 21 56 90 66 59 26 47 78 61 52 29 4 5 86 87 20 92 30 23 9 86 31 44 34 13 8 98 63 9 48 53 48 98 88 39 79 86 89 64 50 80 78 91 99 25 83 34 11 18 15 58 96 88 50 43 86 6 68 75 77 80 34 90 38 81 75 67 16 41 97 91 32 34 21 34 3 83 10 36 43 27 56 30 84 67 64 27 15 18 16 76 10 2 60 69 34 85 36 78 55 19 82 24 38 32 26 9 59 92 70 14 92 58 64 74 80 10 44 4 48 95 6 6 90 46 2 94 70 43 31 87 70 29 10 83 82 3 15 72 20 94 12 61 59 90 26 2 80 66 66 68 78 36 46 73 2 44 98 87 79 59 8 63 12 41 99 19 88 57 26 17 66 56 30 8 49 66 44 71 49 18 85 9 30 13 27 9 68 7 87 15 60 55 37 48 47 65 46 61 95 16 89 83 41 2 55 54 57 12 53 86 92 28 30 6 71 37 49 1 10 49 85 91 77 93 93 8 15 25 2 93 96 65 28 4 6 29 38 30 68 20 31 3 92 57 1 92 40 16 80 60 92 57 50 97 96 20 96 69 62 87 58 48 32 24 66 91 27 58 29 61 2 18 23 69 48 7 71 86 55 56 18 72 0 5 8 87 81 30 78 78 9 31 62 63 30 68 35 41 99 9 60 21 99 93 40 75 65 42 21 21 76 54 16 74 34 22 11 74 49 21 50 74 41 79 34 27 23 72 30 54 67 21 66 17 7 13 41 7 84 11 19 57 23 52 81 
27 97 36 3 61 46 41 91 40 97 27 61 82 56 72 44 71 33 5 81 62 72 3 24 24 6 77 1 60 85 14 55 50 36 70 78 75 41 12 97 81 72 70 2 74 43 12 10 13 23 70 92 39 99 53 16 3 20 28 25 38 15 25 7 72 62 34 73 10 33 64 61 21 27 5 12 59 91 60 77 51 11 96 45 70 49 11 13 40 4 36 41 34 43 19 68 75 67 3 66 59 41 72 65 95 56 51 44 99 75 52 92 63 73 83 53 21 22 57 11 88 22 44 73 87 63 83 75 34 98 81 67 45 70 11 98 82 91 58 18 59 68 30 29 28 23 71 15 91 47 81 15 26 44 45 23 41 43 47 5 9 27 79 61 53 71 39 58 61 5 10 99 21 53 19 25 2 44 57 90 46 61 91 27 29 51 47 80 40 16 64 59 54 47 26 63 90 27 14 32 9 64 65 94 39 73 34 78 56 71 46 85 95 22 52 26 52 7 41 52 77 57 66 42 50 13 55 94 53 48 17 11 78 69 46 38 57 36 11 29 4 7 54 87 50 34 92 17 46 37 47 88 44 54 79 85 72 88 90 22 47 36 89 92 41 31 44 47 59 57 86 89 3 51 16 65 89 35 45 31 92 57 48 70 50 78 56 68 6 88 7 9 82 26 29 28 99 6 35 9 45 34 73 57 63 43 46 25 74 78 79 91 92 89 98 70 39 50 5 8 84 25 53 85 81 62 1 65 77 46 34 70 98 1 53 45 2 5 0 17 63 81 5 24 20 15 76 31 56 17 18 77 71 2 27 8 74 25 78 78 59 68 35 41 51 34 18 90 9 34 6 50 53 60 56 43 66 95 25 30 3 3 46 42 66 24 91 53 55 99 87 57 25 56 2 32 30 49 54 50 
77 42 76 91 33 86 74 49 59 84 66 46 28 60 18 96 60 2 34 18 48 44 2 42 62 88 64 2 51 21 81 91 60 42 24 46 10 98 54 10 94 33 13 94 33 90 69 71 91 90 27 83 60 72 94 49 72 72 49 84 50 2 50 69 79 99 91 34 48 10 9 36 71 78 13 90 89 28 42 47 46 37 78 75 53 39 13 33 32 65 97 27 50 41 22 57 24 49 99 42 17 5 41 28 69 12 63 92 34 28 72 88 15 96 73 4 14 1 36 65 43 91 41 16 70 18 73 84 63 60 92 47 23 26 69 23 41 51 3 39 42 19 52 10 73 66 31 23 44 98 42 63 58 45 81 94 67 25 8 83 20 18 4 84 87 29 83 88 14 6 21 45 57 34 54 27 72 55 86 47 78 46 46 50 85 73 46 50 81 9 21 48 83 43 54 28 29 42 87 92 13 69 12 6 94 43 52 12 84 62 50 49 23 70 98 85 85 73 24 24 19 98 61 62 86 49 90 84 35 91 75 4 46 45 73 13 50 52 5 82 25 42 76 57 45 9 71 42 70 40 71 5 28 27 81 25 82 87 38 18 82 93 53 73 34 98 21 26 27 3 99 37 91 79 31 27 8 43 34 24 19 55 41 69 4 5 88 38 90 36 9 41 53 82 43 43 30 79 80 99 5 41 61 23 16 26 56 39 84 38 62 27 63 4 12 30 66 70 70 27 73 86 9 85 19 87 10 64 46 85 8 6 70 27 50 18 60 8 17 0 16 76 90 78 15 96 55 29 81 13 48 25 59 30 6 33 35 45 46 12 34 73 84 46 84 15 99 34 60 15 66 80 55 23 46 12 37 76 87 17 69 21 23 28 73 34 60 92 29 90 72 58 72 95 77 32 72 39 93 62 
72 25 29 5 99 26 75 45 56 59 17 19 90 89 65 86 96 88 41 45 72 8 85 36 39 61 95 76 3 66 13 94 41 14 4 48 21 85 44 90 84 41 15 49 33 30 91 52 77 30 91 39 31 39 96 19 11 52 74 45 56 61 25 2 53 3 17 96 51 67 88 66 20 75 63 80 38 90 13 29 28 97 66 92 77 31 65 92 33 5 1 40 26 15 19 82 20 33 53 28 3 58 65 64 57 67 65 10 65 41 35 98 70 35 41 57 19 13 8 56 20 44 18 97 72 9 91 62 46 77 11 81 38 29 25 16 77 2 32 40 16 84 99 63 2 22 75 53 4 63 57 12 91 61 28 93 25 84 69 37 6 1 1 83 9 99 41 79 44 15 76 44 11 86 52 12 92 7 50 12 19 25 58 19 29 36 45 91 56 68 77 17 39 18 45 15 10 14 27 77 35 50 10 32 72 57 90 98 61 79 55 16 30 13 58 64 41 58 33 76 53 39 68 89 71 9 16 11 71 90 26 36 18 11 88 1 45 56 55 29 31 67 67 69 28 26 1 86 43 63 44 17 67 62 93 25 89 72 84 64 53 93 43 51 63 13 8 25 62 28 15 32 25 13 51 7 89 43 18 9 79 69 91 20 35 87 63 48 13 90 75 9 13 67 51 85 55 33 89 21 29 6 57 26 74 44 3 57 83 39 27 58 9 78 47 40 90 63 72 9 69 57 98 46 29 68 84 71 21 30 81 51 25 50 91 99 30 87 63 16 0 5 79 57 1 52 19 84 16 90 91 22 53 91 81 91 46 33 38 34 16 47 96 61 95 88 84 69 60 38 58 27 98 38 62 6 65 60 63 63 19 67 33 21 89 85 93 54 54 97 61 59 92 4 89 93 22 52 67 34 
88 22 86 17 84 74 69 95 1 21 76 69 40 8 13 90 28 27 45 86 36 20 94 19 89 82 42 88 12 8 63 79 61 85 64 65 79 30 42 46 68 14 86 49 67 37 26 52 62 7 62 89 90 12 84 94 76 89 3 78 53 12 31 17 64 43 52 21 28 30 75 6 80 16 11 62 34 1 27 92 2 20 65 2 58 68 59 12 12 1 92 53 8 21 63 38 98 73 91 96 30 38 93 99 57 73 71 62 38 28 86 48 11 90 85 82 81 52 41 70 55 86 7 9 55 34 84 46 9 31 99 49 31 66 12 71 2 85 95 42 64 95 37 97 88 7 29 52 74 91 75 88 68 15 62 38 54 48 56 4 50 61 29 3 87 51 71 15 80 82 22 6 27 95 8 87 1 22 15 35 85 34 1 98 74 49 26 83 36 94 14 8 90 80 59 96 23 21 1 54 85 90 64 48 75 3 98 78 86 54 35 41 19 13 24 99 67 11 90 80 35 54 83 20 89 57 54 79 45 42 23 77 58 87 42 80 49 72 58 13 58 4 11 52 15 43 39 31 34 87 65 80 93 91 75 17 84 45 46 85 90 80 83 59 22 89 77 7 38 89 77 18 6 97 19 93 35 23 51 90 73 70 10 60 34 20 77 31 22 39 47 36 58 18 91 50 82 24 17 96 96 22 66 78 93 56 7 75 57 89 51 45 1 35 96 91 92 49 12 12 14 84 21 86 97 20 56 11 62 87 33 68 20 65 93 55 18 81 81 76 5 0 46 97 64 60 58 71 16 31 58 10 98 14 13 88 10 88 44 16 33 8 83 16 83 26 3 27 38 90 50 94 59 15 24 93 17 75 83 10 84 81 1 76 33 3 38 40 9 82 33 51 41 40 60 17 2 84 36 83 
40 28 35 78 28 75 25 17 39 97 26 27 9 26 85 59 55 36 95 77 37 44 57 70 83 91 56 42 26 54 8 45 38 64 39 14 49 71 25 77 42 35 24 68 62 5 85 29 36 31 66 74 42 33 20 18 19 62 13 55 54 10 86 86 52 36 88 27 82 27 40 73 48 64 5 47 9 44 60 67 38 83 60 70 56 61 98 57 25 39 35 73 98 54 62 55 80 36 36 80 4 53 35 28 73 80 16 79 65 27 65 23 75 14 55 59 59 15 68 23 70 71 99 84 87 84 6 3 66 23 97 77 14 2 82 63 4 57 63 41 17 84 35 88 4 64 43 68 8 53 59 88 40 36 65 1 56 12 15 82 73 7 84 84 96 8 55 22 57 3 14 93 95 27 9 39 28 61 4 59 17 42 55 92 85 47 10 70 47 43 22 88 84 33 24 13 50 7 61 52 83 80 13 33 88 85 14 22 38 20 21 24 56 31 18 92 66 6 10 75 93 1 33 47 36 9 27 67 51 18 47 54 56 29 54 3 16 31 9 31 19 2 32 49 65 94 37 39 68 6 2 4 84 9 78 16 75 86 22 92 19 3 70 48 93 44 84 66 64 37 73 37 35 85 74 6 54 46 41 74 70 67 28 78 1 40 47 40 2 17 78 29 25 59 82 28 3 45 79 12 86 91 49 33 66 48 52 22 10 29 51 11 94 88 61 77 48 22 59 11 62 58 77 38 67 30 45 90 9 34 35 56 69 72 56 72 25 30 5 90 79 46 0 29 84 92 4 57 48 39 34 72 65 11 44 98 68 35 79 6 69 17 81 35 9 64 17 78 6 78 43 8 37 78 23 38 85 85 76 74 81 2 75 5 19 40 54 18 8 48 25 51 18 13 7 63 48 15 87 31 
44 47 45 69 96 7 26 60 94 44 64 61 4 10 39 98 36 40 32 72 96 30 7 15 85 58 83 99 41 9 38 65 19 71 82 94 53 35 81 95 28 50 97 20 11 27 42 36 62 54 3 32 50 70 61 93 41 22 87 17 43 46 57 96 62 86 14 46 64 29 16 25 74 56 2 59 40 38 14 86 68 13 6 21 42 30 7 31 73 22 21 30 82 73 59 97 82 34 46 51 68 55 29 84 52 90 87 53 12 24 62 16 66 3 5 98 51 93 67 12 86 10 62 81 71 54 6 3 86 31 93 70 56 25 73 46 25 38 45 35 18 93 18 65 32 86 91 57 94 36 18 29 76 9 48 40 29 40 24 87 92 17 70 35 62 48 54 16 59 49 71 2 71 28 46 44 93 43 54 17 80 66 48 15 18 87 40 48 80 30 76 83 72 38 79 58 15 97 92 49 22 24 78 81 68 45 8 30 81 36 32 41 77 38 71 31 58 33 34 13 20 55 56 89 51 81 7 3 42 58 94 90 95 60 57 55 80 60 45 39 99 98 20 67 86 62 38 22 81 33 12 96 70 68 65 87 86 98 74 50 97 62 48 35 15 90 23 16 9 98 97 86 99 72 85 20 2 16 91 92 11 82 13 48 95 22 68 84 82 28 96 25 78 25 31 19 98 25 38 44 85 28 45 29 84 38 82 97 43 47 53 94 67 49 69 63 40 71 43 16 57 56 98 43 35 3 25 52 99 60 49 92 49 15 12 84 18 78 24 78 57 97 29 0 36 2 31 98 8 69 27 99 21 64 34 44 41 88 67 35 26 96 79 93 73 90 22 22 67 73 62 85 39 71 7 18 84 54 56 3 63 93 50 82 19 88 87 38 78 94 35 30 36 63 15 7 32 79 5 67 
77 36 93 31 53 3 34 91 86 85 25 46 15 11 77 22 30 31 57 85 98 62 66 61 14 73 12 22 39 33 26 27 61 66 52 47 55 53 72 1 62 4 59 20 77 5 44 99 33 77 65 14 87 97 70 51 9 89 56 54 92 43 20 39 46 49 12 67 44 51 97 53 29 91 9 34 50 6 32 9 48 27 8 72 97 77 32 84 33 3 70 84 94 31 40 97 77 16 22 28 45 35 15 67 42 22 28 64 59 46 12 24 5 58 46 70 71 81 28 60 49 15 17 97 50 48 60 10 34 46 29 84 89 96 86 3 4 67 21 40 54 40 97 72 84 6 2 71 27 9 36 58 40 16 10 17 6 93 88 42 9 12 23 48 94 99 38 97 3 82 72 58 90 5 95 57 37 53 1 4 37 4 54 51 19 82 64 27 41 68 2 74 59 24 96 46 95 35 95 85 53 49 57 97 76 6 97 93 26 79 49 56 90 23 15 71 63 92 84 8 12 23 52 11 56 80 22 94 13 41 41 23 38 36 66 77 12 60 88 65 88 9 18 21 63 41 11 45 65 37 79 62 60 15 46 9 70 6 56 53 38 80 75 47 77 20 39 96 66 29 81 36 59 49 75 98 39 16 71 98 93 85 13 54 47 50 10 76 30 45 25 54 43 3 33 29 97 15 75 84 69 84 65 78 2 73 71 10 37 12 55 25 18 57 35 8 36 99 20 31 70 67 45 2 18 8 3 59 38 42 15 25 98 93 63 30 17 78 20 15 1 64 84 36 0 48 35 28 72 46 61 33 1 76 46 15 42 56 43 79 93 71 59 80 61 82 92 96 17 84 2 15 49 88 9 3 96 39 1 57 49 12 29 79 35 21 49 12 81 47 13 81 59 90 69 76 83 81 31 18 
39 63 83 53 51 31 19 45 96 12 17 59 99 37 38 27 29 7 57 88 65 67 6 88 89 95 23 20 43 89 84 76 12 52 97 60 61 97 27 80 29 44 84 93 69 32 68 86 38 50 73 27 77 44 81 70 92 40 74 85 61 79 99 78 77 95 78 23 40 90 97 36 58 53 39 57 96 94 57 4 48 18 90 89 53 8 44 69 82 98 68 65 25 10 68 38 74 22 45 43 11 40 53 40 2 22 50 8 30 51 5 9 81 39 59 95 86 82 89 36 90 85 47 28 3 86 47 66 74 57 28 11 8 15 61 95 71 25 89 77 64 55 60 49 31 78 57 29 29 97 55 11 17 68 52 35 17 67 35 80 9 20 50 22 32 95 80 41 81 86 70 12 82 94 42 22 58 29 90 21 8 4 12 83 21 26 35 15 53 45 91 56 1 96 16 92 39 85 12 32 39 94 53 44 19 52 36 76 96 55 11 70 40 19 61 7 59 10 83 70 90 43 46 78 15 39 28 90 48 18 63 87 46 72 61 9 32 33 71 97 11 70 28 33 50 31 14 18 41 90 27 97 45 18 65 80 7 26 61 77 27 61 62 48 48 66 82 78 93 40 49 77 67 32 99 98 57 57 17 38 66 89 78 41 1 28 66 80 87 96 2 73 17 2 40 86 5 44 23 42 91 29 21 40 54 4 56 43 65 20 11 10 35 4 97 46 14 84 42 28 90 91 5 99 95 22 13 66 1 43 91 78 91 96 56 87 93 9 15 96 52 60 92 2 48 0 89 40 27 15 49 58 37 83 41 29 7 53 84 46 82 42 97 31 35 24 73 6 20 66 12 65 99 56 89 78 30 37 10 21 29 9 59 30 48 66 70 93 29 75 15 4 79 12 84 12 20 27 92 56 
92 69 9 85 81 78 79 86 71 99 80 24 10 40 38 23 33 66 99 53 24 65 10 67 91 29 49 37 56 51 75 19 86 1 57 67 30 6 84 91 62 34 69 30 52 98 76 77 15 77 39 84 97 12 45 1 76 51 43 42 97 83 63 66 71 35 50 90 32 90 69 80 17 89 85 83 77 74 17 42 33 61 13 57 18 62 15 4 92 23 62 88 63 38 71 24 42 92 96 28 52 77 72 15 82 62 76 44 84 89 94 70 28 82 14 90 89 63 29 21 87 33 14 51 92 40 53 20 91 39 34 30 91 32 89 48 93 17 67 10 39 77 12 30 57 16 28 99 40 58 71 41 35 91 96 45 54 81 8 37 97 10 62 92 76 15 31 43 2 72 70 54 75 99 61 36 47 66 34 50 81 98 37 64 19 84 62 99 11 5 48 19 83 4 90 77 33 58 70 47 53 11 98 31 88 44 93 65 38 92 61 13 17 98 72 62 68 55 82 82 15 56 74 85 54 94 63 47 18 83 15 85 60 51 97 66 64 56 38 96 18 18 72 90 98 12 3 13 87 69 61 89 54 4 22 8 88 39 91 38 35 15 93 62 97 97 88 41 34 19 48 78 73 79 48 31 63 44 68 49 69 26 49 42 94 11 2 90 77 43 57 91 17 93 62 27 67 51 70 75 16 7 44 44 11 74 89 17 53 69 66 3 24 68 55 18 61 10 77 51 29 60 59 26 16 91 86 3 35 57 29 36 24 55 89 77 29 31 76 55 19 58 4 31 35 89 0 14 86 59 41 11 36 1 47 79 20 32 95 35 91 31 8 58 87 43 15 89 5 2 98 69 51 75 91 95 79 43 69 67 72 40 80 20 87 9 25 99 94 3 83 5 72 35 60 53 84 19 30 73 
70 63 31 37 92 79 47 49 74 91 85 2 76 21 84 91 54 80 85 34 93 21 18 23 73 93 28 55 60 41 76 17 41 56 9 22 15 28 36 7 69 13 33 58 45 68 91 99 96 61 26 96 14 13 22 66 19 1 98 94 17 5 18 50 13 72 45 5 70 29 47 9 46 19 43 7 45 36 46 11 40 16 76 51 44 81 15 64 44 94 12 25 44 56 97 86 21 76 76 93 3 2 77 40 23 35 88 16 52 59 45 78 38 76 3 17 69 48 96 8 60 89 32 89 24 81 79 70 66 94 50 67 91 52 77 77 59 22 46 19 39 51 11 32 61 97 58 46 35 27 67 17 2 85 63 29 31 8 76 76 32 49 75 91 31 61 25 51 7 33 74 43 98 5 98 90 47 53 14 18 33 98 25 14 98 28 40 9 33 52 87 63 15 51 89 89 27 27 71 72 6 48 29 56 19 23 27 35 47 65 21 69 43 31 48 29 40 49 45 92 62 85 69 5 21 12 20 47 39 51 98 11 64 83 53 9 17 98 9 28 46 5 35 23 78 99 88 81 4 81 2 90 97 36 36 92 90 41 64 62 45 39 77 70 81 3 50 65 87 15 93 46 84 5 88 20 93 60 64 24 71 31 83 52 45 17 79 33 93 3 50 96 8 69 80 77 93 11 16 72 67 43 48 29 49 31 27 64 18 99 3 43 10 68 96 32 54 41 34 7 41 34 73 75 82 65 49 27 64 18 34 44 24 40 47 49 83 62 31 29 84 71 57 98 28 40 14 0 92 70 46 94 74 91 28 95 62 75 18 86 83 72 11 23 23 40 88 92 49 42 10 91 12 72 48 93 60 74 24 11 83 54 39 80 81 60 34 6 10 95 83 50 51 85 20 20 47 37 33 89 
99 33 65 99 80 92 79 18 56 47 57 41 79 83 44 52 98 55 15 39 1 36 88 73 48 22 73 49 17 37 73 73 21 29 29 77 89 95 23 97 48 81 92 70 41 27 60 48 1 23 15 90 11 21 59 76 73 90 95 16 28 86 81 33 31 21 96 83 37 72 57 75 80 4 14 13 43 55 21 89 64 93 63 61 12 37 4 61 61 48 34 48 54 48 98 26 22 60 39 11 37 94 50 64 35 60 48 90 41 4 54 27 80 2 53 82 77 94 65 87 32 83 87 97 33 28 13 31 19 64 72 47 26 83 98 66 61 65 44 42 22 98 83 81 13 52 76 2 65 30 96 83 15 48 53 69 27 75 87 51 5 76 2 49 16 56 77 97 99 59 61 57 62 6 27 33 74 65 60 53 72 44 12 26 94 47 42 37 45 5 66 58 92 48 16 19 26 97 88 28 53 89 35 59 20 24 57 87 46 60 78 52 17 50 93 20 62 84 42 35 45 49 54 60 84 67 90 57 43 60 47 43 72 90 1 90 67 25 81 86 77 69 3 7 41 47 2 30 33 93 84 17 16 11 50 27 33 73 34 23 6 35 43 83 51 70 69 94 83 29 95 96 45 52 79 18 39 73 52 46 61 27 79 96 41 98 93 20 75 43 19 14 10 85 49 29 86 47 22 35 78 4 70 76 6 58 44 46 49 47 32 19 27 95 87 9 56 73 8 99 19 75 97 6 48 99 11 91 6 30 28 71 12 46 14 24 14 63 56 81 16 16 48 8 72 27 86 92 0 57 45 43 99 87 95 97 55 74 93 71 49 5 13 76 6 57 94 88 89 33 10 10 17 93 4 58 93 83 81 98 69 30 91 73 58 75 88 9 94 76 73 53 69 12 55 44 93 46 83 29 
34 46 78 60 27 97 8 52 16 38 20 14 82 76 88 59 78 59 28 80 66 75 18 28 52 2 4 72 33 43 50 41 79 99 2 33 97 20 66 58 84 46 84 27 83 42 32 20 22 29 5 72 24 85 7 18 2 90 80 75 50 48 59 58 45 67 8 93 21 18 48 74 10 2 99 90 81 62 19 75 27 39 78 80 54 71 37 79 16 56 66 90 58 38 58 90 29 33 94 79 60 91 52 86 5 41 91 43 24 90 35 30 66 44 1 50 24 38 74 3 25 76 11 41 72 58 41 82 45 98 29 8 58 53 53 50 75 9 18 74 92 36 45 97 70 52 98 38 13 81 67 59 9 13 18 12 15 56 91 62 5 98 50 77 47 87 49 77 22 47 38 80 28 76 43 92 85 65 5 12 19 70 39 40 67 47 90 12 41 89 72 70 16 19 79 48 51 49 81 58 7 25 24 69 35 47 67 15 50 42 26 48 1 24 98 64 16 48 6 23 15 97 83 55 3 89 89 16 73 62 30 24 70 90 11 77 52 25 47 68 7 65 6 37 54 39 32 96 80 37 48 46 4 32 75 29 46 56 95 57 81 26 94 38 49 5 4 71 85 71 18 66 27 60 16 25 96 88 60 40 20 27 64 40 25 89 19 25 86 37 71 52 14 70 60 74 33 38 14 56 10 6 13 6 88 31 24 61 69 1 54 1 84 22 21 14 99 88 51 31 46 29 72 41 81 47 36 49 45 85 35 19 98 49 77 86 44 30 17 13 90 31 39 69 46 15 59 70 57 0 2 32 84 39 95 80 64 29 20 24 92 41 88 35 15 74 3 23 21 5 25 97 47 88 45 78 62 83 21 68 84 81 92 76 61 61 76 98 71 72 82 46 53 80 40 37 4 39 11 15 
44 89 19 32 38 43 78 49 97 89 34 78 65 29 78 98 81 45 19 30 97 2 13 11 98 63 36 64 28 4 59 83 3 31 34 24 83 71 96 23 92 85 32 7 11 83 12 62 16 48 47 66 10 20 19 31 14 79 90 7 59 55 93 79 6 17 57 37 30 88 41 14 93 59 29 65 45 81 28 61 78 36 90 1 50 4 16 9 18 14 80 94 62 58 5 22 91 55 11 59 95 67 70 34 74 43 74 82 36 56 53 81 10 4 54 43 53 83 25 36 40 72 88 71 55 40 12 11 36 10 53 57 95 84 25 95 91 45 65 13 77 49 35 95 68 20 38 6 28 46 74 92 60 4 91 39 42 42 3 23 64 61 4 23 39 90 90 94 79 4 25 49 16 11 67 88 66 41 57 92 33 45 88 12 13 60 51 74 76 38 76 25 35 50 82 75 37 64 62 44 14 11 95 85 4 4 97 96 39 11 99 90 53 29 84 9 23 69 79 24 76 8 74 29 58 70 5 82 85 26 74 17 99 52 26 13 59 34 25 93 36 73 99 60 31 73 73 7 64 3 91 44 95 78 33 57 38 64 72 67 35 35 30 78 40 13 9 89 92 73 15 21 49 90 99 21 44 58 38 71 78 7 44 73 70 34 17 53 79 62 47 48 92 18 28 24 46 69 68 93 35 50 74 28 4 11 29 27 57 75 44 29 15 15 93 75 80 69 10 76 8 81 66 89 98 53 67 62 78 24 22 46 70 64 91 39 17 68 18 48 91 58 34 27 61 49 41 46 45 2 0 60 93 88 27 63 27 53 8 80 34 93 66 85 68 56 69 55 25 59 43 42 16 50 79 61 47 96 75 37 65 5 54 97 86 41 72 41 35 23 7 4 58 38 94 90 54 84 96 30 
27 43 39 36 25 19 9 7 50 41 66 63 74 99 14 71 77 82 77 5 90 97 76 56 64 54 49 18 42 37 71 55 56 83 23 76 28 55 72 37 41 4 80 95 49 47 8 73 66 2 60 94 84 64 67 38 68 35 82 67 87 85 35 2 3 11 92 76 81 22 52 81 76 62 37 28 87 42 32 53 25 5 76 18 36 19 71 54 68 44 83 22 30 68 9 70 14 68 62 72 53 69 20 77 11 69 20 66 46 9 46 31 37 30 24 36 28 82 17 29 95 65 98 50 3 53 93 65 9 82 96 17 42 37 25 18 9 26 80 5 1 9 30 56 56 6 91 10 7 2 10 2 4 59 77 42 80 99 91 20 89 93 72 19 91 22 68 41 91 99 34 93 4 30 70 69 69 50 67 99 33 23 42 15 27 20 12 17 66 94 97 47 23 97 49 30 36 77 14 4 74 30 73 88 46 97 91 49 18 41 91 97 92 61 55 6 15 9 80 69 66 40 13 41 73 22 45 85 14 2 27 19 70 23 25 15 50 22 49 71 73 40 36 19 34 74 95 14 74 23 83 27 91 57 70 12 9 65 94 13 37 9 57 26 42 21 62 73 10 98 97 79 22 96 56 31 38 86 3 32 22 58 12 99 30 63 22 16 3 20 26 78 5 55 36 56 96 65 40 52 8 75 43 67 31 70 50 20 50 31 90 93 12 92 85 28 49 4 82 11 80 12 31 32 30 69 81 21 86 4 3 41 52 16 94 93 54 35 77 25 22 10 72 99 33 58 11 94 43 32 60 0 15 90 61 30 19 89 90 1 30 2 3 43 5 25 65 36 55 89 22 77 91 24 70 85 45 8 70 82 66 20 19 18 76 11 16 16 15 66 81 57 42 97 64 66 81 2 44 36 
57 58 12 33 57 84 39 77 56 7 30 52 84 41 44 28 84 17 13 60 75 78 6 21 29 12 80 22 84 59 67 52 92 15 71 35 79 24 25 36 17 17 23 98 79 45 24 1 51 59 83 91 32 42 64 3 2 70 18 38 14 34 24 71 38 22 57 43 55 97 39 54 27 77 8 41 60 79 65 81 5 76 18 81 85 16 41 93 54 56 86 25 35 87 15 26 79 11 16 64 62 84 63 65 81 29 21 97 37 91 45 97 9 18 45 73 79 76 92 51 63 9 98 64 74 49 41 54 73 40 55 82 21 79 92 11 30 16 57 54 23 14 73 98 82 88 13 13 37 63 69 68 49 60 92 77 12 97 87 76 80 24 73 38 15 9 68 98 81 27 51 80 60 74 60 23 89 37 81 49 31 59 45 31 49 30 88 4 8 33 55 42 91 49 7 4 71 96 1 97 55 83 60 78 29 95 15 81 82 5 78 45 71 63 51 30 65 65 9 92 4 80 71 35 70 39 11 31 81 92 75 79 66 58 45 79 19 85 77 70 54 53 80 5 17 49 40 1 44 90 44 73 78 39 7 69 16 67 19 32 92 32 62 44 25 41 13 34 23 10 25 26 21 81 22 3 78 8 15 83 55 18 19 39 26 49 47 34 1 52 15 72 27 72 58 25 44 86 69 4 5 66 54 2 48 80 85 15 93 47 89 32 26 7 43 31 83 83 47 94 51 77 94 13 33 7 11 67 33 15 30 4 13 49 41 11 25 41 71 59 53 98 65 21 1 37 36 74 99 84 93 15 0 61 94 13 2 87 38 1 68 28 92 63 78 85 18 2 37 51 75 48 19 7 67 63 9 1 96 44 40 12 22 16 19 6 66 58 15 21 1 75 64 49 69 68 97 88 5 63 
70 26 57 51 41 90 50 67 7 45 39 95 16 86 91 4 4 92 25 32 78 26 10 71 28 21 45 25 40 49 91 5 77 77 43 46 68 18 8 49 78 22 57 76 64 45 40 59 59 44 67 48 92 15 51 44 32 71 96 45 14 61 65 88 84 23 98 92 29 11 41 85 77 33 67 30 36 17 98 30 52 16 5 95 83 43 50 62 74 23 49 1 70 60 96 8 75 66 55 16 98 57 24 16 28 5 95 74 76 25 39 91 24 2 44 67 24 45 24 58 7 20 71 18 19 79 75 26 75 2 97 96 88 44 39 31 51 24 68 48 8 11 51 8 1 74 24 21 6 90 32 34 39 38 49 54 5 70 72 37 34 70 72 64 69 87 32 23 91 67 80 52 31 67 94 22 23 5 62 87 65 18 14 37 42 48 12 66 97 15 65 66 31 26 57 71 61 57 3 35 48 63 29 52 58 90 22 76 42 97 69 80 45 68 98 89 32 54 4 17 77 9 70 9 72 39 5 10 24 13 66 86 37 33 34 98 1 24 1 31 25 12 98 45 92 27 62 13 38 54 83 4 82 66 9 26 53 46 89 90 84 5 85 19 96 45 88 78 17 6 68 7 57 83 91 69 96 22 63 47 45 58 13 34 95 83 43 1 54 45 62 64 64 6 23 91 41 5 57 64 46 76 45 38 71 86 17 19 32 37 2 4 9 36 18 15 64 68 68 93 45 4 31 40 91 98 50 41 90 70 97 2 37 70 39 75 37 99 2 30 91 14 11 64 76 83 1 91 87 39 88 90 61 0 35 54 84 4 42 63 9 32 74 61 44 61 22 39 95 45 87 41 48 3 61 88 89 70 33 20 84 97 8 75 80 29 18 95 3 6 1 46 82 98 63 58 90 42 60 65 
74 33 53 52 53 89 15 87 33 31 84 48 65 84 28 32 89 62 55 78 89 49 44 26 60 36 45 8 37 98 41 87 75 35 78 44 35 50 91 76 53 15 76 37 55 7 29 32 77 9 74 52 20 79 66 19 60 38 33 24 18 35 46 69 3 68 80 18 49 73 71 70 80 54 85 93 85 92 1 23 32 39 72 88 21 50 66 28 74 23 49 78 70 75 64 3 27 6 63 92 80 94 59 28 31 89 61 29 88 67 86 51 68 22 98 16 48 9 46 14 88 2 4 85 70 95 5 30 72 81 6 62 64 76 74 36 78 88 95 43 62 92 92 44 26 10 7 51 51 54 44 35 23 85 55 59 49 90 45 65 90 35 8 55 52 49 8 6 92 48 65 57 94 6 67 18 64 58 76 71 44 17 81 69 69 51 70 93 55 76 2 84 34 8 55 45 73 51 76 60 91 69 86 19 65 1 64 71 12 4 44 78 29 16 33 55 70 30 98 65 22 91 38 43 14 52 42 96 68 61 30 9 81 24 70 33 56 33 27 43 36 76 8 57 37 87 80 37 41 41 85 66 58 14 27 21 69 53 39 68 86 13 77 41 7 17 24 76 74 38 68 44 15 21 58 54 9 80 90 90 5 80 91 85 29 20 27 74 73 95 86 7 52 96 61 30 58 24 39 11 17 46 19 48 89 72 58 33 68 55 21 41 20 21 7 88 47 68 34 99 82 77 97 83 33 85 71 23 93 88 33 28 7 39 77 86 81 9 27 6 81 13 44 34 46 41 47 28 95 95 27 61 94 35 0 48 63 42 57 95 15 22 8 12 98 69 26 15 7 32 66 77 88 17 96 53 94 44 77 19 57 1 3 71 86 80 90 23 4 6 84 94 52 20 26 1 96 68 95 48 
53 34 84 6 39 57 18 36 30 59 54 62 53 6 47 11 70 77 49 9 88 91 1 95 95 29 8 75 83 34 94 32 90 82 82 31 11 20 55 9 13 38 51 47 1 38 75 89 34 21 20 79 58 82 37 82 25 28 80 70 50 26 32 11 19 79 16 26 7 14 45 76 82 77 4 60 29 60 26 16 46 11 7 9 30 64 98 35 93 52 74 18 46 45 52 84 38 79 84 86 13 98 1 38 70 73 46 97 21 6 57 54 32 31 89 7 36 25 2 79 31 73 13 82 29 82 70 74 17 88 10 51 46 1 8 32 1 31 89 5 99 31 9 82 43 22 29 57 51 73 18 8 45 12 70 70 59 25 80 93 41 90 27 34 31 39 92 46 20 55 23 36 6 84 4 96 39 93 96 64 10 64 25 91 7 97 89 63 69 35 23 14 88 2 49 2 85 71 68 44 11 75 6 69 25 10 63 87 62 68 80 17 34 7 44 93 8 86 56 44 54 41 95 13 86 51 59 56 76 29 18 11 99 18 47 70 34 44 79 54 88 18 78 79 81 19 26 76 52 36 93 70 68 74 88 13 96 38 94 98 44 44 41 54 22 21 14 70 71 50 38 20 97 61 76 65 52 13 30 99 75 18 65 26 65 48 87 79 9 47 60 21 24 90 65 29 50 12 66 76 43 22 78 22 76 70 61 96 69 20 32 78 97 93 25 92 73 42 31 14 14 53 33 15 90 61 16 56 89 11 61 47 3 93 25 59 44 60 8 33 91 88 98 44 15 29 79 95 97 80 63 30 13 54 48 0 10 22 80 36 17 52 49 17 59 64 41 52 55 78 93 4 96 45 50 23 88 59 69 37 51 52 32 55 73 22 16 54 35 66 68 97 40 77 76 39 67 47 4 62 
90 7 77 34 20 43 46 45 94 34 70 58 48 11 69 54 58 84 48 92 49 88 86 25 79 81 28 66 70 69 37 15 83 68 4 84 89 77 88 86 63 34 35 11 54 49 99 26 78 6 44 4 68 87 10 36 95 78 48 68 4 10 33 92 12 12 82 93 52 32 27 41 59 94 14 48 15 22 96 47 17 38 60 5 23 12 25 61 13 87 35 91 15 25 47 52 30 57 69 13 10 92 33 73 34 92 92 78 39 24 93 78 59 66 86 59 53 28 43 42 60 82 63 42 10 96 20 73 15 63 9 88 61 71 24 19 9 20 7 31 63 58 60 2 20 27 33 10 59 44 27 72 10 55 43 73 13 18 2 73 39 19 82 19 45 5 19 94 12 94 76 91 4 94 13 33 58 23 56 95 28 52 89 65 86 55 86 62 92 55 80 11 9 84 48 60 15 94 11 26 46 38 4 9 8 71 53 39 66 85 24 94 49 72 71 51 36 38 48 3 79 46 41 79 69 21 21 49 69 12 18 88 74 15 10 84 63 92 26 96 93 19 33 21 2 78 14 55 78 64 71 58 25 44 47 81 17 69 35 89 43 62 93 90 90 63 31 82 69 9 51 49 57 6 8 90 87 39 88 10 41 42 6 56 33 43 71 87 27 57 19 76 47 7 37 48 24 60 82 80 48 6 33 6 2 24 20 77 54 97 78 26 72 2 46 99 92 58 55 87 70 62 10 39 37 48 4 30 87 31 71 24 4 56 16 53 33 21 74 35 46 10 68 41 42 7 20 62 55 64 27 19 2 84 63 10 0 65 14 92 9 35 6 27 9 96 26 70 92 37 29 10 49 19 82 46 89 6 55 11 21 34 82 58 75 1 28 91 47 98 64 56 46 85 18 90 13 26 88 15 
28 66 69 1 45 5 58 79 79 66 92 65 27 49 5 44 89 85 44 29 5 95 89 88 60 15 54 16 60 78 84 73 37 45 50 26 89 60 91 7 16 26 58 38 51 96 5 86 33 42 41 39 52 15 78 41 31 29 37 8 51 10 39 41 94 53 98 35 1 99 71 60 48 57 48 99 11 95 16 38 6 76 46 4 59 3 81 76 51 44 26 25 21 89 38 93 78 6 79 44 32 99 21 15 69 68 12 86 8 38 42 75 47 59 78 15 35 64 36 47 1 37 60 82 61 27 14 63 43 72 38 18 28 49 90 23 94 36 89 39 59 74 29 11 95 52 10 43 81 27 38 52 90 11 78 20 42 54 14 32 63 14 95 4 9 48 29 20 30 74 56 73 16 23 44 13 98 24 58 92 41 24 25 78 93 81 55 61 98 46 94 88 41 26 91 33 97 6 55 25 38 50 80 29 17 27 15 81 43 61 8 3 37 30 90 32 3 69 14 89 83 2 87 54 1 86 83 5 96 64 95 44 78 24 65 8 86 94 30 39 70 47 56 15 19 16 91 71 86 41 58 41 60 35 72 29 83 95 44 48 80 32 64 13 55 24 23 80 4 84 13 60 9 53 7 53 33 40 9 42 93 97 64 53 28 91 77 25 26 73 65 20 11 36 92 19 69 58 23 68 37 55 97 5 42 77 91 66 61 67 83 69 38 78 84 67 26 34 32 61 64 30 87 57 28 79 35 91 46 22 79 89 99 91 60 80 35 99 25 45 33 88 35 88 56 53 32 75 74 29 53 89 87 4 42 22 65 0 14 97 67 77 1 85 61 49 74 16 74 19 90 30 92 2 74 28 51 69 22 67 67 95 23 52 57 46 36 13 19 69 37 81 84 16 84 35 32 27 48 6 
44 52 26 10 21 12 78 99 20 22 65 98 54 61 99 25 81 3 62 94 57 41 18 13 51 48 35 41 77 28 48 98 78 16 8 22 98 6 37 13 73 96 8 62 25 73 99 44 69 94 84 33 87 46 16 24 53 23 65 22 83 80 64 77 20 11 71 16 30 34 44 45 10 29 57 53 39 31 58 94 33 25 82 76 89 11 74 10 17 92 22 39 72 20 22 95 10 82 33 59 48 1 45 18 94 35 2 61 44 61 17 62 53 84 69 27 79 88 59 24 44 51 77 85 30 53 71 97 49 17 38 74 23 12 18 56 16 16 46 20 46 22 12 68 41 91 78 14 35 55 88 4 61 18 67 82 7 5 28 56 55 14 11 16 39 76 22 14 56 78 99 54 72 68 22 30 38 6 50 80 57 90 41 53 10 96 26 66 99 47 78 83 93 61 47 99 73 53 40 11 8 65 43 9 94 13 24 59 49 78 93 10 93 2 27 94 20 56 2 60 94 28 6 23 79 24 96 31 45 81 74 73 9 8 23 80 93 35 23 27 7 42 44 24 33 98 69 25 17 70 19 3 4 11 85 34 86 60 98 53 53 19 52 4 91 87 92 7 70 3 37 53 19 68 53 24 34 71 89 9 68 31 75 2 57 93 97 69 53 99 82 86 48 30 19 79 70 33 10 54 71 46 64 99 15 17 61 44 44 17 11 12 25 16 47 9 89 30 98 49 7 39 71 53 86 6 7 26 83 25 26 75 32 7 11 18 23 93 78 46 38 44 79 67 43 84 95 18 93 20 8 90 38 42 57 80 14 14 0 59 6 92 86 60 86 39 67 91 27 10 77 43 58 42 17 22 57 13 22 75 61 24 18 87 59 74 55 73 12 12 93 42 21 29 97 68 3 48 43 78 
2 32 70 32 64 25 88 1 29 90 20 24 17 68 32 23 48 87 8 88 4 81 64 70 11 15 38 6 34 40 18 1 13 60 9 38 85 43 37 88 24 63 85 69 99 66 62 25 14 83 89 80 56 69 79 34 73 52 60 44 89 84 25 60 96 23 77 80 28 32 83 22 87 71 23 46 46 27 11 33 35 85 69 10 76 87 33 60 19 56 6 29 23 2 12 94 40 35 49 68 60 90 57 13 91 47 27 61 2 69 44 90 6 59 39 38 20 93 28 63 43 68 6 15 19 79 21 4 86 86 90 2 81 15 43 52 49 37 12 19 30 58 74 2 56 49 79 85 78 73 4 85 14 42 32 92 14 24 71 39 61 42 2 37 22 51 13 15 48 15 86 50 82 35 24 95 35 5 12 59 30 40 58 89 75 31 18 61 15 75 8 21 24 24 32 76 57 21 69 55 75 13 2 94 59 68 47 24 4 15 84 16 56 52 45 84 94 46 70 17 27 62 1 30 5 9 20 83 80 5 86 59 3 74 8 94 36 19 5 73 60 53 46 18 15 68 12 81 53 12 39 90 51 57 47 52 57 12 52 86 28 88 41 81 78 44 26 97 31 35 65 46 32 3 98 40 14 53 77 63 49 54 67 19 28 2 32 5 49 44 1 8 88 35 85 9 35 30 81 21 10 47 88 18 51 55 91 93 88 88 5 78 88 32 65 7 11 32 57 14 93 9 36 76 47 76 43 64 56 11 35 49 72 73 12 48 93 40 78 12 34 16 6 35 79 46 35 86 71 24 80 1 1 63 95 36 92 97 59 0 11 87 32 79 14 71 58 1 99 54 68 72 55 4 54 97 58 80 69 78 94 96 70 89 10 11 79 41 48 84 96 50 26 85 2 68 86 60 52 86 
83 8 32 36 22 23 27 39 79 58 55 2 26 60 59 88 19 35 20 82 74 44 27 19 92 90 45 16 96 22 66 96 26 56 33 76 48 31 73 88 80 75 42 92 22 23 9 58 88 87 16 89 38 33 5 21 37 91 85 59 34 82 52 69 1 47 8 86 52 89 6 98 29 26 35 60 67 41 3 36 82 89 60 96 67 95 67 93 19 62 6 26 37 52 5 2 55 62 62 50 4 5 42 59 4 99 39 52 19 21 98 89 45 49 37 61 4 24 15 52 77 28 33 13 52 91 90 96 16 14 95 53 48 72 40 46 67 43 8 94 99 11 29 58 33 3 33 73 19 81 4 53 78 25 13 48 87 77 79 58 90 69 81 72 90 87 63 56 18 26 83 74 25 84 86 57 63 54 62 82 70 49 91 53 30 67 26 50 54 54 59 40 13 98 67 33 89 72 76 82 95 96 81 35 36 36 29 46 35 13 81 51 69 64 89 22 59 92 93 61 19 84 23 95 30 97 40 32 48 46 53 55 89 14 16 64 8 93 84 60 61 62 9 68 76 52 30 90 41 63 97 56 90 96 82 69 29 81 54 82 79 54 24 42 91 32 98 65 39 79 5 9 58 77 1 57 80 77 27 46 93 56 82 44 7 7 7 51 51 4 23 22 41 26 12 58 59 30 12 51 61 56 54 20 85 24 40 82 31 83 9 10 63 19 90 29 89 19 38 79 3 2 68 48 84 16 4 99 55 84 11 6 93 76 26 85 81 75 59 34 16 33 69 26 93 82 91 83 49 92 34 30 68 9 15 17 9 67 6 11 0 4 7 70 20 57 51 6 2 46 40 2 46 95 1 53 98 85 40 79 44 13 49 41 51 68 68 66 81 17 10 75 79 41 67 18 45 59 57 10 
95 14 60 89 66 7 32 19 42 1 76 3 8 34 90 16 35 77 47 6 73 49 29 45 85 58 30 10 17 30 76 44 93 26 66 53 98 73 15 59 42 2 88 79 90 27 59 83 92 7 74 62 62 59 20 71 92 61 11 20 38 26 99 4 89 93 19 63 10 5 96 27 96 15 44 22 4 61 61 67 97 94 35 91 20 86 5 48 89 28 12 68 44 29 51 24 71 38 80 6 31 84 70 53 33 44 38 30 84 41 71 67 9 71 80 9 23 42 68 33 61 47 68 40 80 43 18 56 44 64 11 79 57 41 94 1 46 83 29 43 73 17 46 1 81 24 64 72 70 8 42 75 64 59 88 55 42 66 7 25 14 96 74 90 87 99 50 74 94 44 39 75 8 99 39 73 4 67 63 31 57 57 12 19 44 78 13 81 60 21 40 50 61 74 28 73 93 81 71 16 37 98 10 76 73 38 14 9 51 28 99 18 61 1 46 88 55 43 10 21 43 15 68 56 55 98 36 46 58 88 13 62 72 51 79 79 24 60 99 53 11 44 56 27 23 70 25 20 8 68 94 91 98 6 50 30 2 19 10 19 32 55 33 95 63 24 70 53 23 37 32 34 44 95 29 2 81 87 42 93 55 63 19 97 98 32 16 56 28 46 45 54 52 34 67 92 54 7 50 29 23 32 86 20 76 9 40 46 47 38 70 48 87 19 36 82 21 8 48 98 40 55 51 34 60 92 46 21 67 23 12 76 5 74 53 25 42 65 68 73 47 8 17 96 71 42 31 72 5 41 93 2 28 32 22 52 35 77 92 87 4 0 80 33 23 23 22 46 79 78 2 15 72 97 11 48 7 52 56 67 88 47 45 98 69 5 8 2 18 23 57 26 11 98 98 41 80 77 54 18 
97 4 63 61 69 5 59 82 93 78 70 68 25 22 42 76 70 86 20 68 72 29 88 12 23 78 9 93 86 76 44 61 64 25 6 63 21 72 41 84 43 35 26 19 95 52 28 65 49 10 50 26 69 64 87 69 99 95 55 53 51 42 94 85 82 8 24 90 1 86 57 58 21 56 88 20 60 48 35 50 7 36 37 22 83 10 34 53 65 84 44 68 60 45 74 18 49 56 94 49 13 11 58 55 63 74 40 32 52 67 11 68 12 99 23 34 83 48 86 38 36 3 91 62 8 95 73 91 21 80 22 53 29 79 84 10 92 50 11 61 52 21 80 44 6 61 9 62 15 10 24 23 44 20 88 3 7 7 22 55 86 19 99 51 26 4 73 54 58 98 97 12 34 50 89 22 5 60 19 70 85 64 6 83 89 17 93 56 8 85 91 39 18 63 60 93 41 5 38 83 36 95 4 16 13 25 32 63 38 90 26 58 58 77 79 33 3 62 97 57 80 78 59 33 19 3 28 1 55 20 18 36 34 17 44 43 83 27 14 32 9 96 12 65 78 92 20 40 6 80 71 99 94 65 41 85 25 80 83 57 66 21 59 89 13 36 55 43 4 95 7 50 58 29 87 98 82 10 88 9 89 3 57 45 50 28 28 50 33 71 34 77 65 90 5 28 72 81 36 9 15 32 48 77 36 88 34 67 53 81 10 61 36 34 92 38 48 26 5 89 31 3 99 36 10 29 75 46 35 59 11 65 51 34 97 44 88 42 35 84 96 83 81 79 59 97 8 11 13 88 66 3 92 74 8 49 6 1 86 32 7 80 0 65 85 31 86 38 81 52 66 39 84 83 88 7 42 6 71 49 58 81 22 84 8 85 19 75 17 4 50 64 47 49 12 47 35 98 84 14 
27 29 30 39 93 80 24 37 25 68 71 84 5 77 64 68 77 44 80 94 14 59 2 47 38 24 97 8 69 43 94 71 5 84 44 58 70 7 21 19 70 58 6 49 54 34 96 59 15 27 53 78 63 16 55 61 49 31 84 17 73 47 53 27 39 20 81 48 37 19 29 82 57 79 87 70 22 69 83 89 86 98 70 21 6 30 59 10 96 69 54 97 76 87 13 91 41 89 97 66 87 46 65 23 13 51 10 9 18 68 87 47 79 99 75 31 37 17 4 83 12 27 23 64 84 79 87 66 71 35 55 12 74 8 35 79 31 81 75 87 41 74 48 59 28 59 52 33 2 91 15 51 25 75 57 12 78 2 17 88 49 21 18 26 37 3 23 19 30 90 41 93 20 18 58 41 65 90 49 98 49 90 1 76 73 30 44 33 35 64 51 27 23 26 90 95 15 66 58 69 25 32 25 39 94 80 68 14 66 7 42 53 22 87 69 29 66 6 35 33 9 74 52 15 22 60 49 25 96 27 4 55 95 39 70 38 89 19 64 76 73 90 56 47 7 10 8 17 66 60 84 92 85 90 86 37 59 10 4 59 34 28 6 12 34 60 83 26 11 38 27 81 7 11 56 37 29 58 90 58 9 57 38 9 52 82 87 90 39 21 38 75 35 1 11 22 10 64 2 35 61 58 5 33 33 81 65 21 32 91 10 18 23 60 84 31 35 50 67 96 21 20 4 35 25 32 1 39 85 51 29 40 63 49 6 60 79 21 41 46 61 16 35 93 80 31 58 23 76 35 85 43 63 61 12 17 27 85 60 79 70 33 65 0 92 68 46 15 64 96 86 90 36 18 87 40 37 13 50 29 62 51 24 93 38 47 38 11 30 97 12 91 84 30 43 5 23 70 16 81 
85 16 67 12 19 29 38 49 90 16 94 5 10 84 97 24 85 23 59 52 76 14 78 15 30 79 70 7 9 50 83 15 95 96 64 87 18 68 8 92 81 11 62 83 56 68 61 63 86 43 63 66 69 30 58 86 68 31 21 91 86 70 20 64 93 19 98 72 22 46 54 61 69 7 3 24 88 31 30 57 33 16 37 89 19 46 76 42 91 17 1 9 74 32 58 45 84 44 51 45 97 58 17 11 65 87 85 78 27 93 30 56 51 53 26 29 40 44 79 96 53 42 48 13 99 97 68 17 33 78 29 78 24 76 87 92 13 85 92 18 36 73 16 82 21 85 96 38 85 22 69 44 10 45 87 17 37 53 7 91 54 35 58 5 42 53 62 59 34 59 43 38 86 12 12 63 5 83 87 84 5 59 28 84 75 20 11 56 99 47 76 86 72 74 59 77 15 30 4 9 32 2 46 78 29 57 88 49 83 39 11 3 68 73 6 57 43 18 89 67 10 57 73 72 71 59 51 29 54 60 72 17 31 68 24 56 60 67 62 90 52 7 74 67 14 84 38 78 82 80 23 78 2 43 42 62 39 34 26 99 23 66 97 96 76 2 82 64 26 1 44 91 6 21 44 22 67 48 52 35 36 1 69 29 32 2 24 36 16 66 63 83 94 57 77 90 77 31 93 46 74 56 39 43 82 11 77 50 72 20 79 14 96 8 91 7 73 10 34 51 52 27 60 29 28 2 64 68 92 16 82 84 76 63 37 4 80 21 51 84 95 83 9 73 61 35 87 23 6 15 68 5 78 44 98 59 9 61 86 14 20 23 85 92 0 11 61 47 90 64 44 75 14 26 57 42 5 68 35 19 98 29 78 76 50 13 66 61 37 97 18 98 26 46 81 2 78 32 68 69 
31 30 33 45 69 54 43 4 11 71 23 9 26 7 83 55 33 72 95 94 63 25 34 51 13 68 9 51 35 6 61 35 55 76 50 19 9 53 68 91 14 71 18 32 91 38 21 94 39 25 17 52 83 93 98 97 18 37 21 92 40 58 11 68 72 21 47 17 86 83 50 33 12 63 18 85 16 34 53 33 78 5 12 17 30 58 21 4 31 48 60 86 44 70 40 92 92 99 51 16 47 9 31 79 1 37 98 55 50 78 38 26 55 81 73 90 24 82 79 44 22 22 10 31 14 96 26 63 38 14 34 77 63 11 20 90 41 84 24 92 55 61 80 74 27 56 97 75 45 70 77 2 85 45 79 61 85 18 75 36 12 14 49 84 96 53 96 9 55 42 78 67 63 25 9 57 87 84 10 33 6 9 28 31 13 40 67 80 79 56 19 82 31 21 71 2 32 19 67 8 87 5 24 40 17 4 16 84 27 62 72 69 41 14 26 51 68 72 72 53 70 93 33 70 3 70 24 76 18 80 87 84 29 93 92 22 52 14 25 76 62 16 79 41 8 36 4 78 2 76 23 18 16 61 20 69 87 74 94 4 60 14 27 57 24 44 57 96 48 44 81 95 34 19 15 2 49 80 45 47 57 97 15 74 30 12 92 82 56 73 96 31 61 47 99 17 29 43 16 16 70 80 10 98 94 78 98 72 31 19 67 27 93 43 75 18 22 7 28 22 85 43 94 12 45 61 5 38 28 81 43 75 79 93 54 92 41 76 34 15 88 26 64 90 82 24 43 40 57 74 56 25 85 61 69 64 96 49 39 71 57 23 31 68 11 0 90 28 75 94 78 75 60 18 42 94 48 85 97 76 95 86 63 57 99 61 80 99 5 9 62 15 96 92 7 82 94 16 10 34 
65 67 72 44 17 31 94 52 70 4 82 78 37 22 55 59 27 22 61 48 43 36 81 76 21 79 65 90 13 70 73 9 7 43 92 36 57 31 62 11 2 43 58 12 20 73 81 30 56 61 40 95 15 74 12 10 54 13 94 72 90 78 75 80 70 17 48 5 30 16 79 7 68 51 24 22 70 81 76 37 87 7 84 14 40 8 13 44 5 63 20 79 69 80 7 60 57 93 57 19 76 73 40 82 54 55 65 66 76 73 2 75 25 72 72 32 57 68 13 54 75 44 43 30 94 40 81 44 72 52 1 75 22 61 71 23 55 7 71 91 36 42 92 54 74 13 57 31 16 9 57 40 92 76 55 54 79 82 55 32 34 89 4 93 8 41 35 12 48 88 86 39 23 42 13 32 20 81 53 11 46 11 67 16 98 1 40 74 67 20 3 69 54 46 96 93 23 31 58 2 37 43 70 39 24 91 8 65 51 12 85 76 75 8 69 23 47 38 41 23 46 32 26 7 20 60 42 80 97 41 31 31 38 41 16 94 58 18 10 66 56 93 55 77 4 91 77 7 7 37 62 15 7 20 3 40 19 60 68 35 90 37 37 77 93 42 7 33 1 62 99 94 79 54 89 6 47 39 85 31 50 42 64 40 75 99 49 87 18 57 88 14 51 56 9 66 70 22 41 56 36 22 97 10 96 69 9 96 68 89 66 34 50 62 75 10 58 52 47 61 63 34 65 73 39 43 88 11 26 63 15 98 63 34 40 40 53 54 18 99 84 3 17 22 92 73 15 88 94 3 69 65 18 22 26 41 26 74 67 58 51 22 86 46 61 90 0 31 45 96 63 72 55 63 67 44 24 89 82 74 65 79 87 79 4 12 31 77 87 52 94 40 98 71 9 11 33 15 78 49 
23 62 61 8 79 22 90 49 16 48 29 15 90 15 88 67 1 80 54 88 81 30 16 65 67 29 90 17 39 19 51 29 34 48 14 98 68 47 90 43 57 60 75 72 70 31 63 62 26 69 97 80 91 67 81 98 99 88 66 25 58 15 31 88 8 28 98 98 7 11 95 82 49 90 74 43 94 77 52 44 18 63 62 18 45 1 56 49 18 2 5 45 61 53 28 33 22 31 43 82 62 33 90 36 90 99 12 55 49 61 87 38 75 6 6 22 92 70 13 8 23 31 33 33 26 93 98 53 43 8 80 53 16 56 70 29 54 12 93 61 31 13 27 47 75 37 76 96 93 72 99 51 81 24 19 25 24 24 73 13 77 25 80 18 78 76 33 32 83 27 26 1 85 91 60 35 3 82 95 63 74 55 55 35 8 86 37 2 3 88 17 92 86 24 39 19 6 65 10 74 80 80 52 22 57 37 68 90 9 63 11 56 53 62 45 99 93 56 67 82 42 86 52 97 68 75 64 42 73 56 63 63 63 55 69 8 23 41 35 18 29 22 88 8 24 12 93 78 36 19 80 79 54 96 66 61 79 76 80 12 72 17 67 15 25 46 11 50 37 83 11 1 26 56 75 98 73 74 77 99 67 62 87 77 26 95 75 29 98 80 93 92 38 1 77 58 10 7 64 34 73 19 51 75 45 36 56 15 9 25 65 55 13 94 47 90 3 70 76 45 27 68 99 34 32 7 89 66 86 78 22 12 58 45 22 39 59 16 90 34 69 27 78 22 96 6 89 92 88 23 55 36 2 39 15 52 70 16 91 1 6 46 38 15 47 28 31 0 54 50 7 47 17 67 98 81 21 53 26 38 18 98 1 19 15 91 10 5 54 12 59 79 10 57 8 24 7 62 53 15 
99 84 94 63 60 28 82 4 47 43 98 14 81 42 40 16 75 98 14 41 32 43 48 88 53 65 28 65 37 99 25 37 12 51 23 62 18 42 97 39 5 5 2 8 62 53 93 75 49 92 16 68 44 80 36 32 55 75 50 68 56 95 87 47 15 76 46 46 68 63 39 96 33 18 5 86 70 54 96 10 17 24 59 79 81 72 7 98 68 27 69 60 23 81 35 71 6 80 16 74 13 84 50 85 25 84 1 59 20 20 36 30 21 41 94 60 85 61 1 52 80 45 95 65 13 50 21 9 32 66 52 66 56 26 27 6 65 91 18 50 82 56 23 83 85 60 88 40 17 66 35 77 56 74 84 73 69 48 21 84 98 40 95 55 58 8 74 9 59 94 83 44 99 6 84 70 3 14 54 52 70 82 81 88 81 42 59 77 78 54 78 32 76 95 43 39 2 74 53 25 42 22 86 95 54 16 38 2 10 48 95 38 37 19 41 65 29 38 46 88 27 53 77 47 83 48 12 66 8 53 78 47 50 60 2 83 82 75 96 62 37 78 96 31 72 84 1 55 50 83 65 49 89 86 12 94 37 87 48 34 40 95 28 70 42 11 65 60 65 82 11 74 33 81 31 81 23 59 24 55 84 61 10 35 20 63 63 12 88 72 15 87 17 29 31 17 76 96 71 59 75 98 74 51 20 84 3 34 78 29 70 59 55 62 65 14 36 44 40 95 16 24 93 11 65 85 9 7 83 8 33 1 19 70 86 20 42 74 9 60 60 38 6 67 17 20 5 49 89 21 25 55 37 95 7 55 92 74 27 99 2 79 81 64 90 75 45 54 0 57 44 44 66 54 53 44 23 87 68 12 41 90 79 97 66 75 91 15 44 48 68 34 61 77 3 21 61 94 5 65 
53 97 73 57 57 6 97 89 30 2 74 99 53 66 72 92 20 48 31 18 47 8 78 30 16 85 63 43 34 97 15 79 43 74 49 90 28 12 41 36 93 86 60 81 22 21 48 43 44 20 53 35 73 39 55 32 33 97 75 89 36 38 69 47 42 56 56 56 42 89 18 61 83 10 32 76 45 65 48 62 60 35 79 23 27 15 36 92 70 76 25 83 80 82 13 17 24 84 11 45 93 66 30 15 3 52 91 93 79 62 73 55 57 34 19 76 48 31 21 63 43 8 41 42 44 56 56 85 14 71 46 95 20 13 5 92 13 67 43 35 95 9 64 97 2 66 51 36 89 43 47 67 45 41 79 31 90 65 52 51 49 36 63 93 25 48 57 75 67 35 21 12 69 79 3 84 88 64 28 41 13 32 38 76 47 81 77 49 4 61 94 75 64 9 78 16 89 71 89 3 21 60 2 17 63 13 7 36 15 52 60 40 3 8 37 21 46 35 98 85 9 67 87 79 63 68 5 37 83 29 4 30 48 23 33 76 88 97 76 45 69 1 62 16 91 14 72 2 42 75 47 49 95 48 96 29 21 74 74 5 87 36 38 56 60 70 29 74 77 85 21 87 6 74 98 22 96 22 29 98 43 8 93 99 88 95 33 57 95 53 78 24 80 34 20 34 53 75 26 52 50 67 92 16 23 25 59 91 87 17 43 14 24 34 67 23 65 54 39 98 91 45 57 53 22 13 71 80 39 23 19 38 57 17 38 42 83 34 34 15 38 90 78 73 84 66 2 42 33 5 59 89 51 45 32 78 37 19 10 54 46 78 52 96 64 94 96 50 57 0 93 1 18 41 64 60 21 44 56 91 21 41 82 96 73 20 97 4 43 70 24 64 49 51 93 66 58 88 79 43 
4 59 28 97 45 36 27 58 45 82 58 7 70 79 37 27 45 60 29 37 71 66 74 64 3 44 80 93 93 22 23 6 12 86 81 51 36 16 26 26 32 64 46 73 59 20 87 99 33 41 89 26 25 91 41 19 70 41 17 56 4 87 41 29 22 38 82 81 11 78 38 97 19 91 98 55 46 4 54 38 1 35 48 23 74 82 57 28 66 5 86 6 56 73 99 95 55 77 46 59 93 24 18 88 10 55 56 82 51 95 6 8 21 99 29 32 66 34 63 53 70 30 59 35 47 69 62 96 5 7 98 48 14 70 77 82 36 91 47 7 45 57 2 62 88 58 13 45 94 22 38 19 95 36 25 52 50 91 90 62 55 54 42 63 56 83 42 63 17 2 58 15 28 31 38 5 71 22 15 58 19 2 38 87 66 93 31 43 21 47 43 22 80 6 37 74 11 14 1 28 39 61 91 55 62 76 8 84 74 16 83 29 33 12 74 3 3 39 86 5 39 24 33 92 13 29 11 48 95 31 33 37 47 48 2 64 2 27 85 83 27 22 61 2 7 87 55 99 56 74 73 22 67 82 66 28 2 85 7 71 6 11 98 34 63 91 23 4 7 49 61 30 62 19 22 97 43 70 33 87 32 39 71 56 11 22 32 95 49 42 69 60 70 44 60 21 17 73 72 35 40 40 40 25 19 82 7 14 30 89 82 14 70 6 38 23 81 7 43 90 89 63 29 68 8 93 29 94 2 70 5 24 46 33 25 47 55 22 6 66 58 50 43 62 2 12 98 10 10 25 43 22 75 87 66 93 29 90 77 68 40 2 66 86 44 78 63 7 44 93 0 77 61 87 55 29 33 38 16 83 63 50 99 64 4 70 46 35 32 32 69 23 60 94 3 60 60 6 66 81 
71 83 98 94 36 73 47 17 20 48 51 96 55 69 40 25 29 72 3 48 30 79 38 67 42 50 81 15 80 54 29 30 55 68 97 23 57 94 72 21 61 8 2 74 60 48 60 85 14 40 49 22 4 13 24 84 20 68 90 87 67 60 44 16 41 7 72 22 19 22 3 2 64 20 8 10 49 1 55 57 91 93 92 10 7 29 2 1 53 12 87 68 71 8 13 95 85 6 12 63 96 64 53 3 20 11 40 22 41 79 48 46 80 69 9 15 20 15 97 41 37 10 20 99 27 11 26 5 7 14 4 10 27 21 40 59 79 83 17 35 77 33 42 10 68 67 16 33 19 7 85 76 44 39 36 45 90 19 27 14 31 90 59 16 65 7 41 58 57 2 46 94 40 76 15 40 63 51 59 57 24 5 25 22 45 80 85 44 33 56 68 20 33 76 23 34 49 99 3 82 14 55 35 41 14 13 93 21 2 1 32 65 81 8 75 86 17 30 47 87 52 86 37 42 31 7 40 59 32 81 80 53 60 38 38 31 10 53 7 89 43 21 78 4 90 18 58 38 32 86 79 6 48 25 59 22 62 56 13 9 10 24 26 57 73 57 53 85 48 58 22 80 90 54 35 14 62 81 87 64 85 29 32 12 73 46 10 91 15 35 21 36 43 68 40 20 45 31 75 13 45 15 33 13 34 33 9 10 32 90 37 78 43 68 23 57 6 95 44 16 69 95 31 18 69 76 85 74 30 91 15 89 82 34 10 51 34 11 50 80 27 94 8 85 15 65 69 91 10 97 42 77 48 41 77 4 10 30 43 72 2 15 39 90 75 75 72 47 44 1 77 0 78 71 56 24 1 85 70 34 91 56 27 10 81 90 11 61 91 95 89 68 30 20 50 88 44 41 49 90 
13 35 94 53 40 83 19 88 84 17 21 69 26 39 71 6 4 64 76 52 18 43 25 8 58 77 69 99 53 33 46 12 93 38 70 40 16 17 28 35 61 83 9 34 2 40 38 89 15 81 55 78 11 34 55 14 19 96 91 40 5 62 14 60 67 41 91 81 8 64 42 10 57 79 82 15 86 23 26 88 90 15 21 64 63 60 26 60 52 59 13 90 32 53 85 84 95 1 13 40 84 67 28 79 32 11 26 14 82 46 46 48 72 84 85 23 89 77 93 38 98 71 13 49 65 23 29 75 8 48 20 40 6 94 82 56 49 18 12 60 41 57 96 30 75 87 88 36 89 5 97 53 4 34 4 33 78 35 77 43 26 89 73 9 30 21 67 54 17 59 66 6 57 80 76 15 92 19 49 93 56 67 3 30 75 23 83 78 18 89 96 24 29 17 53 86 23 42 52 91 72 81 6 44 76 92 52 73 77 44 82 31 27 79 75 21 26 87 86 15 20 49 29 87 37 56 10 4 32 33 48 44 62 8 36 61 98 77 57 13 54 46 58 82 43 16 27 88 99 78 28 85 16 75 65 53 61 42 3 16 17 66 51 12 11 25 77 13 32 17 21 19 18 66 14 64 8 75 67 24 19 50 64 5 84 43 40 57 6 8 2 26 99 49 33 7 86 75 80 26 47 40 34 56 52 55 20 66 50 15 58 75 24 94 8 14 53 44 37 33 85 85 39 28 32 15 74 52 60 67 70 5 27 78 93 14 59 74 53 55 98 59 37 39 49 99 51 12 17 47 16 91 19 48 88 96 49 92 58 55 46 72 84 36 14 60 55 17 66 18 61 78 0 39 80 17 32 13 42 88 99 96 26 31 32 69 22 57 92 25 45 66 1 18 77 88 58 17 63 54 
40 31 69 25 62 49 25 64 75 69 30 98 42 92 17 27 53 36 93 26 48 24 26 1 2 55 68 43 31 42 37 15 45 20 16 10 52 21 78 27 89 85 47 24 76 55 62 58 19 27 9 43 47 91 51 28 30 80 2 3 53 33 70 2 38 52 26 41 32 22 36 95 20 94 11 13 30 38 30 40 52 97 50 54 49 87 58 92 36 96 81 14 92 91 75 62 47 79 51 74 95 63 20 80 96 69 8 24 86 23 19 75 10 83 58 98 64 72 59 9 63 39 34 46 46 86 3 26 66 55 63 31 5 81 98 42 75 84 69 90 23 49 53 73 63 62 98 66 82 66 72 18 34 10 83 23 93 46 64 95 31 78 35 35 49 90 47 39 71 65 79 80 26 22 1 77 18 11 13 67 61 28 26 87 27 46 30 56 72 52 14 98 66 36 13 73 59 38 30 82 90 82 68 29 3 76 46 40 87 17 73 25 99 99 9 1 2 63 40 85 91 59 39 29 85 81 99 62 68 14 78 67 80 99 71 66 93 43 74 28 48 42 8 87 71 27 57 6 38 32 63 61 55 36 58 46 70 22 31 89 9 59 55 20 13 33 15 6 96 59 64 13 42 99 96 98 61 52 54 69 80 53 92 98 21 32 51 99 25 17 15 11 62 78 88 33 66 91 29 43 68 14 5 1 36 46 32 61 82 40 89 85 19 50 57 26 17 87 60 28 71 29 79 11 1 79 22 29 46 93 91 26 98 35 62 20 36 49 60 23 38 15 78 71 88 56 75 72 93 88 50 24 7 3 17 45 19 2 42 4 95 97 83 18 26 18 63 67 54 41 87 71 39 0 40 68 6 55 99 98 16 68 1 54 28 28 21 61 68 19 10 15 49 22 98 72 50 24 20 1 
84 58 39 44 33 52 40 87 80 22 33 87 19 54 11 45 93 30 44 76 38 25 5 18 98 24 92 44 6 97 79 57 59 28 5 44 20 10 66 70 90 22 17 96 93 81 2 92 35 75 76 67 97 54 4 91 78 52 89 53 51 86 48 73 62 63 22 26 87 85 28 43 98 63 1 69 2 66 86 44 6 2 30 76 73 93 4 1 65 8 54 74 14 3 99 22 42 10 32 36 33 72 50 76 93 14 29 95 6 67 76 38 64 91 3 61 43 74 85 46 27 65 99 94 53 88 83 24 79 85 7 79 68 41 32 79 48 75 40 53 36 97 18 50 71 91 62 15 96 50 37 45 6 92 51 51 36 40 50 18 59 29 98 33 92 99 10 53 73 94 79 80 35 41 71 40 77 79 71 27 72 32 49 32 57 77 89 62 45 39 23 41 33 87 19 53 91 34 66 65 50 94 19 80 95 39 16 56 72 45 36 52 26 65 91 81 84 70 69 86 2 17 29 26 11 26 27 93 11 70 99 29 92 98 8 85 30 31 77 42 59 67 97 58 86 42 51 22 95 29 34 18 68 52 7 50 93 18 7 6 26 31 35 55 69 68 13 32 99 40 12 11 71 80 1 42 18 24 38 6 4 61 53 95 26 26 46 38 20 25 61 32 63 40 81 8 91 81 55 30 75 42 55 38 21 39 37 99 79 35 94 62 27 56 37 41 52 81 96 25 92 84 15 71 64 90 83 61 84 4 48 74 76 73 48 1 6 21 56 46 62 24 23 7 9 89 91 48 4 45 79 70 67 61 96 50 82 74 17 54 1 11 88 87 57 42 67 98 53 64 55 56 80 40 0 86 31 11 3 70 53 19 6 56 22 71 2 50 87 73 3 5 9 12 35 35 59 74 2 38 
49 97 61 52 68 95 76 22 45 62 44 29 12 81 26 94 58 54 30 87 13 27 16 46 63 4 82 41 73 28 29 20 21 90 77 14 21 20 36 31 50 72 4 58 19 63 57 30 67 70 3 91 80 89 34 49 74 53 82 14 44 75 4 41 12 51 72 19 57 6 45 28 75 66 29 45 59 31 16 73 3 8 54 13 13 34 74 32 72 76 91 99 50 90 84 19 42 21 26 85 48 48 84 68 63 60 18 1 9 51 39 44 54 38 50 27 91 51 14 25 91 48 44 27 30 75 32 84 22 38 78 74 14 1 2 71 39 87 38 17 27 70 9 37 37 91 13 50 10 94 48 89 17 37 53 13 53 3 21 35 83 9 22 83 50 16 69 90 76 31 16 19 63 45 27 28 72 61 55 37 94 31 34 44 89 40 19 96 37 65 25 63 84 39 27 86 83 20 46 53 92 63 15 91 7 96 30 73 52 22 11 41 16 20 47 78 90 74 65 50 36 75 89 85 89 72 62 35 33 16 51 58 58 37 42 26 66 29 73 93 50 5 33 50 47 89 88 19 75 65 74 72 92 19 8 98 12 85 66 60 43 66 65 62 90 92 56 85 75 67 72 60 45 1 31 80 43 57 23 36 33 69 85 63 31 84 3 77 91 35 7 37 81 16 57 82 52 24 78 40 86 17 23 99 65 57 24 60 62 23 80 72 77 50 18 2 87 45 90 20 49 73 24 80 71 67 17 27 5 75 53 79 78 66 53 85 3 50 43 12 6 93 38 18 3 78 95 93 58 78 61 85 63 88 53 23 46 28 22 97 53 48 7 40 42 94 44 81 44 60 29 24 17 68 86 0 66 15 90 15 53 94 16 53 79 38 6 47 84 27 30 39 93 76 15 92 25 63 12 76 
62 50 98 11 54 25 40 34 99 30 92 74 81 95 48 81 9 35 91 66 62 15 95 61 46 79 67 88 67 28 47 3 51 58 69 95 19 55 56 69 81 63 88 31 90 72 27 22 98 45 10 16 49 12 39 77 92 97 89 47 64 23 62 96 75 3 84 71 84 21 65 28 57 84 64 60 90 54 4 78 74 31 16 22 65 87 79 35 33 28 91 67 5 68 11 48 37 37 71 37 26 90 51 56 37 31 37 37 26 5 67 5 65 96 90 60 98 39 79 85 51 94 93 90 5 97 2 44 73 19 15 69 86 96 11 54 35 29 18 89 4 57 83 47 34 31 16 25 19 37 60 28 68 72 23 77 4 27 52 43 49 32 49 78 66 71 29 45 16 74 29 17 66 86 61 58 78 59 67 50 87 37 21 87 1 24 55 69 60 85 92 34 99 23 71 17 75 63 16 40 78 43 64 61 10 90 81 55 79 86 38 48 96 68 58 56 77 63 95 38 74 32 58 5 20 71 35 87 97 58 55 47 69 88 93 63 1 57 83 91 38 37 45 89 52 90 62 90 43 91 34 85 66 39 74 32 73 27 47 86 97 52 55 25 41 75 13 32 10 7 98 61 44 5 4 66 24 52 48 81 12 29 56 55 77 82 70 60 26 35 42 2 97 56 79 63 93 51 68 54 1 60 55 11 32 90 41 20 62 98 68 81 13 95 92 23 90 35 89 93 46 93 79 6 76 19 24 86 50 44 48 12 23 2 55 64 83 74 66 37 65 17 85 84 96 30 79 60 93 62 47 45 9 89 94 88 89 51 57 58 98 7 42 37 5 48 24 21 23 21 33 1 32 6 31 66 0 54 80 49 94 50 68 33 94 16 82 76 45 54 52 22 3 32 1 68 37 11 51 25 
71 47 10 95 63 77 7 95 13 45 48 35 4 13 12 82 62 14 80 12 61 74 55 11 44 74 74 87 66 76 16 97 35 81 86 67 9 21 62 88 50 18 96 13 65 85 95 66 49 1 36 21 37 51 88 77 40 60 52 98 85 38 95 50 90 4 51 66 59 67 18 91 1 78 66 64 29 8 75 75 20 3 87 48 7 49 58 12 35 45 71 12 32 52 60 35 82 18 72 58 96 93 8 46 45 75 6 69 44 25 4 21 22 11 24 59 61 62 47 38 56 36 7 65 93 93 24 17 42 54 55 2 71 5 61 59 20 14 66 8 30 24 37 31 10 54 41 69 91 54 3 46 50 34 14 65 29 29 86 22 28 63 27 64 42 92 83 40 76 63 59 97 50 47 42 81 81 62 96 92 47 33 27 10 38 52 71 50 29 40 33 17 36 80 75 18 40 47 26 3 57 61 47 84 40 76 41 4 27 35 88 14 10 47 31 39 53 88 87 18 42 96 59 28 21 69 70 61 24 51 82 18 52 6 1 29 67 97 6 70 77 28 48 89 5 70 14 74 19 15 91 9 33 93 40 21 25 48 37 95 50 20 30 2 65 9 3 67 37 35 97 85 27 19 29 35 74 72 91 31 20 36 30 26 25 65 26 40 64 91 70 88 58 68 58 20 8 37 33 13 39 51 69 47 71 48 33 57 79 89 77 71 50 81 15 35 87 82 17 27 84 30 68 85 7 92 60 54 30 93 41 73 26 19 76 32 41 41 95 76 60 75 85 54 39 37 43 74 83 83 96 8 1 70 44 59 6 69 13 80 85 52 6 13 68 85 89 53 87 44 38 85 13 55 11 15 54 0 16 40 18 36 6 9 30 79 96 46 8 84 93 23 81 30 53 35 82 86 39 12 
14 84 68 50 76 41 69 32 87 97 47 84 2 90 79 68 11 70 48 91 33 47 26 39 4 85 10 51 28 97 71 55 72 4 83 78 73 61 53 51 19 50 93 90 65 24 10 9 64 21 35 33 90 32 1 7 50 82 42 40 48 43 23 51 42 75 87 86 55 85 31 93 69 63 93 34 94 71 38 28 87 3 94 32 50 42 45 81 80 84 1 23 29 46 30 12 64 36 34 75 82 40 18 35 37 64 35 60 52 37 63 83 75 57 52 75 4 62 36 51 28 25 9 99 7 91 46 91 3 25 68 70 35 72 25 91 77 22 94 10 5 97 25 9 24 70 57 49 74 81 51 86 14 46 87 89 53 1 82 94 39 13 13 63 22 71 26 82 26 36 69 6 50 97 93 13 20 49 15 34 71 59 81 11 49 32 34 42 50 18 45 9 34 50 25 60 50 7 61 32 27 98 68 87 79 16 3 24 91 2 51 46 30 20 6 75 62 21 6 18 4 40 81 8 94 74 81 41 64 42 72 62 4 70 39 64 82 41 30 12 53 28 65 45 98 38 53 21 81 96 68 3 39 73 44 9 57 35 97 50 62 81 20 21 80 55 3 13 41 86 16 42 72 60 61 32 94 40 75 94 6 18 43 70 69 40 17 59 24 48 38 61 45 82 13 84 30 15 65 59 61 45 58 98 25 53 12 15 51 80 94 83 18 41 58 76 70 59 5 72 69 37 94 23 54 3 26 18 8 59 52 7 34 89 41 51 38 79 25 87 63 83 76 56 1 10 69 24 81 21 75 70 96 33 77 69 55 22 22 69 40 56 71 50 35 97 82 26 68 56 16 70 42 99 3 90 80 16 0 82 49 60 4 60 23 74 55 26 3 18 96 73 32 90 23 90 20 39 53 22 
37 42 79 19 9 86 40 69 78 67 58 59 18 78 64 58 20 48 35 17 58 15 33 53 48 55 82 27 72 22 38 60 4 1 86 98 90 99 34 90 12 20 39 10 93 68 93 95 25 64 46 59 13 94 19 83 17 89 60 68 97 69 56 91 86 89 28 69 31 41 72 54 56 77 70 35 78 19 6 84 56 68 51 53 19 72 46 41 44 34 46 45 74 50 24 51 33 87 54 64 14 44 66 95 51 34 26 28 51 69 96 38 53 68 48 15 50 1 44 64 68 83 1 51 32 24 90 81 5 91 50 14 81 55 81 51 11 63 47 8 8 53 25 12 55 71 18 61 13 29 51 21 69 17 23 5 66 26 45 24 34 10 20 51 56 90 59 41 26 7 49 63 22 35 86 44 9 37 16 20 3 18 80 82 35 39 77 64 83 41 27 36 47 79 48 30 47 6 86 47 22 84 49 99 54 39 99 2 71 34 5 93 8 77 11 3 27 35 52 56 22 60 31 91 5 86 53 47 39 69 27 44 63 39 45 21 80 94 52 19 34 29 95 16 77 75 9 61 11 67 35 47 29 47 62 77 91 37 48 65 92 68 88 71 43 7 42 14 3 78 95 40 88 38 81 70 26 2 46 27 92 82 75 38 29 94 8 42 27 25 38 28 51 94 95 42 47 26 52 58 87 21 54 74 95 43 99 54 99 53 50 62 81 16 46 5 32 17 82 58 56 54 18 45 57 26 37 49 29 40 92 43 93 63 74 5 22 34 30 17 63 10 74 3 57 21 67 11 98 68 37 82 44 20 19 37 11 67 75 78 79 67 49 29 19 76 74 38 12 91 83 34 88 98 70 15 49 40 82 0 25 9 86 50 93 79 62 83 35 30 87 92 31 6 89 38 44 33 2 93 
24 21 64 11 35 29 47 39 50 35 80 49 51 61 44 66 28 91 29 90 33 36 48 10 88 79 11 92 26 22 31 30 68 88 75 94 13 80 99 1 68 94 45 84 2 13 35 40 23 84 99 70 35 98 69 79 33 44 78 8 63 89 27 14 22 93 10 2 34 66 52 51 40 15 6 1 88 33 54 29 30 50 67 67 82 43 73 19 32 20 86 68 20 78 77 1 1 85 83 74 97 22 19 34 51 77 78 14 46 58 1 39 46 37 15 99 15 63 66 17 95 81 18 95 66 47 78 34 34 68 84 97 55 76 8 48 98 49 14 94 37 12 57 38 13 46 10 78 96 46 50 82 69 22 76 54 23 11 15 56 50 3 30 35 67 49 34 85 66 98 62 30 39 66 85 51 76 17 22 6 97 85 23 43 22 41 4 79 58 13 85 20 53 5 39 55 96 11 26 40 24 40 2 41 72 62 27 73 85 35 39 86 63 58 78 8 94 17 22 90 2 29 47 34 37 79 12 85 91 30 88 37 99 91 15 72 59 41 19 78 56 1 35 83 92 4 40 48 39 49 7 20 17 67 93 77 11 69 12 9 63 97 15 72 92 43 10 50 67 71 2 38 15 16 11 70 70 95 31 61 52 85 16 94 69 22 70 38 93 68 34 40 44 28 3 55 9 69 14 12 96 52 6 38 32 96 57 16 85 37 16 21 7 67 90 56 44 71 11 8 74 15 87 25 13 42 12 3 74 67 2 38 46 35 40 93 59 27 3 69 19 84 81 63 49 29 72 83 69 84 65 66 40 84 57 51 21 67 61 94 44 88 58 62 98 95 65 18 41 21 63 91 99 16 53 53 94 18 49 25 0 30 92 58 48 16 3 30 59 98 74 57 57 93 30 78 70 16 49 23 
23 41 21 62 34 41 22 72 32 89 2 10 91 58 94 1 99 6 10 73 86 22 8 13 5 30 57 11 57 81 76 7 79 15 32 80 18 83 27 16 22 29 86 79 57 13 60 62 87 47 45 66 5 97 22 74 49 91 42 50 79 75 36 29 11 67 1 99 37 76 88 55 70 97 78 36 44 34 62 72 34 21 25 97 28 65 68 62 70 19 75 62 20 82 84 81 99 69 44 75 38 62 73 70 68 66 10 98 50 20 73 44 43 4 14 52 51 61 94 24 77 91 1 20 49 72 18 97 31 74 53 17 60 7 77 28 41 83 45 50 93 94 9 79 5 5 33 36 96 28 20 3 43 40 69 73 85 89 25 89 99 37 73 46 10 39 96 31 13 99 6 16 23 58 45 50 16 14 82 43 71 25 11 79 12 36 83 33 65 11 17 62 91 45 76 55 26 91 75 37 23 39 59 20 86 55 15 34 24 59 36 85 3 55 33 8 31 4 81 60 87 14 50 65 87 5 46 99 19 48 35 56 10 82 80 21 23 97 33 53 54 92 30 42 97 96 32 70 51 25 41 76 94 32 20 23 90 37 86 81 29 5 76 29 51 12 15 50 33 35 14 51 54 30 79 67 10 30 42 18 93 48 90 87 71 97 99 35 15 23 59 30 1 71 60 88 29 73 9 8 73 33 61 28 32 21 65 94 43 8 85 47 11 62 45 24 20 73 30 54 11 96 43 12 73 82 20 55 99 81 50 36 37 16 35 25 69 23 3 21 67 81 2 93 12 9 40 54 30 81 5 20 12 97 1 52 34 95 24 96 13 47 81 51 29 86 79 98 90 41 50 56 96 68 19 94 50 36 60 9 30 0 31 99 84 37 53 88 80 58 66 62 11 56 92 28 76 29 40 93 
67 51 36 40 93 48 68 70 54 87 13 15 19 52 42 12 7 55 53 67 23 67 59 42 40 49 98 34 26 79 12 97 18 72 51 1 21 96 66 46 89 45 13 13 67 14 11 68 34 46 45 33 42 60 97 74 49 25 19 74 31 58 70 49 94 57 74 47 24 55 23 14 80 14 10 10 51 36 12 94 29 48 19 68 22 18 75 32 40 72 38 23 50 33 94 97 49 74 9 43 53 8 79 94 21 70 78 46 5 77 90 92 16 86 32 42 44 66 80 37 99 93 84 68 50 65 57 44 9 96 50 54 30 89 23 26 85 74 72 58 5 86 49 2 16 67 9 3 11 79 41 81 65 83 47 41 44 46 14 59 71 22 69 60 67 98 83 35 39 31 87 17 96 92 57 70 90 68 22 4 42 62 20 89 81 20 87 75 50 49 73 23 69 53 10 84 46 45 60 25 72 20 23 10 46 3 30 82 21 54 30 10 21 63 54 18 80 74 43 53 73 3 26 34 49 55 14 85 22 61 68 92 17 26 93 19 56 66 55 29 35 12 56 46 69 97 2 59 93 86 86 43 23 79 19 47 11 2 48 11 16 45 12 12 53 81 35 39 18 63 76 5 94 53 2 33 88 63 69 74 21 25 13 37 57 17 44 18 23 75 17 75 22 57 14 57 26 75 90 36 70 17 65 95 73 9 71 73 75 88 30 82 83 71 33 71 44 6 82 70 43 3 22 67 51 86 27 59 98 87 86 82 93 97 88 10 15 72 46 23 33 1 75 50 29 59 80 39 91 92 54 19 22 8 3 32 82 23 18 70 49 45 22 24 78 63 87 1 79 82 99 27 26 1 6 16 68 6 4 86 92 31 0 45 28 23 8 6 62 67 17 80 45 3 70 78 11 66 75 8 
93 5 56 7 26 24 74 54 88 78 40 32 46 15 24 34 36 98 25 32 10 79 47 24 69 41 85 67 37 45 21 73 63 84 10 9 41 59 55 40 86 68 9 67 62 88 13 78 50 63 94 46 73 24 91 54 37 66 56 21 51 84 96 30 8 51 41 61 66 80 40 22 78 96 94 85 68 87 7 57 95 28 3 11 8 91 33 18 23 60 84 2 48 58 64 60 15 25 13 7 22 86 44 78 14 97 38 88 42 74 49 1 57 62 69 67 90 38 58 39 82 11 93 74 80 20 6 98 94 88 26 82 86 69 52 4 78 50 3 80 21 82 77 12 58 89 32 70 90 46 57 65 98 15 6 57 84 39 21 37 35 23 36 86 55 52 64 6 22 25 99 84 69 51 52 70 83 70 70 42 18 17 65 39 94 81 41 78 6 6 6 98 27 28 13 51 6 13 94 87 10 69 96 68 70 6 18 5 15 88 30 55 8 24 4 76 28 21 77 33 72 39 72 46 52 52 47 18 19 36 29 54 28 68 36 90 7 3 24 63 75 44 75 11 36 23 95 32 99 97 93 23 55 4 18 73 57 19 21 21 53 15 55 40 59 96 31 23 23 21 14 44 88 60 77 84 71 51 80 63 66 55 91 85 6 27 26 34 87 15 39 2 57 35 91 91 76 25 56 51 13 2 75 61 13 95 16 12 33 97 86 42 19 78 38 9 58 64 90 40 35 47 97 73 49 96 87 69 86 30 44 67 12 94 10 14 89 30 42 28 21 76 5 82 79 30 20 80 73 76 97 18 16 75 71 55 58 52 87 89 41 98 84 93 76 57 79 19 97 96 64 10 31 54 56 53 33 9 60 50 58 99 45 0 40 67 12 77 47 79 61 17 44 74 10 66 62 75 70 59 
96 10 29 8 68 29 25 13 93 98 20 25 45 68 34 19 54 33 73 7 44 25 76 71 6 81 75 40 19 81 91 2 17 45 32 7 11 10 67 50 82 74 30 91 35 40 23 13 88 50 57 87 85 19 30 18 58 51 65 46 76 9 16 34 93 55 93 10 88 82 98 15 85 8 67 95 56 66 53 43 66 12 42 74 28 48 21 95 5 61 40 13 88 29 47 4 8 13 40 86 71 47 4 13 96 62 22 59 98 90 36 56 84 57 57 70 39 68 98 16 17 2 86 71 57 88 70 39 51 75 76 42 91 53 37 15 52 71 57 27 98 15 88 6 62 20 87 2 74 96 3 9 46 79 78 93 4 99 2 95 86 6 49 98 26 58 99 45 87 96 83 6 66 22 20 9 13 55 36 58 42 96 56 62 94 29 70 77 27 8 86 45 12 23 74 65 26 99 37 40 62 28 40 46 99 48 71 90 26 47 89 25 75 78 60 30 29 76 76 3 89 78 2 32 34 42 4 10 62 70 96 98 46 84 14 77 83 78 78 26 32 52 71 9 64 32 84 56 7 27 36 32 41 56 26 28 8 33 83 30 21 66 78 89 80 19 60 41 12 64 85 1 81 23 82 76 41 49 6 16 81 84 58 45 17 25 18 7 14 92 67 41 44 52 90 14 60 78 81 46 14 86 37 41 19 1 3 14 99 75 21 67 88 34 12 11 45 6 99 28 7 80 50 39 81 72 61 42 53 27 98 26 51 67 21 85 29 54 66 73 89 33 19 19 35 48 87 81 58 61 86 76 19 80 86 73 75 57 59 10 51 69 8 38 50 99 4 15 66 73 4 81 32 28 22 79 94 30 23 93 48 84 28 40 0 66 76 99 8 69 69 40 90 76 23 84 80 94 43 16 
54 1 46 80 2 85 72 97 79 39 56 25 49 49 89 61 9 13 89 14 70 85 62 58 72 87 41 37 27 8 86 46 87 58 64 52 22 52 62 13 87 99 16 81 34 99 88 33 19 47 35 4 33 58 98 37 90 96 37 73 14 9 21 19 50 48 27 25 56 40 33 96 21 6 75 24 50 22 34 29 84 58 55 36 9 40 72 25 25 4 52 51 9 47 11 6 10 74 11 15 46 36 38 2 98 71 99 27 39 90 70 20 8 64 49 55 38 31 70 97 33 45 93 22 56 8 6 23 89 86 21 1 69 7 1 63 71 83 30 91 24 66 50 55 66 91 14 89 66 1 37 98 51 86 71 38 89 71 9 93 50 4 25 75 29 12 94 26 95 79 33 48 50 92 34 79 57 84 54 82 4 6 94 33 12 99 74 50 38 45 86 97 72 40 78 79 19 48 11 86 20 25 8 38 62 9 37 67 27 38 83 44 82 85 52 26 97 52 70 50 36 86 33 41 82 93 45 19 17 56 47 90 61 89 54 29 80 66 57 57 57 78 74 96 82 98 41 76 35 6 39 11 36 36 23 91 72 21 64 64 11 67 36 26 5 34 98 24 82 57 2 39 15 27 18 77 86 22 38 82 77 82 53 43 23 64 99 9 6 36 60 89 20 62 61 21 89 60 43 54 35 87 19 83 71 67 88 61 87 85 88 98 94 8 45 6 59 4 20 1 18 96 49 81 35 59 19 16 57 5 91 97 91 39 24 63 23 67 24 34 85 3 40 88 21 66 9 60 75 61 41 11 6 29 80 22 1 46 74 11 68 5 85 47 13 61 12 91 75 20 70 90 69 28 71 38 16 79 74 79 16 37 23 67 66 0 71 85 7 48 82 49 82 21 35 76 33 15 14 44 
10 91 93 13 99 90 33 47 3 11 60 23 21 55 47 6 22 28 88 39 98 24 49 76 60 38 1 47 57 3 73 43 55 74 57 6 31 14 69 61 53 40 28 41 24 56 83 76 62 58 27 85 52 84 38 16 33 64 80 95 74 14 57 36 97 82 44 79 61 85 52 12 49 53 54 95 70 58 59 50 36 28 43 48 95 76 22 41 82 35 83 96 30 78 37 14 72 58 23 82 46 80 81 51 3 35 7 35 79 81 1 27 99 43 82 16 91 43 97 39 34 13 98 66 32 57 34 43 99 72 90 29 39 99 51 11 53 48 44 61 47 98 26 94 8 65 28 99 28 75 61 22 87 88 77 20 37 20 3 43 46 58 71 35 37 44 11 36 10 7 32 21 36 52 73 62 84 54 48 5 94 80 26 52 24 15 70 25 58 55 12 93 31 77 56 73 64 42 60 21 71 92 39 51 92 7 51 16 46 94 63 43 60 10 86 62 7 40 32 96 26 87 92 26 22 95 47 73 78 8 1 75 38 88 61 99 35 10 33 70 70 25 98 49 1 29 45 69 30 19 82 41 47 1 84 72 4 69 25 15 3 75 25 49 38 25 74 51 52 52 2 38 38 76 73 90 46 65 46 2 59 30 5 11 11 79 95 32 86 31 67 32 20 65 76 65 17 22 52 63 49 31 47 41 16 34 45 21 63 60 91 74 38 48 23 27 86 69 39 11 7 97 94 19 60 87 41 48 27 81 79 12 52 83 77 77 51 21 91 60 93 38 54 87 49 70 25 34 88 76 72 16 66 18 90 16 28 36 55 79 68 8 19 38 66 80 31 10 91 97 46 11 22 21 2 6 82 96 55 62 3 53 8 12 76 71 0 40 33 49 22 55 7 5 31 41 77 5 74 86 
42 22 57 1 9 38 13 41 70 22 58 75 92 10 26 6 87 92 1 86 39 10 68 24 8 2 45 54 57 46 45 82 65 26 28 99 39 10 37 25 40 1 41 1 59 46 99 57 79 81 1 80 79 88 49 57 37 24 54 85 55 77 34 10 41 76 56 73 99 41 39 18 55 48 48 51 51 45 34 36 25 90 10 19 76 47 38 51 22 4 18 70 27 17 21 62 60 22 86 86 55 44 10 75 9 34 19 63 16 67 98 60 84 31 69 98 61 62 97 6 98 21 61 97 26 2 92 57 7 72 58 99 45 51 5 98 98 90 57 35 32 51 23 23 47 97 53 47 23 57 37 32 19 72 79 51 46 83 40 44 63 22 53 36 61 54 63 51 83 57 39 25 53 80 24 45 95 69 59 98 38 70 37 7 35 74 22 80 71 9 43 23 88 47 64 69 17 6 59 21 25 43 50 87 35 45 64 96 69 94 80 71 70 77 57 34 67 74 37 9 68 87 77 98 53 24 63 73 69 61 40 64 97 32 48 16 19 76 63 20 51 65 98 84 70 77 13 91 44 42 3 10 52 24 89 61 43 52 74 83 80 46 22 18 53 91 71 85 43 69 53 54 11 32 20 34 52 45 85 8 40 36 44 11 92 17 68 1 51 47 82 82 11 16 45 64 44 16 57 67 14 31 61 37 73 5 25 27 69 99 64 12 13 15 26 5 31 58 2 76 82 19 19 39 13 12 90 60 26 1 7 21 85 91 62 68 44 66 53 92 54 40 18 38 12 93 99 6 9 98 41 16 58 95 23 54 91 13 73 41 66 2 75 11 61 99 77 5 15 4 35 61 57 61 50 47 76 46 26 83 30 88 6 77 99 85 40 0 24 46 69 22 85 86 44 59 51 72 31 30 
58 75 52 4 90 6 87 18 97 17 67 26 17 23 46 72 31 99 24 5 5 95 81 55 34 9 28 63 82 55 4 5 91 30 40 81 5 70 2 13 53 78 16 5 74 54 70 58 75 95 7 2 7 25 37 60 83 87 44 49 30 43 77 87 42 23 17 84 24 77 32 61 81 59 4 64 78 71 18 60 17 32 75 3 32 81 54 32 74 88 64 31 99 89 77 14 55 10 9 5 45 18 65 46 52 3 17 72 57 63 87 88 67 21 51 92 73 43 21 88 94 23 48 54 36 65 31 65 16 41 88 49 34 90 24 90 70 16 28 40 22 16 54 79 64 16 61 26 55 95 77 75 46 45 48 83 49 51 3 50 10 62 40 37 80 89 98 44 43 35 65 88 73 26 80 94 48 26 78 1 73 57 43 67 11 65 48 70 67 76 7 37 25 56 20 29 40 75 69 44 60 82 12 11 59 96 29 58 25 86 68 23 12 30 98 93 31 13 74 97 40 1 66 43 30 33 63 68 29 31 68 54 71 99 3 26 49 88 35 80 9 7 15 83 82 84 33 7 56 69 67 29 67 67 88 62 40 87 30 32 92 66 49 17 88 88 9 78 64 92 41 12 18 81 90 69 24 76 73 88 31 46 82 40 68 87 93 76 7 1 47 2 6 7 82 75 19 64 18 77 3 67 89 72 4 25 91 79 30 47 17 99 31 74 2 42 37 49 91 35 8 70 53 39 4 54 31 82 65 81 16 77 97 13 29 8 76 17 55 29 54 9 8 78 81 29 94 10 94 71 35 15 15 3 4 35 47 19 12 48 81 18 17 30 37 5 87 54 44 43 32 91 92 68 87 84 45 8 3 35 59 80 62 47 8 7 33 24 0 20 73 77 57 21 2 30 77 59 37 3 
89 22 5 52 28 24 66 94 23 79 89 20 36 34 31 15 96 70 17 30 38 47 5 91 58 48 24 40 28 66 31 56 23 64 99 29 68 92 4 7 14 58 70 75 65 9 37 25 5 54 58 73 42 2 21 60 19 59 14 46 95 46 10 33 41 56 77 19 8 94 37 82 90 52 1 39 9 5 50 33 80 48 10 1 81 96 10 59 30 46 43 16 97 74 12 7 63 57 67 12 92 19 87 73 70 42 23 80 54 98 64 25 14 11 16 81 40 16 20 67 26 78 69 78 67 77 47 87 75 57 25 59 94 12 76 52 74 28 46 4 21 84 41 96 51 34 69 82 55 94 68 81 94 24 91 43 40 89 72 7 30 18 12 45 85 2 51 6 28 80 52 40 12 91 56 41 48 63 19 33 71 62 90 29 61 57 84 48 29 10 65 2 54 67 52 8 54 30 62 29 66 14 7 80 77 55 96 8 88 94 19 10 5 23 21 93 36 67 18 99 5 55 56 44 71 3 78 6 14 93 25 85 49 73 96 79 62 78 5 41 65 21 75 55 45 68 30 20 60 18 97 58 73 96 50 4 31 10 72 87 44 75 37 56 65 31 61 71 6 7 57 95 65 70 48 16 44 47 56 34 22 70 12 81 75 60 68 67 82 22 95 9 15 57 78 63 7 91 48 24 43 71 41 84 66 72 69 87 7 75 61 93 82 82 89 49 71 48 9 39 17 34 45 55 26 43 78 81 71 95 28 12 30 75 12 97 67 7 99 90 97 82 48 94 47 75 3 95 76 72 23 66 21 6 6 66 98 69 12 84 17 23 4 97 97 9 52 12 48 70 32 95 25 19 73 27 54 84 18 30 98 58 67 79 69 48 49 46 20 0 51 57 4 68 38 64 73 96 94 11 
94 34 80 16 30 69 8 79 43 8 58 97 30 99 95 81 69 18 15 21 74 97 58 2 90 90 69 94 73 60 63 76 34 80 71 71 87 5 89 47 10 23 10 76 47 75 67 85 85 55 45 8 80 82 62 28 68 35 60 96 15 52 30 12 71 79 27 10 23 62 28 84 41 16 26 10 23 78 81 59 52 46 53 93 86 17 32 80 33 67 49 27 66 79 16 50 60 30 38 34 53 48 15 51 40 71 71 73 6 13 95 42 12 89 86 94 91 73 73 21 40 59 16 68 75 15 84 78 7 41 23 75 3 5 88 83 83 32 57 30 52 93 88 39 69 74 96 19 88 4 4 71 16 49 41 19 9 37 93 20 3 41 42 64 73 68 28 7 92 17 95 23 12 77 54 62 77 5 66 24 67 65 96 61 51 37 11 2 41 53 84 86 17 92 55 65 20 16 5 83 14 88 61 3 27 10 15 58 40 30 23 76 93 43 35 89 8 42 43 39 92 24 70 6 81 71 1 19 6 37 99 64 32 68 63 87 71 98 75 23 2 11 17 8 34 26 93 40 11 75 44 92 97 91 84 95 81 70 68 95 46 97 94 51 30 18 60 60 63 29 89 37 39 89 30 13 2 56 55 10 2 54 30 25 18 88 84 94 79 13 84 66 54 8 4 73 29 4 64 51 82 22 32 71 79 87 73 54 47 89 34 55 50 42 95 71 60 44 11 91 36 53 33 3 22 97 26 94 44 14 68 55 61 45 65 68 74 13 87 72 61 33 25 35 13 15 83 83 73 82 7 81 1 1 84 68 64 37 93 96 10 57 50 12 18 62 94 59 68 24 69 89 45 10 3 30 52 93 96 87 74 66 17 61 69 82 22 69 73 51 0 72 36 73 52 3 18 44 36 57 
77 39 76 68 90 21 3 62 3 54 54 75 8 57 87 26 13 31 90 93 6 90 55 51 58 77 12 38 82 52 77 29 83 56 62 39 41 6 18 17 99 70 25 52 59 11 24 79 90 17 53 84 76 57 90 14 76 90 61 45 58 91 28 72 58 79 84 47 22 32 73 80 86 46 50 14 7 41 95 17 67 50 98 66 74 44 26 91 70 80 39 4 35 19 27 27 90 73 63 12 78 40 82 80 84 83 4 49 62 48 43 5 74 83 80 2 42 18 47 64 99 2 65 94 69 35 70 77 24 72 25 64 76 40 8 27 25 4 83 3 7 92 5 59 56 93 51 89 81 80 57 10 54 52 32 34 16 63 69 23 62 68 97 6 74 90 85 72 36 61 28 80 71 34 4 20 7 85 65 68 13 65 46 63 41 63 85 10 19 1 18 7 34 5 72 78 94 48 30 60 73 23 76 87 49 82 47 15 54 88 49 92 44 34 94 87 27 46 87 53 95 5 60 43 14 45 79 84 51 93 45 90 61 37 38 53 64 39 24 4 85 24 60 81 55 58 38 8 72 80 65 33 75 98 67 93 97 1 88 66 22 22 92 3 33 88 15 22 63 89 3 82 35 33 42 83 35 51 45 75 65 62 25 34 57 60 44 11 5 36 44 50 11 54 2 14 96 48 23 62 18 68 13 78 81 20 85 52 30 35 90 28 55 84 75 4 94 85 76 24 50 86 67 42 26 1 55 66 8 31 76 10 2 11 2 69 27 41 57 58 59 51 51 30 81 4 5 50 53 46 4 57 75 46 94 97 56 81 42 50 75 26 64 91 98 15 40 79 34 64 23 68 66 15 5 39 22 23 73 92 57 62 80 17 40 49 55 22 77 57 72 0 36 87 40 31 24 53 86 85 
83 38 32 82 78 14 97 36 21 54 56 62 29 81 26 55 52 34 44 55 34 1 19 75 72 85 33 2 28 56 44 70 52 10 90 53 31 16 96 50 79 80 78 13 49 71 4 94 10 16 30 7 24 63 49 14 77 55 67 87 90 43 38 33 66 39 12 6 90 99 96 4 94 41 45 39 16 14 20 2 53 29 2 97 32 28 72 36 71 24 9 4 71 76 49 2 21 10 69 14 37 80 47 10 22 41 44 98 98 16 29 3 99 53 83 84 26 67 78 56 72 1 67 90 6 36 68 56 62 83 52 62 72 10 83 55 3 87 52 6 24 3 5 7 76 28 42 38 42 99 48 25 75 18 12 86 76 1 52 96 9 43 79 77 22 55 7 62 69 97 81 84 30 70 81 62 54 15 30 2 47 3 88 3 80 86 74 25 52 75 52 54 19 99 87 62 9 54 12 40 45 24 7 29 93 97 83 5 90 33 51 88 33 28 13 40 61 27 13 36 13 68 7 45 21 44 43 53 75 1 67 50 50 67 99 15 29 64 14 1 21 21 88 65 24 1 70 74 46 37 8 6 43 77 85 78 37 58 96 58 85 23 72 97 60 47 61 66 76 45 48 85 58 20 1 76 54 57 22 1 52 1 7 61 26 17 98 61 40 9 33 88 30 31 63 95 84 8 5 35 97 3 82 19 82 13 20 21 4 39 98 52 47 59 58 6 95 16 11 67 63 92 64 71 7 75 32 54 1 3 3 49 58 62 72 21 64 7 25 72 92 41 18 36 59 79 72 51 69 53 58 42 64 82 52 40 46 84 21 26 79 11 47 84 26 96 98 10 61 49 60 30 1 49 9 93 3 81 32 31 57 11 45 44 90 82 7 85 57 4 36 36 0 89 78 59 97 61 46 42 
12 44 77 60 11 57 21 59 57 68 3 86 7 15 97 19 23 58 7 61 75 24 98 9 29 11 48 97 79 13 71 56 13 95 78 23 14 79 81 96 47 60 45 54 43 72 55 53 41 55 81 7 57 6 55 60 82 75 78 48 80 34 90 87 65 32 94 77 91 38 54 66 45 55 86 97 44 17 27 1 32 92 35 45 97 75 99 69 81 66 35 89 39 51 73 47 5 26 67 7 29 3 40 97 57 71 3 29 74 5 18 85 66 61 4 81 42 82 32 96 61 78 72 82 6 40 67 56 54 9 89 40 25 11 76 62 31 68 16 76 11 78 4 88 95 74 63 63 94 32 79 1 52 75 3 29 44 47 93 10 25 78 32 32 91 18 99 28 57 49 72 88 77 26 64 19 41 21 52 77 26 8 33 22 92 42 56 51 94 10 94 9 72 3 78 30 98 90 40 2 91 14 34 15 60 19 25 30 97 27 49 1 67 21 90 59 28 80 78 73 94 48 39 79 93 90 66 89 14 14 77 81 68 88 42 14 30 93 54 72 88 80 10 96 34 97 92 71 12 63 38 46 19 59 41 3 63 14 58 33 35 24 6 59 90 83 64 33 62 73 28 12 65 90 23 90 93 21 50 71 68 21 29 52 76 72 32 27 48 96 16 2 79 49 16 42 71 58 80 67 67 85 81 90 68 99 69 42 94 96 91 13 22 84 23 8 44 40 33 96 85 18 66 30 41 63 52 37 20 37 62 62 65 92 72 37 10 84 56 95 4 40 13 63 90 12 35 85 12 80 38 97 49 98 20 77 85 16 29 85 41 98 49 30 46 92 71 57 77 51 94 20 18 22 12 76 32 30 90 6 93 56 3 74 76 21 5 86 21 68 73 87 89 0 33 35 43 70 23 58 
37 34 53 67 62 30 4 32 40 78 34 8 30 32 38 85 21 14 76 23 18 64 49 65 48 31 21 37 2 77 87 21 26 15 54 96 3 44 88 76 27 35 65 27 10 30 33 78 46 55 68 49 12 19 47 42 52 71 78 83 27 71 88 12 56 63 57 58 12 17 54 65 6 86 70 79 85 87 21 61 40 28 51 3 36 35 98 78 66 74 24 44 81 90 24 16 33 51 73 80 12 94 91 60 35 37 50 5 64 69 89 94 88 7 4 4 4 61 77 75 29 88 70 55 41 3 61 1 80 30 82 39 64 51 21 79 34 83 52 46 30 65 16 57 10 51 58 1 76 21 34 99 94 70 25 32 43 54 69 51 80 56 1 11 76 5 42 76 91 56 60 33 25 46 97 60 43 49 87 53 90 64 98 7 19 4 19 90 10 13 73 68 19 18 49 1 98 87 25 60 31 19 16 47 87 13 23 30 87 28 60 25 3 13 77 61 26 54 16 10 48 63 87 25 73 35 35 21 75 8 4 58 46 45 11 91 2 43 70 87 44 21 29 16 93 10 10 74 45 98 65 53 97 61 67 83 30 62 7 75 95 80 13 95 3 53 69 50 58 47 71 70 16 88 29 14 74 37 63 13 84 33 56 10 10 90 69 2 39 42 73 62 53 23 31 79 33 58 16 43 46 15 17 70 52 19 25 88 93 85 41 17 90 48 11 6 6 10 41 57 97 48 49 47 47 75 18 98 24 89 10 49 90 10 29 82 40 11 2 77 89 60 7 15 69 84 60 20 55 40 94 64 69 63 26 76 18 84 97 2 67 98 12 43 81 7 9 8 3 93 3 50 77 98 35 15 1 53 23 89 30 92 70 10 23 35 31 44 2 38 52 40 78 33 0 8 66 57 64 51 
17 96 39 16 17 29 86 31 38 13 45 54 98 20 7 45 94 3 37 30 9 24 27 70 5 95 62 97 34 39 17 86 78 78 75 2 93 54 23 9 64 30 40 60 6 74 21 55 3 44 82 55 18 63 23 98 60 26 76 20 5 1 19 27 57 34 93 65 5 67 98 96 88 79 22 28 90 47 99 48 44 48 86 40 12 35 38 93 19 49 57 28 43 86 84 21 63 13 91 73 36 22 43 31 37 22 6 31 51 80 31 87 53 94 79 22 1 6 70 87 17 23 52 11 16 76 31 61 74 36 65 18 75 10 58 46 27 76 75 54 85 84 33 84 14 70 91 29 79 27 57 41 58 66 89 1 61 94 3 94 34 74 42 23 68 22 20 36 8 85 87 72 79 27 16 18 57 33 84 29 45 41 79 2 26 87 16 62 77 1 17 16 31 23 94 88 1 71 13 57 1 77 56 79 15 26 77 57 99 45 66 66 55 34 10 42 76 58 90 10 3 8 91 7 18 64 66 28 78 69 18 56 29 43 77 47 18 56 27 23 38 71 90 50 56 15 42 72 35 89 40 94 8 83 47 20 97 99 65 87 82 36 30 97 24 51 31 68 21 45 25 53 24 33 62 77 85 17 86 60 10 71 2 49 92 25 21 43 44 87 24 61 17 4 89 63 19 76 94 59 64 63 87 5 97 90 20 50 81 80 79 76 52 73 33 6 92 24 37 98 88 57 49 38 48 81 45 38 72 87 53 46 58 3 93 28 54 19 32 32 93 17 63 7 76 12 53 20 44 37 90 66 68 58 1 39 90 35 68 68 18 41 47 5 2 82 11 24 21 66 60 88 88 72 35 92 68 35 90 38 78 28 78 66 84 76 41 59 30 64 3 31 59 35 8 0 68 88 81 53 
31 42 84 62 80 92 95 49 27 87 54 89 97 43 23 59 33 74 42 84 16 8 27 76 62 15 69 89 82 13 3 83 3 57 79 3 50 80 27 94 87 57 8 35 94 57 55 46 33 65 11 69 32 80 9 42 11 25 64 70 15 75 7 18 56 2 60 3 74 91 18 81 1 23 69 35 36 66 58 67 87 52 74 7 7 93 94 90 49 93 58 31 2 19 34 30 86 65 27 98 82 47 39 70 47 52 35 58 3 29 28 86 3 51 46 35 92 71 9 66 75 89 18 32 56 96 78 86 62 25 1 87 73 93 30 58 40 95 84 16 7 97 23 15 65 4 77 16 82 37 69 71 43 23 56 26 59 1 56 5 35 66 53 98 8 48 57 21 65 51 34 62 35 96 56 36 38 67 76 43 8 74 71 89 86 22 32 49 15 38 96 71 27 38 7 89 93 86 61 6 52 64 53 36 24 17 9 8 39 40 46 34 41 56 92 54 78 56 50 67 34 32 59 35 2 27 37 82 66 56 44 71 30 5 26 57 78 9 45 79 54 24 16 47 89 77 77 22 4 84 71 63 29 83 42 48 23 68 80 87 3 58 35 99 29 75 69 85 94 46 8 96 59 73 35 27 82 49 66 56 53 39 39 10 20 45 14 19 36 50 51 43 55 83 58 78 22 41 92 77 9 47 62 10 94 54 96 70 40 24 7 90 89 25 32 26 54 12 59 62 13 37 23 53 52 18 22 14 53 38 58 6 65 24 20 38 84 57 30 72 22 2 48 32 83 20 84 47 93 4 54 81 97 90 96 67 13 32 3 86 45 80 35 23 78 94 33 7 61 58 60 44 58 50 59 25 37 82 20 44 70 76 11 62 80 33 77 51 77 73 18 24 97 43 66 68 0 8 74 5 
85 72 81 65 75 55 36 31 22 86 38 62 95 32 30 71 91 35 22 30 30 29 25 97 52 14 22 49 17 11 55 42 50 72 69 73 3 5 11 80 3 52 96 96 77 41 50 79 26 56 91 21 42 96 53 17 75 69 3 25 2 15 23 40 4 27 50 99 29 79 41 81 84 69 97 87 69 90 51 52 55 33 91 50 42 29 62 9 29 42 14 28 91 44 82 56 69 4 26 61 20 9 42 44 63 31 3 47 57 98 72 74 39 84 83 72 95 79 7 78 30 14 8 93 69 24 83 14 91 72 59 16 23 21 79 71 22 39 9 66 58 66 9 12 98 24 47 67 42 3 26 11 14 15 23 87 52 9 65 71 19 19 53 78 15 69 49 24 48 77 80 5 57 8 49 50 38 64 3 61 39 39 58 43 56 92 3 86 37 39 60 24 41 35 94 41 19 13 38 7 42 50 83 26 72 32 59 53 90 59 31 45 69 65 61 10 21 19 6 92 75 82 20 40 48 78 26 59 8 92 78 64 72 35 47 92 17 38 58 1 7 85 35 27 92 50 3 67 85 78 81 93 22 78 97 65 39 88 90 4 72 62 37 44 8 27 66 36 36 72 13 75 22 34 59 57 61 23 43 76 23 34 52 19 53 10 89 78 62 39 77 84 68 33 60 3 54 75 69 7 98 43 26 7 65 67 17 36 38 44 73 19 87 38 61 78 28 46 22 66 14 39 89 66 1 16 63 55 83 2 62 85 36 58 82 13 34 23 49 39 52 84 15 79 81 27 19 37 46 39 84 2 88 42 68 47 26 27 48 60 59 77 98 70 32 16 15 62 94 88 6 41 17 24 74 63 11 86 39 33 16 29 66 75 94 15 5 72 59 96 44 53 61 70 57 88 8 0 2 10 
58 70 75 20 77 29 18 97 4 29 63 76 3 74 84 96 96 52 2 85 53 65 64 87 2 83 75 20 30 12 24 36 71 81 68 12 61 54 99 47 97 24 14 64 97 18 23 44 40 12 3 83 3 76 70 81 30 64 29 3 70 49 41 84 62 86 90 38 93 14 22 24 59 98 44 73 95 85 95 4 76 80 90 67 62 51 32 3 13 41 75 71 25 1 7 85 98 7 25 77 47 2 17 10 59 33 63 23 93 18 3 20 7 51 98 16 90 97 57 18 48 39 67 9 28 85 46 72 61 39 81 71 67 36 89 12 14 73 56 98 62 22 17 83 8 43 78 40 31 82 42 61 42 20 22 91 41 98 11 39 3 42 98 98 21 59 19 91 57 89 74 76 96 58 50 34 23 29 68 41 16 15 81 89 98 90 29 80 84 88 69 42 22 26 57 24 68 26 6 63 70 75 43 14 47 21 89 1 24 97 27 58 38 63 91 84 13 51 29 72 42 82 13 96 36 72 38 55 60 49 6 25 35 76 79 82 77 21 3 60 41 88 84 41 86 15 46 70 80 88 54 21 94 47 44 12 53 18 79 39 53 96 34 81 3 55 17 93 24 6 53 98 74 41 78 45 21 74 16 19 70 29 28 8 47 55 81 16 61 65 49 28 65 5 9 28 5 53 3 68 65 61 57 28 77 40 65 25 92 66 60 62 87 64 68 32 82 55 40 91 59 71 64 3 29 63 58 61 21 55 40 39 56 89 3 44 16 52 54 93 67 36 87 5 31 92 30 33 83 11 96 44 5 60 95 4 88 48 43 52 57 54 84 16 68 10 78 53 5 79 66 49 63 20 2 12 51 39 53 2 49 40 75 70 43 14 74 31 37 94 36 86 46 23 64 81 74 2 0 93 
36 71 71 45 98 64 18 97 63 14 74 69 89 28 32 49 2 16 85 61 17 49 33 14 91 25 91 75 9 47 2 77 23 72 46 73 85 52 89 6 46 69 64 17 16 26 83 4 15 68 70 18 59 39 62 87 40 99 79 48 5 19 46 92 61 91 70 21 36 40 82 61 90 65 95 87 90 99 7 32 78 18 5 1 5 43 36 63 38 90 22 28 74 6 29 66 3 86 21 91 11 67 95 62 85 20 11 28 33 12 17 45 72 9 15 34 78 19 73 76 13 37 37 63 17 83 46 90 40 55 11 78 94 84 73 45 81 78 69 2 21 24 73 95 73 63 2 83 1 50 16 49 46 19 24 93 63 13 74 46 96 12 97 98 88 5 43 88 65 88 91 13 82 66 26 34 87 10 45 99 19 38 49 80 62 75 84 93 6 83 42 98 97 11 7 51 44 71 19 42 91 71 52 98 78 94 75 47 21 22 10 58 19 93 30 23 27 90 1 11 46 63 94 77 42 61 25 71 4 37 6 97 48 16 61 75 5 17 57 65 22 42 94 99 22 27 74 16 3 67 50 77 77 95 75 9 42 29 41 35 78 9 15 23 83 76 63 44 8 49 20 85 40 60 83 14 61 15 45 26 83 32 84 80 40 73 42 82 43 97 94 94 38 94 26 21 7 32 99 19 13 83 2 78 16 25 97 99 24 61 1 53 40 18 50 26 70 56 53 35 47 55 76 22 18 86 80 62 36 50 68 49 52 95 79 65 14 81 50 62 34 83 31 67 18 56 73 89 29 15 30 36 63 65 48 62 15 6 78 86 10 18 14 81 69 34 49 15 65 43 81 90 54 1 38 76 25 12 22 93 23 93 8 59 16 44 86 30 3 11 57 85 42 58 51 53 5 10 93 0 
